ISO-10303-21;
HEADER;
FILE_DESCRIPTION(('KiCad electronic assembly'),'2;1');
FILE_NAME('piezo-jfet.step','2026-02-26T14:54:28',('Pcbnew'),('Kicad'),
  'Open CASCADE STEP processor 7.8','KiCad to STEP converter','Unknown'
  );
FILE_SCHEMA(('AUTOMOTIVE_DESIGN { 1 0 10303 214 1 1 1 1 }'));
ENDSEC;
DATA;
#1 = APPLICATION_PROTOCOL_DEFINITION('international standard',
  'automotive_design',2000,#2);
#2 = APPLICATION_CONTEXT(
  'core data for automotive mechanical design processes');
#3 = SHAPE_DEFINITION_REPRESENTATION(#4,#10);
#4 = PRODUCT_DEFINITION_SHAPE('','',#5);
#5 = PRODUCT_DEFINITION('design','',#6,#9);
#6 = PRODUCT_DEFINITION_FORMATION('','',#7);
#7 = PRODUCT('piezo-jfet 1','piezo-jfet 1','',(#8));
#8 = PRODUCT_CONTEXT('',#2,'mechanical');
#9 = PRODUCT_DEFINITION_CONTEXT('part definition',#2,'design');
#10 = SHAPE_REPRESENTATION('',(#11,#15,#19,#23,#27,#31,#35,#39,#43,#47,
    #51,#55,#59,#63,#67,#71,#75,#79),#83);
#11 = AXIS2_PLACEMENT_3D('',#12,#13,#14);
#12 = CARTESIAN_POINT('',(0.,0.,0.));
#13 = DIRECTION('',(0.,0.,1.));
#14 = DIRECTION('',(1.,0.,-0.));
#15 = AXIS2_PLACEMENT_3D('',#16,#17,#18);
#16 = CARTESIAN_POINT('',(6.65,14.25,0.795));
#17 = DIRECTION('',(-0.,0.,1.));
#18 = DIRECTION('',(1.110223024625E-16,-1.,0.));
#19 = AXIS2_PLACEMENT_3D('',#20,#21,#22);
#20 = CARTESIAN_POINT('',(9.65,18.,0.795));
#21 = DIRECTION('',(0.,0.,1.));
#22 = DIRECTION('',(-1.,1.224646799147E-16,0.));
#23 = AXIS2_PLACEMENT_3D('',#24,#25,#26);
#24 = CARTESIAN_POINT('',(6.65,17.65,0.795));
#25 = DIRECTION('',(0.,-0.,1.));
#26 = DIRECTION('',(1.110223024625E-16,1.,0.));
#27 = AXIS2_PLACEMENT_3D('',#28,#29,#30);
#28 = CARTESIAN_POINT('',(9.8,16.5,0.795));
#29 = DIRECTION('',(0.,0.,1.));
#30 = DIRECTION('',(-1.,1.224646799147E-16,0.));
#31 = AXIS2_PLACEMENT_3D('',#32,#33,#34);
#32 = CARTESIAN_POINT('',(5.55,17.65,0.795));
#33 = DIRECTION('',(0.,-0.,1.));
#34 = DIRECTION('',(1.110223024625E-16,1.,0.));
#35 = AXIS2_PLACEMENT_3D('',#36,#37,#38);
#36 = CARTESIAN_POINT('',(9.3,11.5,0.795));
#37 = DIRECTION('',(0.,-0.,1.));
#38 = DIRECTION('',(1.110223024625E-16,1.,0.));
#39 = AXIS2_PLACEMENT_3D('',#40,#41,#42);
#40 = CARTESIAN_POINT('',(12.05,16.8,0.795));
#41 = DIRECTION('',(0.,-0.,1.));
#42 = DIRECTION('',(1.110223024625E-16,1.,0.));
#43 = AXIS2_PLACEMENT_3D('',#44,#45,#46);
#44 = CARTESIAN_POINT('',(10.45,11.5,0.795));
#45 = DIRECTION('',(0.,-0.,1.));
#46 = DIRECTION('',(1.110223024625E-16,1.,0.));
#47 = AXIS2_PLACEMENT_3D('',#48,#49,#50);
#48 = CARTESIAN_POINT('',(14.6875,17.75,0.795));
#49 = DIRECTION('',(0.,-0.,1.));
#50 = DIRECTION('',(1.110223024625E-16,1.,0.));
#51 = AXIS2_PLACEMENT_3D('',#52,#53,#54);
#52 = CARTESIAN_POINT('',(11.6,11.5,0.795));
#53 = DIRECTION('',(0.,-0.,1.));
#54 = DIRECTION('',(1.110223024625E-16,1.,0.));
#55 = AXIS2_PLACEMENT_3D('',#56,#57,#58);
#56 = CARTESIAN_POINT('',(7.,11.35,0.795));
#57 = DIRECTION('',(0.,0.,1.));
#58 = DIRECTION('',(1.,0.,0.));
#59 = AXIS2_PLACEMENT_3D('',#60,#61,#62);
#60 = CARTESIAN_POINT('',(7.25,8.85,0.795));
#61 = DIRECTION('',(-0.,0.,1.));
#62 = DIRECTION('',(1.110223024625E-16,-1.,0.));
#63 = AXIS2_PLACEMENT_3D('',#64,#65,#66);
#64 = CARTESIAN_POINT('',(12.15,18.35,0.795));
#65 = DIRECTION('',(0.,0.,1.));
#66 = DIRECTION('',(-1.,1.224646799147E-16,0.));
#67 = AXIS2_PLACEMENT_3D('',#68,#69,#70);
#68 = CARTESIAN_POINT('',(10.4375,14.25,0.795));
#69 = DIRECTION('',(0.,0.,1.));
#70 = DIRECTION('',(1.,0.,0.));
#71 = AXIS2_PLACEMENT_3D('',#72,#73,#74);
#72 = CARTESIAN_POINT('',(14.45,14.15,0.795));
#73 = DIRECTION('',(0.,-0.,1.));
#74 = DIRECTION('',(1.110223024625E-16,1.,0.));
#75 = AXIS2_PLACEMENT_3D('',#76,#77,#78);
#76 = CARTESIAN_POINT('',(13.25,8.75,0.795));
#77 = DIRECTION('',(0.,0.,1.));
#78 = DIRECTION('',(-1.,1.224646799147E-16,0.));
#79 = AXIS2_PLACEMENT_3D('',#80,#81,#82);
#80 = CARTESIAN_POINT('',(0.,0.,0.));
#81 = DIRECTION('',(0.,0.,1.));
#82 = DIRECTION('',(1.,0.,-0.));
#83 = ( GEOMETRIC_REPRESENTATION_CONTEXT(3) 
GLOBAL_UNCERTAINTY_ASSIGNED_CONTEXT((#87)) GLOBAL_UNIT_ASSIGNED_CONTEXT(
(#84,#85,#86)) REPRESENTATION_CONTEXT('Context #1',
  '3D Context with UNIT and UNCERTAINTY') );
#84 = ( LENGTH_UNIT() NAMED_UNIT(*) SI_UNIT(.MILLI.,.METRE.) );
#85 = ( NAMED_UNIT(*) PLANE_ANGLE_UNIT() SI_UNIT($,.RADIAN.) );
#86 = ( NAMED_UNIT(*) SI_UNIT($,.STERADIAN.) SOLID_ANGLE_UNIT() );
#87 = UNCERTAINTY_MEASURE_WITH_UNIT(LENGTH_MEASURE(1.E-07),#84,
  'distance_accuracy_value','confusion accuracy');
#88 = PRODUCT_RELATED_PRODUCT_CATEGORY('part',$,(#7));
#89 = SHAPE_DEFINITION_REPRESENTATION(#90,#96);
#90 = PRODUCT_DEFINITION_SHAPE('','',#91);
#91 = PRODUCT_DEFINITION('design','',#92,#95);
#92 = PRODUCT_DEFINITION_FORMATION('','',#93);
#93 = PRODUCT('C_1210_3225Metric','C_1210_3225Metric','',(#94));
#94 = PRODUCT_CONTEXT('',#2,'mechanical');
#95 = PRODUCT_DEFINITION_CONTEXT('part definition',#2,'design');
#96 = ADVANCED_BREP_SHAPE_REPRESENTATION('',(#11,#97),#951);
#97 = MANIFOLD_SOLID_BREP('',#98);
#98 = CLOSED_SHELL('',(#99,#175,#206,#231,#256,#280,#304,#329,#354,#371,
    #457,#489,#513,#538,#562,#587,#611,#636,#653,#739,#770,#795,#820,
    #844,#868,#893,#918,#935));
#99 = ADVANCED_FACE('',(#100),#170,.F.);
#100 = FACE_BOUND('',#101,.F.);
#101 = EDGE_LOOP('',(#102,#112,#121,#129,#138,#146,#155,#163));
#102 = ORIENTED_EDGE('',*,*,#103,.F.);
#103 = EDGE_CURVE('',#104,#106,#108,.T.);
#104 = VERTEX_POINT('',#105);
#105 = CARTESIAN_POINT('',(-1.6,-1.25,4.E-02));
#106 = VERTEX_POINT('',#107);
#107 = CARTESIAN_POINT('',(-1.6,-1.25,2.46));
#108 = LINE('',#109,#110);
#109 = CARTESIAN_POINT('',(-1.6,-1.25,0.));
#110 = VECTOR('',#111,1.);
#111 = DIRECTION('',(0.,0.,1.));
#112 = ORIENTED_EDGE('',*,*,#113,.T.);
#113 = EDGE_CURVE('',#104,#114,#116,.T.);
#114 = VERTEX_POINT('',#115);
#115 = CARTESIAN_POINT('',(-1.6,-1.21,0.));
#116 = CIRCLE('',#117,4.E-02);
#117 = AXIS2_PLACEMENT_3D('',#118,#119,#120);
#118 = CARTESIAN_POINT('',(-1.6,-1.21,4.E-02));
#119 = DIRECTION('',(1.,0.,-0.));
#120 = DIRECTION('',(0.,0.,1.));
#121 = ORIENTED_EDGE('',*,*,#122,.T.);
#122 = EDGE_CURVE('',#114,#123,#125,.T.);
#123 = VERTEX_POINT('',#124);
#124 = CARTESIAN_POINT('',(-1.6,1.21,0.));
#125 = LINE('',#126,#127);
#126 = CARTESIAN_POINT('',(-1.6,-1.25,0.));
#127 = VECTOR('',#128,1.);
#128 = DIRECTION('',(0.,1.,0.));
#129 = ORIENTED_EDGE('',*,*,#130,.F.);
#130 = EDGE_CURVE('',#131,#123,#133,.T.);
#131 = VERTEX_POINT('',#132);
#132 = CARTESIAN_POINT('',(-1.6,1.25,4.E-02));
#133 = CIRCLE('',#134,4.E-02);
#134 = AXIS2_PLACEMENT_3D('',#135,#136,#137);
#135 = CARTESIAN_POINT('',(-1.6,1.21,4.E-02));
#136 = DIRECTION('',(-1.,0.,0.));
#137 = DIRECTION('',(0.,0.,1.));
#138 = ORIENTED_EDGE('',*,*,#139,.T.);
#139 = EDGE_CURVE('',#131,#140,#142,.T.);
#140 = VERTEX_POINT('',#141);
#141 = CARTESIAN_POINT('',(-1.6,1.25,2.46));
#142 = LINE('',#143,#144);
#143 = CARTESIAN_POINT('',(-1.6,1.25,0.));
#144 = VECTOR('',#145,1.);
#145 = DIRECTION('',(0.,0.,1.));
#146 = ORIENTED_EDGE('',*,*,#147,.T.);
#147 = EDGE_CURVE('',#140,#148,#150,.T.);
#148 = VERTEX_POINT('',#149);
#149 = CARTESIAN_POINT('',(-1.6,1.21,2.5));
#150 = CIRCLE('',#151,4.E-02);
#151 = AXIS2_PLACEMENT_3D('',#152,#153,#154);
#152 = CARTESIAN_POINT('',(-1.6,1.21,2.46));
#153 = DIRECTION('',(1.,0.,-0.));
#154 = DIRECTION('',(0.,0.,1.));
#155 = ORIENTED_EDGE('',*,*,#156,.F.);
#156 = EDGE_CURVE('',#157,#148,#159,.T.);
#157 = VERTEX_POINT('',#158);
#158 = CARTESIAN_POINT('',(-1.6,-1.21,2.5));
#159 = LINE('',#160,#161);
#160 = CARTESIAN_POINT('',(-1.6,-1.25,2.5));
#161 = VECTOR('',#162,1.);
#162 = DIRECTION('',(0.,1.,0.));
#163 = ORIENTED_EDGE('',*,*,#164,.F.);
#164 = EDGE_CURVE('',#106,#157,#165,.T.);
#165 = CIRCLE('',#166,4.E-02);
#166 = AXIS2_PLACEMENT_3D('',#167,#168,#169);
#167 = CARTESIAN_POINT('',(-1.6,-1.21,2.46));
#168 = DIRECTION('',(-1.,0.,0.));
#169 = DIRECTION('',(0.,0.,1.));
#170 = PLANE('',#171);
#171 = AXIS2_PLACEMENT_3D('',#172,#173,#174);
#172 = CARTESIAN_POINT('',(-1.6,-1.25,0.));
#173 = DIRECTION('',(1.,0.,0.));
#174 = DIRECTION('',(0.,0.,1.));
#175 = ADVANCED_FACE('',(#176),#201,.F.);
#176 = FACE_BOUND('',#177,.F.);
#177 = EDGE_LOOP('',(#178,#188,#194,#195));
#178 = ORIENTED_EDGE('',*,*,#179,.F.);
#179 = EDGE_CURVE('',#180,#182,#184,.T.);
#180 = VERTEX_POINT('',#181);
#181 = CARTESIAN_POINT('',(-1.2,-1.25,4.E-02));
#182 = VERTEX_POINT('',#183);
#183 = CARTESIAN_POINT('',(-1.2,-1.25,2.46));
#184 = LINE('',#185,#186);
#185 = CARTESIAN_POINT('',(-1.2,-1.25,0.));
#186 = VECTOR('',#187,1.);
#187 = DIRECTION('',(0.,0.,1.));
#188 = ORIENTED_EDGE('',*,*,#189,.F.);
#189 = EDGE_CURVE('',#104,#180,#190,.T.);
#190 = LINE('',#191,#192);
#191 = CARTESIAN_POINT('',(-1.6,-1.25,4.E-02));
#192 = VECTOR('',#193,1.);
#193 = DIRECTION('',(1.,0.,0.));
#194 = ORIENTED_EDGE('',*,*,#103,.T.);
#195 = ORIENTED_EDGE('',*,*,#196,.T.);
#196 = EDGE_CURVE('',#106,#182,#197,.T.);
#197 = LINE('',#198,#199);
#198 = CARTESIAN_POINT('',(-1.6,-1.25,2.46));
#199 = VECTOR('',#200,1.);
#200 = DIRECTION('',(1.,0.,0.));
#201 = PLANE('',#202);
#202 = AXIS2_PLACEMENT_3D('',#203,#204,#205);
#203 = CARTESIAN_POINT('',(-1.6,-1.25,0.));
#204 = DIRECTION('',(0.,1.,0.));
#205 = DIRECTION('',(0.,-0.,1.));
#206 = ADVANCED_FACE('',(#207),#226,.T.);
#207 = FACE_BOUND('',#208,.T.);
#208 = EDGE_LOOP('',(#209,#210,#218,#225));
#209 = ORIENTED_EDGE('',*,*,#113,.T.);
#210 = ORIENTED_EDGE('',*,*,#211,.T.);
#211 = EDGE_CURVE('',#114,#212,#214,.T.);
#212 = VERTEX_POINT('',#213);
#213 = CARTESIAN_POINT('',(-1.2,-1.21,0.));
#214 = LINE('',#215,#216);
#215 = CARTESIAN_POINT('',(-1.6,-1.21,0.));
#216 = VECTOR('',#217,1.);
#217 = DIRECTION('',(1.,0.,0.));
#218 = ORIENTED_EDGE('',*,*,#219,.F.);
#219 = EDGE_CURVE('',#180,#212,#220,.T.);
#220 = CIRCLE('',#221,4.E-02);
#221 = AXIS2_PLACEMENT_3D('',#222,#223,#224);
#222 = CARTESIAN_POINT('',(-1.2,-1.21,4.E-02));
#223 = DIRECTION('',(1.,0.,-0.));
#224 = DIRECTION('',(0.,0.,1.));
#225 = ORIENTED_EDGE('',*,*,#189,.F.);
#226 = CYLINDRICAL_SURFACE('',#227,4.E-02);
#227 = AXIS2_PLACEMENT_3D('',#228,#229,#230);
#228 = CARTESIAN_POINT('',(-1.6,-1.21,4.E-02));
#229 = DIRECTION('',(1.,0.,0.));
#230 = DIRECTION('',(0.,-1.,0.));
#231 = ADVANCED_FACE('',(#232),#251,.T.);
#232 = FACE_BOUND('',#233,.T.);
#233 = EDGE_LOOP('',(#234,#235,#244,#250));
#234 = ORIENTED_EDGE('',*,*,#196,.T.);
#235 = ORIENTED_EDGE('',*,*,#236,.T.);
#236 = EDGE_CURVE('',#182,#237,#239,.T.);
#237 = VERTEX_POINT('',#238);
#238 = CARTESIAN_POINT('',(-1.2,-1.21,2.5));
#239 = CIRCLE('',#240,4.E-02);
#240 = AXIS2_PLACEMENT_3D('',#241,#242,#243);
#241 = CARTESIAN_POINT('',(-1.2,-1.21,2.46));
#242 = DIRECTION('',(-1.,0.,0.));
#243 = DIRECTION('',(0.,0.,1.));
#244 = ORIENTED_EDGE('',*,*,#245,.F.);
#245 = EDGE_CURVE('',#157,#237,#246,.T.);
#246 = LINE('',#247,#248);
#247 = CARTESIAN_POINT('',(-1.6,-1.21,2.5));
#248 = VECTOR('',#249,1.);
#249 = DIRECTION('',(1.,0.,0.));
#250 = ORIENTED_EDGE('',*,*,#164,.F.);
#251 = CYLINDRICAL_SURFACE('',#252,4.E-02);
#252 = AXIS2_PLACEMENT_3D('',#253,#254,#255);
#253 = CARTESIAN_POINT('',(-1.6,-1.21,2.46));
#254 = DIRECTION('',(1.,0.,0.));
#255 = DIRECTION('',(0.,-1.,0.));
#256 = ADVANCED_FACE('',(#257),#275,.F.);
#257 = FACE_BOUND('',#258,.F.);
#258 = EDGE_LOOP('',(#259,#260,#261,#269));
#259 = ORIENTED_EDGE('',*,*,#122,.F.);
#260 = ORIENTED_EDGE('',*,*,#211,.T.);
#261 = ORIENTED_EDGE('',*,*,#262,.T.);
#262 = EDGE_CURVE('',#212,#263,#265,.T.);
#263 = VERTEX_POINT('',#264);
#264 = CARTESIAN_POINT('',(-1.2,1.21,0.));
#265 = LINE('',#266,#267);
#266 = CARTESIAN_POINT('',(-1.2,-1.25,0.));
#267 = VECTOR('',#268,1.);
#268 = DIRECTION('',(0.,1.,0.));
#269 = ORIENTED_EDGE('',*,*,#270,.F.);
#270 = EDGE_CURVE('',#123,#263,#271,.T.);
#271 = LINE('',#272,#273);
#272 = CARTESIAN_POINT('',(-1.6,1.21,0.));
#273 = VECTOR('',#274,1.);
#274 = DIRECTION('',(1.,0.,0.));
#275 = PLANE('',#276);
#276 = AXIS2_PLACEMENT_3D('',#277,#278,#279);
#277 = CARTESIAN_POINT('',(-1.6,-1.25,0.));
#278 = DIRECTION('',(0.,0.,1.));
#279 = DIRECTION('',(1.,0.,-0.));
#280 = ADVANCED_FACE('',(#281),#299,.T.);
#281 = FACE_BOUND('',#282,.T.);
#282 = EDGE_LOOP('',(#283,#284,#285,#293));
#283 = ORIENTED_EDGE('',*,*,#156,.F.);
#284 = ORIENTED_EDGE('',*,*,#245,.T.);
#285 = ORIENTED_EDGE('',*,*,#286,.T.);
#286 = EDGE_CURVE('',#237,#287,#289,.T.);
#287 = VERTEX_POINT('',#288);
#288 = CARTESIAN_POINT('',(-1.2,1.21,2.5));
#289 = LINE('',#290,#291);
#290 = CARTESIAN_POINT('',(-1.2,-1.25,2.5));
#291 = VECTOR('',#292,1.);
#292 = DIRECTION('',(0.,1.,0.));
#293 = ORIENTED_EDGE('',*,*,#294,.F.);
#294 = EDGE_CURVE('',#148,#287,#295,.T.);
#295 = LINE('',#296,#297);
#296 = CARTESIAN_POINT('',(-1.6,1.21,2.5));
#297 = VECTOR('',#298,1.);
#298 = DIRECTION('',(1.,0.,0.));
#299 = PLANE('',#300);
#300 = AXIS2_PLACEMENT_3D('',#301,#302,#303);
#301 = CARTESIAN_POINT('',(-1.6,-1.25,2.5));
#302 = DIRECTION('',(0.,0.,1.));
#303 = DIRECTION('',(1.,0.,-0.));
#304 = ADVANCED_FACE('',(#305),#324,.T.);
#305 = FACE_BOUND('',#306,.T.);
#306 = EDGE_LOOP('',(#307,#315,#322,#323));
#307 = ORIENTED_EDGE('',*,*,#308,.T.);
#308 = EDGE_CURVE('',#131,#309,#311,.T.);
#309 = VERTEX_POINT('',#310);
#310 = CARTESIAN_POINT('',(-1.2,1.25,4.E-02));
#311 = LINE('',#312,#313);
#312 = CARTESIAN_POINT('',(-1.6,1.25,4.E-02));
#313 = VECTOR('',#314,1.);
#314 = DIRECTION('',(1.,0.,0.));
#315 = ORIENTED_EDGE('',*,*,#316,.T.);
#316 = EDGE_CURVE('',#309,#263,#317,.T.);
#317 = CIRCLE('',#318,4.E-02);
#318 = AXIS2_PLACEMENT_3D('',#319,#320,#321);
#319 = CARTESIAN_POINT('',(-1.2,1.21,4.E-02));
#320 = DIRECTION('',(-1.,0.,0.));
#321 = DIRECTION('',(0.,0.,1.));
#322 = ORIENTED_EDGE('',*,*,#270,.F.);
#323 = ORIENTED_EDGE('',*,*,#130,.F.);
#324 = CYLINDRICAL_SURFACE('',#325,4.E-02);
#325 = AXIS2_PLACEMENT_3D('',#326,#327,#328);
#326 = CARTESIAN_POINT('',(-1.6,1.21,4.E-02));
#327 = DIRECTION('',(1.,0.,0.));
#328 = DIRECTION('',(-0.,1.,0.));
#329 = ADVANCED_FACE('',(#330),#349,.T.);
#330 = FACE_BOUND('',#331,.T.);
#331 = EDGE_LOOP('',(#332,#333,#334,#343));
#332 = ORIENTED_EDGE('',*,*,#147,.T.);
#333 = ORIENTED_EDGE('',*,*,#294,.T.);
#334 = ORIENTED_EDGE('',*,*,#335,.F.);
#335 = EDGE_CURVE('',#336,#287,#338,.T.);
#336 = VERTEX_POINT('',#337);
#337 = CARTESIAN_POINT('',(-1.2,1.25,2.46));
#338 = CIRCLE('',#339,4.E-02);
#339 = AXIS2_PLACEMENT_3D('',#340,#341,#342);
#340 = CARTESIAN_POINT('',(-1.2,1.21,2.46));
#341 = DIRECTION('',(1.,0.,-0.));
#342 = DIRECTION('',(0.,0.,1.));
#343 = ORIENTED_EDGE('',*,*,#344,.F.);
#344 = EDGE_CURVE('',#140,#336,#345,.T.);
#345 = LINE('',#346,#347);
#346 = CARTESIAN_POINT('',(-1.6,1.25,2.46));
#347 = VECTOR('',#348,1.);
#348 = DIRECTION('',(1.,0.,0.));
#349 = CYLINDRICAL_SURFACE('',#350,4.E-02);
#350 = AXIS2_PLACEMENT_3D('',#351,#352,#353);
#351 = CARTESIAN_POINT('',(-1.6,1.21,2.46));
#352 = DIRECTION('',(1.,0.,0.));
#353 = DIRECTION('',(-0.,1.,0.));
#354 = ADVANCED_FACE('',(#355),#366,.T.);
#355 = FACE_BOUND('',#356,.T.);
#356 = EDGE_LOOP('',(#357,#363,#364,#365));
#357 = ORIENTED_EDGE('',*,*,#358,.F.);
#358 = EDGE_CURVE('',#309,#336,#359,.T.);
#359 = LINE('',#360,#361);
#360 = CARTESIAN_POINT('',(-1.2,1.25,0.));
#361 = VECTOR('',#362,1.);
#362 = DIRECTION('',(0.,0.,1.));
#363 = ORIENTED_EDGE('',*,*,#308,.F.);
#364 = ORIENTED_EDGE('',*,*,#139,.T.);
#365 = ORIENTED_EDGE('',*,*,#344,.T.);
#366 = PLANE('',#367);
#367 = AXIS2_PLACEMENT_3D('',#368,#369,#370);
#368 = CARTESIAN_POINT('',(-1.6,1.25,0.));
#369 = DIRECTION('',(0.,1.,0.));
#370 = DIRECTION('',(0.,-0.,1.));
#371 = ADVANCED_FACE('',(#372,#382),#452,.T.);
#372 = FACE_BOUND('',#373,.T.);
#373 = EDGE_LOOP('',(#374,#375,#376,#377,#378,#379,#380,#381));
#374 = ORIENTED_EDGE('',*,*,#179,.F.);
#375 = ORIENTED_EDGE('',*,*,#219,.T.);
#376 = ORIENTED_EDGE('',*,*,#262,.T.);
#377 = ORIENTED_EDGE('',*,*,#316,.F.);
#378 = ORIENTED_EDGE('',*,*,#358,.T.);
#379 = ORIENTED_EDGE('',*,*,#335,.T.);
#380 = ORIENTED_EDGE('',*,*,#286,.F.);
#381 = ORIENTED_EDGE('',*,*,#236,.F.);
#382 = FACE_BOUND('',#383,.T.);
#383 = EDGE_LOOP('',(#384,#395,#403,#412,#420,#429,#437,#446));
#384 = ORIENTED_EDGE('',*,*,#385,.F.);
#385 = EDGE_CURVE('',#386,#388,#390,.T.);
#386 = VERTEX_POINT('',#387);
#387 = CARTESIAN_POINT('',(-1.2,-1.21,8.E-02));
#388 = VERTEX_POINT('',#389);
#389 = CARTESIAN_POINT('',(-1.2,-1.17,4.E-02));
#390 = CIRCLE('',#391,4.E-02);
#391 = AXIS2_PLACEMENT_3D('',#392,#393,#394);
#392 = CARTESIAN_POINT('',(-1.2,-1.17,8.E-02));
#393 = DIRECTION('',(1.,0.,-0.));
#394 = DIRECTION('',(0.,0.,1.));
#395 = ORIENTED_EDGE('',*,*,#396,.T.);
#396 = EDGE_CURVE('',#386,#397,#399,.T.);
#397 = VERTEX_POINT('',#398);
#398 = CARTESIAN_POINT('',(-1.2,-1.21,2.42));
#399 = LINE('',#400,#401);
#400 = CARTESIAN_POINT('',(-1.2,-1.21,4.E-02));
#401 = VECTOR('',#402,1.);
#402 = DIRECTION('',(0.,0.,1.));
#403 = ORIENTED_EDGE('',*,*,#404,.T.);
#404 = EDGE_CURVE('',#397,#405,#407,.T.);
#405 = VERTEX_POINT('',#406);
#406 = CARTESIAN_POINT('',(-1.2,-1.17,2.46));
#407 = CIRCLE('',#408,4.E-02);
#408 = AXIS2_PLACEMENT_3D('',#409,#410,#411);
#409 = CARTESIAN_POINT('',(-1.2,-1.17,2.42));
#410 = DIRECTION('',(-1.,0.,0.));
#411 = DIRECTION('',(0.,0.,1.));
#412 = ORIENTED_EDGE('',*,*,#413,.T.);
#413 = EDGE_CURVE('',#405,#414,#416,.T.);
#414 = VERTEX_POINT('',#415);
#415 = CARTESIAN_POINT('',(-1.2,1.17,2.46));
#416 = LINE('',#417,#418);
#417 = CARTESIAN_POINT('',(-1.2,-1.21,2.46));
#418 = VECTOR('',#419,1.);
#419 = DIRECTION('',(0.,1.,0.));
#420 = ORIENTED_EDGE('',*,*,#421,.F.);
#421 = EDGE_CURVE('',#422,#414,#424,.T.);
#422 = VERTEX_POINT('',#423);
#423 = CARTESIAN_POINT('',(-1.2,1.21,2.42));
#424 = CIRCLE('',#425,4.E-02);
#425 = AXIS2_PLACEMENT_3D('',#426,#427,#428);
#426 = CARTESIAN_POINT('',(-1.2,1.17,2.42));
#427 = DIRECTION('',(1.,0.,-0.));
#428 = DIRECTION('',(0.,0.,1.));
#429 = ORIENTED_EDGE('',*,*,#430,.F.);
#430 = EDGE_CURVE('',#431,#422,#433,.T.);
#431 = VERTEX_POINT('',#432);
#432 = CARTESIAN_POINT('',(-1.2,1.21,8.E-02));
#433 = LINE('',#434,#435);
#434 = CARTESIAN_POINT('',(-1.2,1.21,4.E-02));
#435 = VECTOR('',#436,1.);
#436 = DIRECTION('',(0.,0.,1.));
#437 = ORIENTED_EDGE('',*,*,#438,.T.);
#438 = EDGE_CURVE('',#431,#439,#441,.T.);
#439 = VERTEX_POINT('',#440);
#440 = CARTESIAN_POINT('',(-1.2,1.17,4.E-02));
#441 = CIRCLE('',#442,4.E-02);
#442 = AXIS2_PLACEMENT_3D('',#443,#444,#445);
#443 = CARTESIAN_POINT('',(-1.2,1.17,8.E-02));
#444 = DIRECTION('',(-1.,0.,0.));
#445 = DIRECTION('',(0.,0.,1.));
#446 = ORIENTED_EDGE('',*,*,#447,.F.);
#447 = EDGE_CURVE('',#388,#439,#448,.T.);
#448 = LINE('',#449,#450);
#449 = CARTESIAN_POINT('',(-1.2,-1.21,4.E-02));
#450 = VECTOR('',#451,1.);
#451 = DIRECTION('',(0.,1.,0.));
#452 = PLANE('',#453);
#453 = AXIS2_PLACEMENT_3D('',#454,#455,#456);
#454 = CARTESIAN_POINT('',(-1.2,-1.25,0.));
#455 = DIRECTION('',(1.,0.,0.));
#456 = DIRECTION('',(0.,0.,1.));
#457 = ADVANCED_FACE('',(#458),#484,.T.);
#458 = FACE_BOUND('',#459,.T.);
#459 = EDGE_LOOP('',(#460,#461,#469,#478));
#460 = ORIENTED_EDGE('',*,*,#385,.T.);
#461 = ORIENTED_EDGE('',*,*,#462,.T.);
#462 = EDGE_CURVE('',#388,#463,#465,.T.);
#463 = VERTEX_POINT('',#464);
#464 = CARTESIAN_POINT('',(1.2,-1.17,4.E-02));
#465 = LINE('',#466,#467);
#466 = CARTESIAN_POINT('',(-1.2,-1.17,4.E-02));
#467 = VECTOR('',#468,1.);
#468 = DIRECTION('',(1.,0.,0.));
#469 = ORIENTED_EDGE('',*,*,#470,.F.);
#470 = EDGE_CURVE('',#471,#463,#473,.T.);
#471 = VERTEX_POINT('',#472);
#472 = CARTESIAN_POINT('',(1.2,-1.21,8.E-02));
#473 = CIRCLE('',#474,4.E-02);
#474 = AXIS2_PLACEMENT_3D('',#475,#476,#477);
#475 = CARTESIAN_POINT('',(1.2,-1.17,8.E-02));
#476 = DIRECTION('',(1.,0.,-0.));
#477 = DIRECTION('',(0.,0.,1.));
#478 = ORIENTED_EDGE('',*,*,#479,.F.);
#479 = EDGE_CURVE('',#386,#471,#480,.T.);
#480 = LINE('',#481,#482);
#481 = CARTESIAN_POINT('',(-1.2,-1.21,8.E-02));
#482 = VECTOR('',#483,1.);
#483 = DIRECTION('',(1.,0.,0.));
#484 = CYLINDRICAL_SURFACE('',#485,4.E-02);
#485 = AXIS2_PLACEMENT_3D('',#486,#487,#488);
#486 = CARTESIAN_POINT('',(-1.2,-1.17,8.E-02));
#487 = DIRECTION('',(1.,0.,0.));
#488 = DIRECTION('',(0.,-1.,0.));
#489 = ADVANCED_FACE('',(#490),#508,.F.);
#490 = FACE_BOUND('',#491,.F.);
#491 = EDGE_LOOP('',(#492,#493,#494,#502));
#492 = ORIENTED_EDGE('',*,*,#447,.F.);
#493 = ORIENTED_EDGE('',*,*,#462,.T.);
#494 = ORIENTED_EDGE('',*,*,#495,.T.);
#495 = EDGE_CURVE('',#463,#496,#498,.T.);
#496 = VERTEX_POINT('',#497);
#497 = CARTESIAN_POINT('',(1.2,1.17,4.E-02));
#498 = LINE('',#499,#500);
#499 = CARTESIAN_POINT('',(1.2,-1.21,4.E-02));
#500 = VECTOR('',#501,1.);
#501 = DIRECTION('',(0.,1.,0.));
#502 = ORIENTED_EDGE('',*,*,#503,.F.);
#503 = EDGE_CURVE('',#439,#496,#504,.T.);
#504 = LINE('',#505,#506);
#505 = CARTESIAN_POINT('',(-1.2,1.17,4.E-02));
#506 = VECTOR('',#507,1.);
#507 = DIRECTION('',(1.,0.,0.));
#508 = PLANE('',#509);
#509 = AXIS2_PLACEMENT_3D('',#510,#511,#512);
#510 = CARTESIAN_POINT('',(-1.2,-1.21,4.E-02));
#511 = DIRECTION('',(0.,0.,1.));
#512 = DIRECTION('',(1.,0.,-0.));
#513 = ADVANCED_FACE('',(#514),#533,.T.);
#514 = FACE_BOUND('',#515,.T.);
#515 = EDGE_LOOP('',(#516,#524,#531,#532));
#516 = ORIENTED_EDGE('',*,*,#517,.T.);
#517 = EDGE_CURVE('',#431,#518,#520,.T.);
#518 = VERTEX_POINT('',#519);
#519 = CARTESIAN_POINT('',(1.2,1.21,8.E-02));
#520 = LINE('',#521,#522);
#521 = CARTESIAN_POINT('',(-1.2,1.21,8.E-02));
#522 = VECTOR('',#523,1.);
#523 = DIRECTION('',(1.,0.,0.));
#524 = ORIENTED_EDGE('',*,*,#525,.T.);
#525 = EDGE_CURVE('',#518,#496,#526,.T.);
#526 = CIRCLE('',#527,4.E-02);
#527 = AXIS2_PLACEMENT_3D('',#528,#529,#530);
#528 = CARTESIAN_POINT('',(1.2,1.17,8.E-02));
#529 = DIRECTION('',(-1.,0.,0.));
#530 = DIRECTION('',(0.,0.,1.));
#531 = ORIENTED_EDGE('',*,*,#503,.F.);
#532 = ORIENTED_EDGE('',*,*,#438,.F.);
#533 = CYLINDRICAL_SURFACE('',#534,4.E-02);
#534 = AXIS2_PLACEMENT_3D('',#535,#536,#537);
#535 = CARTESIAN_POINT('',(-1.2,1.17,8.E-02));
#536 = DIRECTION('',(1.,0.,0.));
#537 = DIRECTION('',(-0.,1.,0.));
#538 = ADVANCED_FACE('',(#539),#557,.T.);
#539 = FACE_BOUND('',#540,.T.);
#540 = EDGE_LOOP('',(#541,#549,#550,#551));
#541 = ORIENTED_EDGE('',*,*,#542,.F.);
#542 = EDGE_CURVE('',#518,#543,#545,.T.);
#543 = VERTEX_POINT('',#544);
#544 = CARTESIAN_POINT('',(1.2,1.21,2.42));
#545 = LINE('',#546,#547);
#546 = CARTESIAN_POINT('',(1.2,1.21,4.E-02));
#547 = VECTOR('',#548,1.);
#548 = DIRECTION('',(0.,0.,1.));
#549 = ORIENTED_EDGE('',*,*,#517,.F.);
#550 = ORIENTED_EDGE('',*,*,#430,.T.);
#551 = ORIENTED_EDGE('',*,*,#552,.T.);
#552 = EDGE_CURVE('',#422,#543,#553,.T.);
#553 = LINE('',#554,#555);
#554 = CARTESIAN_POINT('',(-1.2,1.21,2.42));
#555 = VECTOR('',#556,1.);
#556 = DIRECTION('',(1.,0.,0.));
#557 = PLANE('',#558);
#558 = AXIS2_PLACEMENT_3D('',#559,#560,#561);
#559 = CARTESIAN_POINT('',(-1.2,1.21,4.E-02));
#560 = DIRECTION('',(0.,1.,0.));
#561 = DIRECTION('',(0.,-0.,1.));
#562 = ADVANCED_FACE('',(#563),#582,.T.);
#563 = FACE_BOUND('',#564,.T.);
#564 = EDGE_LOOP('',(#565,#566,#574,#581));
#565 = ORIENTED_EDGE('',*,*,#421,.T.);
#566 = ORIENTED_EDGE('',*,*,#567,.T.);
#567 = EDGE_CURVE('',#414,#568,#570,.T.);
#568 = VERTEX_POINT('',#569);
#569 = CARTESIAN_POINT('',(1.2,1.17,2.46));
#570 = LINE('',#571,#572);
#571 = CARTESIAN_POINT('',(-1.2,1.17,2.46));
#572 = VECTOR('',#573,1.);
#573 = DIRECTION('',(1.,0.,0.));
#574 = ORIENTED_EDGE('',*,*,#575,.F.);
#575 = EDGE_CURVE('',#543,#568,#576,.T.);
#576 = CIRCLE('',#577,4.E-02);
#577 = AXIS2_PLACEMENT_3D('',#578,#579,#580);
#578 = CARTESIAN_POINT('',(1.2,1.17,2.42));
#579 = DIRECTION('',(1.,0.,-0.));
#580 = DIRECTION('',(0.,0.,1.));
#581 = ORIENTED_EDGE('',*,*,#552,.F.);
#582 = CYLINDRICAL_SURFACE('',#583,4.E-02);
#583 = AXIS2_PLACEMENT_3D('',#584,#585,#586);
#584 = CARTESIAN_POINT('',(-1.2,1.17,2.42));
#585 = DIRECTION('',(1.,0.,0.));
#586 = DIRECTION('',(-0.,1.,0.));
#587 = ADVANCED_FACE('',(#588),#606,.T.);
#588 = FACE_BOUND('',#589,.T.);
#589 = EDGE_LOOP('',(#590,#591,#599,#605));
#590 = ORIENTED_EDGE('',*,*,#413,.F.);
#591 = ORIENTED_EDGE('',*,*,#592,.T.);
#592 = EDGE_CURVE('',#405,#593,#595,.T.);
#593 = VERTEX_POINT('',#594);
#594 = CARTESIAN_POINT('',(1.2,-1.17,2.46));
#595 = LINE('',#596,#597);
#596 = CARTESIAN_POINT('',(-1.2,-1.17,2.46));
#597 = VECTOR('',#598,1.);
#598 = DIRECTION('',(1.,0.,0.));
#599 = ORIENTED_EDGE('',*,*,#600,.T.);
#600 = EDGE_CURVE('',#593,#568,#601,.T.);
#601 = LINE('',#602,#603);
#602 = CARTESIAN_POINT('',(1.2,-1.21,2.46));
#603 = VECTOR('',#604,1.);
#604 = DIRECTION('',(0.,1.,0.));
#605 = ORIENTED_EDGE('',*,*,#567,.F.);
#606 = PLANE('',#607);
#607 = AXIS2_PLACEMENT_3D('',#608,#609,#610);
#608 = CARTESIAN_POINT('',(-1.2,-1.21,2.46));
#609 = DIRECTION('',(0.,0.,1.));
#610 = DIRECTION('',(1.,0.,-0.));
#611 = ADVANCED_FACE('',(#612),#631,.T.);
#612 = FACE_BOUND('',#613,.T.);
#613 = EDGE_LOOP('',(#614,#622,#629,#630));
#614 = ORIENTED_EDGE('',*,*,#615,.T.);
#615 = EDGE_CURVE('',#397,#616,#618,.T.);
#616 = VERTEX_POINT('',#617);
#617 = CARTESIAN_POINT('',(1.2,-1.21,2.42));
#618 = LINE('',#619,#620);
#619 = CARTESIAN_POINT('',(-1.2,-1.21,2.42));
#620 = VECTOR('',#621,1.);
#621 = DIRECTION('',(1.,0.,0.));
#622 = ORIENTED_EDGE('',*,*,#623,.T.);
#623 = EDGE_CURVE('',#616,#593,#624,.T.);
#624 = CIRCLE('',#625,4.E-02);
#625 = AXIS2_PLACEMENT_3D('',#626,#627,#628);
#626 = CARTESIAN_POINT('',(1.2,-1.17,2.42));
#627 = DIRECTION('',(-1.,0.,0.));
#628 = DIRECTION('',(0.,0.,1.));
#629 = ORIENTED_EDGE('',*,*,#592,.F.);
#630 = ORIENTED_EDGE('',*,*,#404,.F.);
#631 = CYLINDRICAL_SURFACE('',#632,4.E-02);
#632 = AXIS2_PLACEMENT_3D('',#633,#634,#635);
#633 = CARTESIAN_POINT('',(-1.2,-1.17,2.42));
#634 = DIRECTION('',(1.,0.,0.));
#635 = DIRECTION('',(0.,-1.,0.));
#636 = ADVANCED_FACE('',(#637),#648,.F.);
#637 = FACE_BOUND('',#638,.F.);
#638 = EDGE_LOOP('',(#639,#645,#646,#647));
#639 = ORIENTED_EDGE('',*,*,#640,.F.);
#640 = EDGE_CURVE('',#471,#616,#641,.T.);
#641 = LINE('',#642,#643);
#642 = CARTESIAN_POINT('',(1.2,-1.21,4.E-02));
#643 = VECTOR('',#644,1.);
#644 = DIRECTION('',(0.,0.,1.));
#645 = ORIENTED_EDGE('',*,*,#479,.F.);
#646 = ORIENTED_EDGE('',*,*,#396,.T.);
#647 = ORIENTED_EDGE('',*,*,#615,.T.);
#648 = PLANE('',#649);
#649 = AXIS2_PLACEMENT_3D('',#650,#651,#652);
#650 = CARTESIAN_POINT('',(-1.2,-1.21,4.E-02));
#651 = DIRECTION('',(0.,1.,0.));
#652 = DIRECTION('',(0.,-0.,1.));
#653 = ADVANCED_FACE('',(#654,#724),#734,.F.);
#654 = FACE_BOUND('',#655,.F.);
#655 = EDGE_LOOP('',(#656,#666,#675,#683,#692,#700,#709,#717));
#656 = ORIENTED_EDGE('',*,*,#657,.F.);
#657 = EDGE_CURVE('',#658,#660,#662,.T.);
#658 = VERTEX_POINT('',#659);
#659 = CARTESIAN_POINT('',(1.2,-1.25,4.E-02));
#660 = VERTEX_POINT('',#661);
#661 = CARTESIAN_POINT('',(1.2,-1.25,2.46));
#662 = LINE('',#663,#664);
#663 = CARTESIAN_POINT('',(1.2,-1.25,0.));
#664 = VECTOR('',#665,1.);
#665 = DIRECTION('',(0.,0.,1.));
#666 = ORIENTED_EDGE('',*,*,#667,.T.);
#667 = EDGE_CURVE('',#658,#668,#670,.T.);
#668 = VERTEX_POINT('',#669);
#669 = CARTESIAN_POINT('',(1.2,-1.21,0.));
#670 = CIRCLE('',#671,4.E-02);
#671 = AXIS2_PLACEMENT_3D('',#672,#673,#674);
#672 = CARTESIAN_POINT('',(1.2,-1.21,4.E-02));
#673 = DIRECTION('',(1.,0.,-0.));
#674 = DIRECTION('',(0.,0.,1.));
#675 = ORIENTED_EDGE('',*,*,#676,.T.);
#676 = EDGE_CURVE('',#668,#677,#679,.T.);
#677 = VERTEX_POINT('',#678);
#678 = CARTESIAN_POINT('',(1.2,1.21,0.));
#679 = LINE('',#680,#681);
#680 = CARTESIAN_POINT('',(1.2,-1.25,0.));
#681 = VECTOR('',#682,1.);
#682 = DIRECTION('',(0.,1.,0.));
#683 = ORIENTED_EDGE('',*,*,#684,.F.);
#684 = EDGE_CURVE('',#685,#677,#687,.T.);
#685 = VERTEX_POINT('',#686);
#686 = CARTESIAN_POINT('',(1.2,1.25,4.E-02));
#687 = CIRCLE('',#688,4.E-02);
#688 = AXIS2_PLACEMENT_3D('',#689,#690,#691);
#689 = CARTESIAN_POINT('',(1.2,1.21,4.E-02));
#690 = DIRECTION('',(-1.,0.,0.));
#691 = DIRECTION('',(0.,0.,1.));
#692 = ORIENTED_EDGE('',*,*,#693,.T.);
#693 = EDGE_CURVE('',#685,#694,#696,.T.);
#694 = VERTEX_POINT('',#695);
#695 = CARTESIAN_POINT('',(1.2,1.25,2.46));
#696 = LINE('',#697,#698);
#697 = CARTESIAN_POINT('',(1.2,1.25,0.));
#698 = VECTOR('',#699,1.);
#699 = DIRECTION('',(0.,0.,1.));
#700 = ORIENTED_EDGE('',*,*,#701,.T.);
#701 = EDGE_CURVE('',#694,#702,#704,.T.);
#702 = VERTEX_POINT('',#703);
#703 = CARTESIAN_POINT('',(1.2,1.21,2.5));
#704 = CIRCLE('',#705,4.E-02);
#705 = AXIS2_PLACEMENT_3D('',#706,#707,#708);
#706 = CARTESIAN_POINT('',(1.2,1.21,2.46));
#707 = DIRECTION('',(1.,0.,-0.));
#708 = DIRECTION('',(0.,0.,1.));
#709 = ORIENTED_EDGE('',*,*,#710,.F.);
#710 = EDGE_CURVE('',#711,#702,#713,.T.);
#711 = VERTEX_POINT('',#712);
#712 = CARTESIAN_POINT('',(1.2,-1.21,2.5));
#713 = LINE('',#714,#715);
#714 = CARTESIAN_POINT('',(1.2,-1.25,2.5));
#715 = VECTOR('',#716,1.);
#716 = DIRECTION('',(0.,1.,0.));
#717 = ORIENTED_EDGE('',*,*,#718,.F.);
#718 = EDGE_CURVE('',#660,#711,#719,.T.);
#719 = CIRCLE('',#720,4.E-02);
#720 = AXIS2_PLACEMENT_3D('',#721,#722,#723);
#721 = CARTESIAN_POINT('',(1.2,-1.21,2.46));
#722 = DIRECTION('',(-1.,0.,0.));
#723 = DIRECTION('',(0.,0.,1.));
#724 = FACE_BOUND('',#725,.F.);
#725 = EDGE_LOOP('',(#726,#727,#728,#729,#730,#731,#732,#733));
#726 = ORIENTED_EDGE('',*,*,#470,.F.);
#727 = ORIENTED_EDGE('',*,*,#640,.T.);
#728 = ORIENTED_EDGE('',*,*,#623,.T.);
#729 = ORIENTED_EDGE('',*,*,#600,.T.);
#730 = ORIENTED_EDGE('',*,*,#575,.F.);
#731 = ORIENTED_EDGE('',*,*,#542,.F.);
#732 = ORIENTED_EDGE('',*,*,#525,.T.);
#733 = ORIENTED_EDGE('',*,*,#495,.F.);
#734 = PLANE('',#735);
#735 = AXIS2_PLACEMENT_3D('',#736,#737,#738);
#736 = CARTESIAN_POINT('',(1.2,-1.25,0.));
#737 = DIRECTION('',(1.,0.,0.));
#738 = DIRECTION('',(0.,0.,1.));
#739 = ADVANCED_FACE('',(#740),#765,.F.);
#740 = FACE_BOUND('',#741,.F.);
#741 = EDGE_LOOP('',(#742,#752,#758,#759));
#742 = ORIENTED_EDGE('',*,*,#743,.F.);
#743 = EDGE_CURVE('',#744,#746,#748,.T.);
#744 = VERTEX_POINT('',#745);
#745 = CARTESIAN_POINT('',(1.6,-1.25,4.E-02));
#746 = VERTEX_POINT('',#747);
#747 = CARTESIAN_POINT('',(1.6,-1.25,2.46));
#748 = LINE('',#749,#750);
#749 = CARTESIAN_POINT('',(1.6,-1.25,0.));
#750 = VECTOR('',#751,1.);
#751 = DIRECTION('',(0.,0.,1.));
#752 = ORIENTED_EDGE('',*,*,#753,.F.);
#753 = EDGE_CURVE('',#658,#744,#754,.T.);
#754 = LINE('',#755,#756);
#755 = CARTESIAN_POINT('',(1.2,-1.25,4.E-02));
#756 = VECTOR('',#757,1.);
#757 = DIRECTION('',(1.,0.,0.));
#758 = ORIENTED_EDGE('',*,*,#657,.T.);
#759 = ORIENTED_EDGE('',*,*,#760,.T.);
#760 = EDGE_CURVE('',#660,#746,#761,.T.);
#761 = LINE('',#762,#763);
#762 = CARTESIAN_POINT('',(1.2,-1.25,2.46));
#763 = VECTOR('',#764,1.);
#764 = DIRECTION('',(1.,0.,0.));
#765 = PLANE('',#766);
#766 = AXIS2_PLACEMENT_3D('',#767,#768,#769);
#767 = CARTESIAN_POINT('',(1.2,-1.25,0.));
#768 = DIRECTION('',(0.,1.,0.));
#769 = DIRECTION('',(0.,-0.,1.));
#770 = ADVANCED_FACE('',(#771),#790,.T.);
#771 = FACE_BOUND('',#772,.T.);
#772 = EDGE_LOOP('',(#773,#774,#782,#789));
#773 = ORIENTED_EDGE('',*,*,#667,.T.);
#774 = ORIENTED_EDGE('',*,*,#775,.T.);
#775 = EDGE_CURVE('',#668,#776,#778,.T.);
#776 = VERTEX_POINT('',#777);
#777 = CARTESIAN_POINT('',(1.6,-1.21,0.));
#778 = LINE('',#779,#780);
#779 = CARTESIAN_POINT('',(1.2,-1.21,0.));
#780 = VECTOR('',#781,1.);
#781 = DIRECTION('',(1.,0.,0.));
#782 = ORIENTED_EDGE('',*,*,#783,.F.);
#783 = EDGE_CURVE('',#744,#776,#784,.T.);
#784 = CIRCLE('',#785,4.E-02);
#785 = AXIS2_PLACEMENT_3D('',#786,#787,#788);
#786 = CARTESIAN_POINT('',(1.6,-1.21,4.E-02));
#787 = DIRECTION('',(1.,0.,-0.));
#788 = DIRECTION('',(0.,0.,1.));
#789 = ORIENTED_EDGE('',*,*,#753,.F.);
#790 = CYLINDRICAL_SURFACE('',#791,4.E-02);
#791 = AXIS2_PLACEMENT_3D('',#792,#793,#794);
#792 = CARTESIAN_POINT('',(1.2,-1.21,4.E-02));
#793 = DIRECTION('',(1.,0.,0.));
#794 = DIRECTION('',(0.,-1.,0.));
#795 = ADVANCED_FACE('',(#796),#815,.T.);
#796 = FACE_BOUND('',#797,.T.);
#797 = EDGE_LOOP('',(#798,#799,#808,#814));
#798 = ORIENTED_EDGE('',*,*,#760,.T.);
#799 = ORIENTED_EDGE('',*,*,#800,.T.);
#800 = EDGE_CURVE('',#746,#801,#803,.T.);
#801 = VERTEX_POINT('',#802);
#802 = CARTESIAN_POINT('',(1.6,-1.21,2.5));
#803 = CIRCLE('',#804,4.E-02);
#804 = AXIS2_PLACEMENT_3D('',#805,#806,#807);
#805 = CARTESIAN_POINT('',(1.6,-1.21,2.46));
#806 = DIRECTION('',(-1.,0.,0.));
#807 = DIRECTION('',(0.,0.,1.));
#808 = ORIENTED_EDGE('',*,*,#809,.F.);
#809 = EDGE_CURVE('',#711,#801,#810,.T.);
#810 = LINE('',#811,#812);
#811 = CARTESIAN_POINT('',(1.2,-1.21,2.5));
#812 = VECTOR('',#813,1.);
#813 = DIRECTION('',(1.,0.,0.));
#814 = ORIENTED_EDGE('',*,*,#718,.F.);
#815 = CYLINDRICAL_SURFACE('',#816,4.E-02);
#816 = AXIS2_PLACEMENT_3D('',#817,#818,#819);
#817 = CARTESIAN_POINT('',(1.2,-1.21,2.46));
#818 = DIRECTION('',(1.,0.,0.));
#819 = DIRECTION('',(0.,-1.,0.));
#820 = ADVANCED_FACE('',(#821),#839,.F.);
#821 = FACE_BOUND('',#822,.F.);
#822 = EDGE_LOOP('',(#823,#824,#825,#833));
#823 = ORIENTED_EDGE('',*,*,#676,.F.);
#824 = ORIENTED_EDGE('',*,*,#775,.T.);
#825 = ORIENTED_EDGE('',*,*,#826,.T.);
#826 = EDGE_CURVE('',#776,#827,#829,.T.);
#827 = VERTEX_POINT('',#828);
#828 = CARTESIAN_POINT('',(1.6,1.21,0.));
#829 = LINE('',#830,#831);
#830 = CARTESIAN_POINT('',(1.6,-1.25,0.));
#831 = VECTOR('',#832,1.);
#832 = DIRECTION('',(0.,1.,0.));
#833 = ORIENTED_EDGE('',*,*,#834,.F.);
#834 = EDGE_CURVE('',#677,#827,#835,.T.);
#835 = LINE('',#836,#837);
#836 = CARTESIAN_POINT('',(1.2,1.21,0.));
#837 = VECTOR('',#838,1.);
#838 = DIRECTION('',(1.,0.,0.));
#839 = PLANE('',#840);
#840 = AXIS2_PLACEMENT_3D('',#841,#842,#843);
#841 = CARTESIAN_POINT('',(1.2,-1.25,0.));
#842 = DIRECTION('',(0.,0.,1.));
#843 = DIRECTION('',(1.,0.,-0.));
#844 = ADVANCED_FACE('',(#845),#863,.T.);
#845 = FACE_BOUND('',#846,.T.);
#846 = EDGE_LOOP('',(#847,#848,#849,#857));
#847 = ORIENTED_EDGE('',*,*,#710,.F.);
#848 = ORIENTED_EDGE('',*,*,#809,.T.);
#849 = ORIENTED_EDGE('',*,*,#850,.T.);
#850 = EDGE_CURVE('',#801,#851,#853,.T.);
#851 = VERTEX_POINT('',#852);
#852 = CARTESIAN_POINT('',(1.6,1.21,2.5));
#853 = LINE('',#854,#855);
#854 = CARTESIAN_POINT('',(1.6,-1.25,2.5));
#855 = VECTOR('',#856,1.);
#856 = DIRECTION('',(0.,1.,0.));
#857 = ORIENTED_EDGE('',*,*,#858,.F.);
#858 = EDGE_CURVE('',#702,#851,#859,.T.);
#859 = LINE('',#860,#861);
#860 = CARTESIAN_POINT('',(1.2,1.21,2.5));
#861 = VECTOR('',#862,1.);
#862 = DIRECTION('',(1.,0.,0.));
#863 = PLANE('',#864);
#864 = AXIS2_PLACEMENT_3D('',#865,#866,#867);
#865 = CARTESIAN_POINT('',(1.2,-1.25,2.5));
#866 = DIRECTION('',(0.,0.,1.));
#867 = DIRECTION('',(1.,0.,-0.));
#868 = ADVANCED_FACE('',(#869),#888,.T.);
#869 = FACE_BOUND('',#870,.T.);
#870 = EDGE_LOOP('',(#871,#879,#886,#887));
#871 = ORIENTED_EDGE('',*,*,#872,.T.);
#872 = EDGE_CURVE('',#685,#873,#875,.T.);
#873 = VERTEX_POINT('',#874);
#874 = CARTESIAN_POINT('',(1.6,1.25,4.E-02));
#875 = LINE('',#876,#877);
#876 = CARTESIAN_POINT('',(1.2,1.25,4.E-02));
#877 = VECTOR('',#878,1.);
#878 = DIRECTION('',(1.,0.,0.));
#879 = ORIENTED_EDGE('',*,*,#880,.T.);
#880 = EDGE_CURVE('',#873,#827,#881,.T.);
#881 = CIRCLE('',#882,4.E-02);
#882 = AXIS2_PLACEMENT_3D('',#883,#884,#885);
#883 = CARTESIAN_POINT('',(1.6,1.21,4.E-02));
#884 = DIRECTION('',(-1.,0.,0.));
#885 = DIRECTION('',(0.,0.,1.));
#886 = ORIENTED_EDGE('',*,*,#834,.F.);
#887 = ORIENTED_EDGE('',*,*,#684,.F.);
#888 = CYLINDRICAL_SURFACE('',#889,4.E-02);
#889 = AXIS2_PLACEMENT_3D('',#890,#891,#892);
#890 = CARTESIAN_POINT('',(1.2,1.21,4.E-02));
#891 = DIRECTION('',(1.,0.,0.));
#892 = DIRECTION('',(-0.,1.,0.));
#893 = ADVANCED_FACE('',(#894),#913,.T.);
#894 = FACE_BOUND('',#895,.T.);
#895 = EDGE_LOOP('',(#896,#897,#898,#907));
#896 = ORIENTED_EDGE('',*,*,#701,.T.);
#897 = ORIENTED_EDGE('',*,*,#858,.T.);
#898 = ORIENTED_EDGE('',*,*,#899,.F.);
#899 = EDGE_CURVE('',#900,#851,#902,.T.);
#900 = VERTEX_POINT('',#901);
#901 = CARTESIAN_POINT('',(1.6,1.25,2.46));
#902 = CIRCLE('',#903,4.E-02);
#903 = AXIS2_PLACEMENT_3D('',#904,#905,#906);
#904 = CARTESIAN_POINT('',(1.6,1.21,2.46));
#905 = DIRECTION('',(1.,0.,-0.));
#906 = DIRECTION('',(0.,0.,1.));
#907 = ORIENTED_EDGE('',*,*,#908,.F.);
#908 = EDGE_CURVE('',#694,#900,#909,.T.);
#909 = LINE('',#910,#911);
#910 = CARTESIAN_POINT('',(1.2,1.25,2.46));
#911 = VECTOR('',#912,1.);
#912 = DIRECTION('',(1.,0.,0.));
#913 = CYLINDRICAL_SURFACE('',#914,4.E-02);
#914 = AXIS2_PLACEMENT_3D('',#915,#916,#917);
#915 = CARTESIAN_POINT('',(1.2,1.21,2.46));
#916 = DIRECTION('',(1.,0.,0.));
#917 = DIRECTION('',(-0.,1.,0.));
#918 = ADVANCED_FACE('',(#919),#930,.T.);
#919 = FACE_BOUND('',#920,.T.);
#920 = EDGE_LOOP('',(#921,#927,#928,#929));
#921 = ORIENTED_EDGE('',*,*,#922,.F.);
#922 = EDGE_CURVE('',#873,#900,#923,.T.);
#923 = LINE('',#924,#925);
#924 = CARTESIAN_POINT('',(1.6,1.25,0.));
#925 = VECTOR('',#926,1.);
#926 = DIRECTION('',(0.,0.,1.));
#927 = ORIENTED_EDGE('',*,*,#872,.F.);
#928 = ORIENTED_EDGE('',*,*,#693,.T.);
#929 = ORIENTED_EDGE('',*,*,#908,.T.);
#930 = PLANE('',#931);
#931 = AXIS2_PLACEMENT_3D('',#932,#933,#934);
#932 = CARTESIAN_POINT('',(1.2,1.25,0.));
#933 = DIRECTION('',(0.,1.,0.));
#934 = DIRECTION('',(0.,-0.,1.));
#935 = ADVANCED_FACE('',(#936),#946,.T.);
#936 = FACE_BOUND('',#937,.T.);
#937 = EDGE_LOOP('',(#938,#939,#940,#941,#942,#943,#944,#945));
#938 = ORIENTED_EDGE('',*,*,#743,.F.);
#939 = ORIENTED_EDGE('',*,*,#783,.T.);
#940 = ORIENTED_EDGE('',*,*,#826,.T.);
#941 = ORIENTED_EDGE('',*,*,#880,.F.);
#942 = ORIENTED_EDGE('',*,*,#922,.T.);
#943 = ORIENTED_EDGE('',*,*,#899,.T.);
#944 = ORIENTED_EDGE('',*,*,#850,.F.);
#945 = ORIENTED_EDGE('',*,*,#800,.F.);
#946 = PLANE('',#947);
#947 = AXIS2_PLACEMENT_3D('',#948,#949,#950);
#948 = CARTESIAN_POINT('',(1.6,-1.25,0.));
#949 = DIRECTION('',(1.,0.,0.));
#950 = DIRECTION('',(0.,0.,1.));
#951 = ( GEOMETRIC_REPRESENTATION_CONTEXT(3) 
GLOBAL_UNCERTAINTY_ASSIGNED_CONTEXT((#955)) GLOBAL_UNIT_ASSIGNED_CONTEXT
((#952,#953,#954)) REPRESENTATION_CONTEXT('Context #1',
  '3D Context with UNIT and UNCERTAINTY') );
#952 = ( LENGTH_UNIT() NAMED_UNIT(*) SI_UNIT(.MILLI.,.METRE.) );
#953 = ( NAMED_UNIT(*) PLANE_ANGLE_UNIT() SI_UNIT($,.RADIAN.) );
#954 = ( NAMED_UNIT(*) SI_UNIT($,.STERADIAN.) SOLID_ANGLE_UNIT() );
#955 = UNCERTAINTY_MEASURE_WITH_UNIT(LENGTH_MEASURE(1.E-07),#952,
  'distance_accuracy_value','confusion accuracy');
#956 = CONTEXT_DEPENDENT_SHAPE_REPRESENTATION(#957,#959);
#957 = ( REPRESENTATION_RELATIONSHIP('','',#96,#10) 
REPRESENTATION_RELATIONSHIP_WITH_TRANSFORMATION(#958) 
SHAPE_REPRESENTATION_RELATIONSHIP() );
#958 = ITEM_DEFINED_TRANSFORMATION('','',#11,#15);
#959 = PRODUCT_DEFINITION_SHAPE('Placement','Placement of an item',#960
  );
#960 = NEXT_ASSEMBLY_USAGE_OCCURRENCE('1','C1','',#5,#91,$);
#961 = PRODUCT_RELATED_PRODUCT_CATEGORY('part',$,(#93));
#962 = SHAPE_DEFINITION_REPRESENTATION(#963,#969);
#963 = PRODUCT_DEFINITION_SHAPE('','',#964);
#964 = PRODUCT_DEFINITION('design','',#965,#968);
#965 = PRODUCT_DEFINITION_FORMATION('','',#966);
#966 = PRODUCT('C_0603_1608Metric','C_0603_1608Metric','',(#967));
#967 = PRODUCT_CONTEXT('',#2,'mechanical');
#968 = PRODUCT_DEFINITION_CONTEXT('part definition',#2,'design');
#969 = ADVANCED_BREP_SHAPE_REPRESENTATION('',(#11,#970),#1824);
#970 = MANIFOLD_SOLID_BREP('',#971);
#971 = CLOSED_SHELL('',(#972,#1048,#1079,#1104,#1129,#1153,#1177,#1202,
    #1227,#1244,#1330,#1362,#1386,#1411,#1435,#1460,#1484,#1509,#1526,
    #1612,#1643,#1668,#1693,#1717,#1741,#1766,#1791,#1808));
#972 = ADVANCED_FACE('',(#973),#1043,.F.);
#973 = FACE_BOUND('',#974,.F.);
#974 = EDGE_LOOP('',(#975,#985,#994,#1002,#1011,#1019,#1028,#1036));
#975 = ORIENTED_EDGE('',*,*,#976,.F.);
#976 = EDGE_CURVE('',#977,#979,#981,.T.);
#977 = VERTEX_POINT('',#978);
#978 = CARTESIAN_POINT('',(-0.8,-0.4,3.E-02));
#979 = VERTEX_POINT('',#980);
#980 = CARTESIAN_POINT('',(-0.8,-0.4,0.77));
#981 = LINE('',#982,#983);
#982 = CARTESIAN_POINT('',(-0.8,-0.4,0.));
#983 = VECTOR('',#984,1.);
#984 = DIRECTION('',(0.,0.,1.));
#985 = ORIENTED_EDGE('',*,*,#986,.T.);
#986 = EDGE_CURVE('',#977,#987,#989,.T.);
#987 = VERTEX_POINT('',#988);
#988 = CARTESIAN_POINT('',(-0.8,-0.37,0.));
#989 = CIRCLE('',#990,3.E-02);
#990 = AXIS2_PLACEMENT_3D('',#991,#992,#993);
#991 = CARTESIAN_POINT('',(-0.8,-0.37,3.E-02));
#992 = DIRECTION('',(1.,0.,-0.));
#993 = DIRECTION('',(0.,0.,1.));
#994 = ORIENTED_EDGE('',*,*,#995,.T.);
#995 = EDGE_CURVE('',#987,#996,#998,.T.);
#996 = VERTEX_POINT('',#997);
#997 = CARTESIAN_POINT('',(-0.8,0.37,0.));
#998 = LINE('',#999,#1000);
#999 = CARTESIAN_POINT('',(-0.8,-0.4,0.));
#1000 = VECTOR('',#1001,1.);
#1001 = DIRECTION('',(0.,1.,0.));
#1002 = ORIENTED_EDGE('',*,*,#1003,.F.);
#1003 = EDGE_CURVE('',#1004,#996,#1006,.T.);
#1004 = VERTEX_POINT('',#1005);
#1005 = CARTESIAN_POINT('',(-0.8,0.4,3.E-02));
#1006 = CIRCLE('',#1007,3.E-02);
#1007 = AXIS2_PLACEMENT_3D('',#1008,#1009,#1010);
#1008 = CARTESIAN_POINT('',(-0.8,0.37,3.E-02));
#1009 = DIRECTION('',(-1.,0.,0.));
#1010 = DIRECTION('',(0.,0.,1.));
#1011 = ORIENTED_EDGE('',*,*,#1012,.T.);
#1012 = EDGE_CURVE('',#1004,#1013,#1015,.T.);
#1013 = VERTEX_POINT('',#1014);
#1014 = CARTESIAN_POINT('',(-0.8,0.4,0.77));
#1015 = LINE('',#1016,#1017);
#1016 = CARTESIAN_POINT('',(-0.8,0.4,0.));
#1017 = VECTOR('',#1018,1.);
#1018 = DIRECTION('',(0.,0.,1.));
#1019 = ORIENTED_EDGE('',*,*,#1020,.T.);
#1020 = EDGE_CURVE('',#1013,#1021,#1023,.T.);
#1021 = VERTEX_POINT('',#1022);
#1022 = CARTESIAN_POINT('',(-0.8,0.37,0.8));
#1023 = CIRCLE('',#1024,3.E-02);
#1024 = AXIS2_PLACEMENT_3D('',#1025,#1026,#1027);
#1025 = CARTESIAN_POINT('',(-0.8,0.37,0.77));
#1026 = DIRECTION('',(1.,0.,-0.));
#1027 = DIRECTION('',(0.,0.,1.));
#1028 = ORIENTED_EDGE('',*,*,#1029,.F.);
#1029 = EDGE_CURVE('',#1030,#1021,#1032,.T.);
#1030 = VERTEX_POINT('',#1031);
#1031 = CARTESIAN_POINT('',(-0.8,-0.37,0.8));
#1032 = LINE('',#1033,#1034);
#1033 = CARTESIAN_POINT('',(-0.8,-0.4,0.8));
#1034 = VECTOR('',#1035,1.);
#1035 = DIRECTION('',(0.,1.,0.));
#1036 = ORIENTED_EDGE('',*,*,#1037,.F.);
#1037 = EDGE_CURVE('',#979,#1030,#1038,.T.);
#1038 = CIRCLE('',#1039,3.E-02);
#1039 = AXIS2_PLACEMENT_3D('',#1040,#1041,#1042);
#1040 = CARTESIAN_POINT('',(-0.8,-0.37,0.77));
#1041 = DIRECTION('',(-1.,0.,0.));
#1042 = DIRECTION('',(0.,0.,1.));
#1043 = PLANE('',#1044);
#1044 = AXIS2_PLACEMENT_3D('',#1045,#1046,#1047);
#1045 = CARTESIAN_POINT('',(-0.8,-0.4,0.));
#1046 = DIRECTION('',(1.,0.,0.));
#1047 = DIRECTION('',(0.,0.,1.));
#1048 = ADVANCED_FACE('',(#1049),#1074,.F.);
#1049 = FACE_BOUND('',#1050,.F.);
#1050 = EDGE_LOOP('',(#1051,#1061,#1067,#1068));
#1051 = ORIENTED_EDGE('',*,*,#1052,.F.);
#1052 = EDGE_CURVE('',#1053,#1055,#1057,.T.);
#1053 = VERTEX_POINT('',#1054);
#1054 = CARTESIAN_POINT('',(-0.5,-0.4,3.E-02));
#1055 = VERTEX_POINT('',#1056);
#1056 = CARTESIAN_POINT('',(-0.5,-0.4,0.77));
#1057 = LINE('',#1058,#1059);
#1058 = CARTESIAN_POINT('',(-0.5,-0.4,0.));
#1059 = VECTOR('',#1060,1.);
#1060 = DIRECTION('',(0.,0.,1.));
#1061 = ORIENTED_EDGE('',*,*,#1062,.F.);
#1062 = EDGE_CURVE('',#977,#1053,#1063,.T.);
#1063 = LINE('',#1064,#1065);
#1064 = CARTESIAN_POINT('',(-0.8,-0.4,3.E-02));
#1065 = VECTOR('',#1066,1.);
#1066 = DIRECTION('',(1.,0.,0.));
#1067 = ORIENTED_EDGE('',*,*,#976,.T.);
#1068 = ORIENTED_EDGE('',*,*,#1069,.T.);
#1069 = EDGE_CURVE('',#979,#1055,#1070,.T.);
#1070 = LINE('',#1071,#1072);
#1071 = CARTESIAN_POINT('',(-0.8,-0.4,0.77));
#1072 = VECTOR('',#1073,1.);
#1073 = DIRECTION('',(1.,0.,0.));
#1074 = PLANE('',#1075);
#1075 = AXIS2_PLACEMENT_3D('',#1076,#1077,#1078);
#1076 = CARTESIAN_POINT('',(-0.8,-0.4,0.));
#1077 = DIRECTION('',(0.,1.,0.));
#1078 = DIRECTION('',(0.,-0.,1.));
#1079 = ADVANCED_FACE('',(#1080),#1099,.T.);
#1080 = FACE_BOUND('',#1081,.T.);
#1081 = EDGE_LOOP('',(#1082,#1083,#1091,#1098));
#1082 = ORIENTED_EDGE('',*,*,#986,.T.);
#1083 = ORIENTED_EDGE('',*,*,#1084,.T.);
#1084 = EDGE_CURVE('',#987,#1085,#1087,.T.);
#1085 = VERTEX_POINT('',#1086);
#1086 = CARTESIAN_POINT('',(-0.5,-0.37,0.));
#1087 = LINE('',#1088,#1089);
#1088 = CARTESIAN_POINT('',(-0.8,-0.37,0.));
#1089 = VECTOR('',#1090,1.);
#1090 = DIRECTION('',(1.,0.,0.));
#1091 = ORIENTED_EDGE('',*,*,#1092,.F.);
#1092 = EDGE_CURVE('',#1053,#1085,#1093,.T.);
#1093 = CIRCLE('',#1094,3.E-02);
#1094 = AXIS2_PLACEMENT_3D('',#1095,#1096,#1097);
#1095 = CARTESIAN_POINT('',(-0.5,-0.37,3.E-02));
#1096 = DIRECTION('',(1.,0.,-0.));
#1097 = DIRECTION('',(0.,0.,1.));
#1098 = ORIENTED_EDGE('',*,*,#1062,.F.);
#1099 = CYLINDRICAL_SURFACE('',#1100,3.E-02);
#1100 = AXIS2_PLACEMENT_3D('',#1101,#1102,#1103);
#1101 = CARTESIAN_POINT('',(-0.8,-0.37,3.E-02));
#1102 = DIRECTION('',(1.,0.,0.));
#1103 = DIRECTION('',(0.,-1.,0.));
#1104 = ADVANCED_FACE('',(#1105),#1124,.T.);
#1105 = FACE_BOUND('',#1106,.T.);
#1106 = EDGE_LOOP('',(#1107,#1108,#1117,#1123));
#1107 = ORIENTED_EDGE('',*,*,#1069,.T.);
#1108 = ORIENTED_EDGE('',*,*,#1109,.T.);
#1109 = EDGE_CURVE('',#1055,#1110,#1112,.T.);
#1110 = VERTEX_POINT('',#1111);
#1111 = CARTESIAN_POINT('',(-0.5,-0.37,0.8));
#1112 = CIRCLE('',#1113,3.E-02);
#1113 = AXIS2_PLACEMENT_3D('',#1114,#1115,#1116);
#1114 = CARTESIAN_POINT('',(-0.5,-0.37,0.77));
#1115 = DIRECTION('',(-1.,0.,0.));
#1116 = DIRECTION('',(0.,0.,1.));
#1117 = ORIENTED_EDGE('',*,*,#1118,.F.);
#1118 = EDGE_CURVE('',#1030,#1110,#1119,.T.);
#1119 = LINE('',#1120,#1121);
#1120 = CARTESIAN_POINT('',(-0.8,-0.37,0.8));
#1121 = VECTOR('',#1122,1.);
#1122 = DIRECTION('',(1.,0.,0.));
#1123 = ORIENTED_EDGE('',*,*,#1037,.F.);
#1124 = CYLINDRICAL_SURFACE('',#1125,3.E-02);
#1125 = AXIS2_PLACEMENT_3D('',#1126,#1127,#1128);
#1126 = CARTESIAN_POINT('',(-0.8,-0.37,0.77));
#1127 = DIRECTION('',(1.,0.,0.));
#1128 = DIRECTION('',(0.,-1.,0.));
#1129 = ADVANCED_FACE('',(#1130),#1148,.F.);
#1130 = FACE_BOUND('',#1131,.F.);
#1131 = EDGE_LOOP('',(#1132,#1133,#1134,#1142));
#1132 = ORIENTED_EDGE('',*,*,#995,.F.);
#1133 = ORIENTED_EDGE('',*,*,#1084,.T.);
#1134 = ORIENTED_EDGE('',*,*,#1135,.T.);
#1135 = EDGE_CURVE('',#1085,#1136,#1138,.T.);
#1136 = VERTEX_POINT('',#1137);
#1137 = CARTESIAN_POINT('',(-0.5,0.37,0.));
#1138 = LINE('',#1139,#1140);
#1139 = CARTESIAN_POINT('',(-0.5,-0.4,0.));
#1140 = VECTOR('',#1141,1.);
#1141 = DIRECTION('',(0.,1.,0.));
#1142 = ORIENTED_EDGE('',*,*,#1143,.F.);
#1143 = EDGE_CURVE('',#996,#1136,#1144,.T.);
#1144 = LINE('',#1145,#1146);
#1145 = CARTESIAN_POINT('',(-0.8,0.37,0.));
#1146 = VECTOR('',#1147,1.);
#1147 = DIRECTION('',(1.,0.,0.));
#1148 = PLANE('',#1149);
#1149 = AXIS2_PLACEMENT_3D('',#1150,#1151,#1152);
#1150 = CARTESIAN_POINT('',(-0.8,-0.4,0.));
#1151 = DIRECTION('',(0.,0.,1.));
#1152 = DIRECTION('',(1.,0.,-0.));
#1153 = ADVANCED_FACE('',(#1154),#1172,.T.);
#1154 = FACE_BOUND('',#1155,.T.);
#1155 = EDGE_LOOP('',(#1156,#1157,#1158,#1166));
#1156 = ORIENTED_EDGE('',*,*,#1029,.F.);
#1157 = ORIENTED_EDGE('',*,*,#1118,.T.);
#1158 = ORIENTED_EDGE('',*,*,#1159,.T.);
#1159 = EDGE_CURVE('',#1110,#1160,#1162,.T.);
#1160 = VERTEX_POINT('',#1161);
#1161 = CARTESIAN_POINT('',(-0.5,0.37,0.8));
#1162 = LINE('',#1163,#1164);
#1163 = CARTESIAN_POINT('',(-0.5,-0.4,0.8));
#1164 = VECTOR('',#1165,1.);
#1165 = DIRECTION('',(0.,1.,0.));
#1166 = ORIENTED_EDGE('',*,*,#1167,.F.);
#1167 = EDGE_CURVE('',#1021,#1160,#1168,.T.);
#1168 = LINE('',#1169,#1170);
#1169 = CARTESIAN_POINT('',(-0.8,0.37,0.8));
#1170 = VECTOR('',#1171,1.);
#1171 = DIRECTION('',(1.,0.,0.));
#1172 = PLANE('',#1173);
#1173 = AXIS2_PLACEMENT_3D('',#1174,#1175,#1176);
#1174 = CARTESIAN_POINT('',(-0.8,-0.4,0.8));
#1175 = DIRECTION('',(0.,0.,1.));
#1176 = DIRECTION('',(1.,0.,-0.));
#1177 = ADVANCED_FACE('',(#1178),#1197,.T.);
#1178 = FACE_BOUND('',#1179,.T.);
#1179 = EDGE_LOOP('',(#1180,#1188,#1195,#1196));
#1180 = ORIENTED_EDGE('',*,*,#1181,.T.);
#1181 = EDGE_CURVE('',#1004,#1182,#1184,.T.);
#1182 = VERTEX_POINT('',#1183);
#1183 = CARTESIAN_POINT('',(-0.5,0.4,3.E-02));
#1184 = LINE('',#1185,#1186);
#1185 = CARTESIAN_POINT('',(-0.8,0.4,3.E-02));
#1186 = VECTOR('',#1187,1.);
#1187 = DIRECTION('',(1.,0.,0.));
#1188 = ORIENTED_EDGE('',*,*,#1189,.T.);
#1189 = EDGE_CURVE('',#1182,#1136,#1190,.T.);
#1190 = CIRCLE('',#1191,3.E-02);
#1191 = AXIS2_PLACEMENT_3D('',#1192,#1193,#1194);
#1192 = CARTESIAN_POINT('',(-0.5,0.37,3.E-02));
#1193 = DIRECTION('',(-1.,0.,0.));
#1194 = DIRECTION('',(0.,0.,1.));
#1195 = ORIENTED_EDGE('',*,*,#1143,.F.);
#1196 = ORIENTED_EDGE('',*,*,#1003,.F.);
#1197 = CYLINDRICAL_SURFACE('',#1198,3.E-02);
#1198 = AXIS2_PLACEMENT_3D('',#1199,#1200,#1201);
#1199 = CARTESIAN_POINT('',(-0.8,0.37,3.E-02));
#1200 = DIRECTION('',(1.,0.,0.));
#1201 = DIRECTION('',(-0.,1.,0.));
#1202 = ADVANCED_FACE('',(#1203),#1222,.T.);
#1203 = FACE_BOUND('',#1204,.T.);
#1204 = EDGE_LOOP('',(#1205,#1206,#1207,#1216));
#1205 = ORIENTED_EDGE('',*,*,#1020,.T.);
#1206 = ORIENTED_EDGE('',*,*,#1167,.T.);
#1207 = ORIENTED_EDGE('',*,*,#1208,.F.);
#1208 = EDGE_CURVE('',#1209,#1160,#1211,.T.);
#1209 = VERTEX_POINT('',#1210);
#1210 = CARTESIAN_POINT('',(-0.5,0.4,0.77));
#1211 = CIRCLE('',#1212,3.E-02);
#1212 = AXIS2_PLACEMENT_3D('',#1213,#1214,#1215);
#1213 = CARTESIAN_POINT('',(-0.5,0.37,0.77));
#1214 = DIRECTION('',(1.,0.,-0.));
#1215 = DIRECTION('',(0.,0.,1.));
#1216 = ORIENTED_EDGE('',*,*,#1217,.F.);
#1217 = EDGE_CURVE('',#1013,#1209,#1218,.T.);
#1218 = LINE('',#1219,#1220);
#1219 = CARTESIAN_POINT('',(-0.8,0.4,0.77));
#1220 = VECTOR('',#1221,1.);
#1221 = DIRECTION('',(1.,0.,0.));
#1222 = CYLINDRICAL_SURFACE('',#1223,3.E-02);
#1223 = AXIS2_PLACEMENT_3D('',#1224,#1225,#1226);
#1224 = CARTESIAN_POINT('',(-0.8,0.37,0.77));
#1225 = DIRECTION('',(1.,0.,0.));
#1226 = DIRECTION('',(-0.,1.,0.));
#1227 = ADVANCED_FACE('',(#1228),#1239,.T.);
#1228 = FACE_BOUND('',#1229,.T.);
#1229 = EDGE_LOOP('',(#1230,#1236,#1237,#1238));
#1230 = ORIENTED_EDGE('',*,*,#1231,.F.);
#1231 = EDGE_CURVE('',#1182,#1209,#1232,.T.);
#1232 = LINE('',#1233,#1234);
#1233 = CARTESIAN_POINT('',(-0.5,0.4,0.));
#1234 = VECTOR('',#1235,1.);
#1235 = DIRECTION('',(0.,0.,1.));
#1236 = ORIENTED_EDGE('',*,*,#1181,.F.);
#1237 = ORIENTED_EDGE('',*,*,#1012,.T.);
#1238 = ORIENTED_EDGE('',*,*,#1217,.T.);
#1239 = PLANE('',#1240);
#1240 = AXIS2_PLACEMENT_3D('',#1241,#1242,#1243);
#1241 = CARTESIAN_POINT('',(-0.8,0.4,0.));
#1242 = DIRECTION('',(0.,1.,0.));
#1243 = DIRECTION('',(0.,-0.,1.));
#1244 = ADVANCED_FACE('',(#1245,#1255),#1325,.T.);
#1245 = FACE_BOUND('',#1246,.T.);
#1246 = EDGE_LOOP('',(#1247,#1248,#1249,#1250,#1251,#1252,#1253,#1254));
#1247 = ORIENTED_EDGE('',*,*,#1052,.F.);
#1248 = ORIENTED_EDGE('',*,*,#1092,.T.);
#1249 = ORIENTED_EDGE('',*,*,#1135,.T.);
#1250 = ORIENTED_EDGE('',*,*,#1189,.F.);
#1251 = ORIENTED_EDGE('',*,*,#1231,.T.);
#1252 = ORIENTED_EDGE('',*,*,#1208,.T.);
#1253 = ORIENTED_EDGE('',*,*,#1159,.F.);
#1254 = ORIENTED_EDGE('',*,*,#1109,.F.);
#1255 = FACE_BOUND('',#1256,.T.);
#1256 = EDGE_LOOP('',(#1257,#1268,#1276,#1285,#1293,#1302,#1310,#1319));
#1257 = ORIENTED_EDGE('',*,*,#1258,.F.);
#1258 = EDGE_CURVE('',#1259,#1261,#1263,.T.);
#1259 = VERTEX_POINT('',#1260);
#1260 = CARTESIAN_POINT('',(-0.5,-0.37,6.E-02));
#1261 = VERTEX_POINT('',#1262);
#1262 = CARTESIAN_POINT('',(-0.5,-0.34,3.E-02));
#1263 = CIRCLE('',#1264,3.E-02);
#1264 = AXIS2_PLACEMENT_3D('',#1265,#1266,#1267);
#1265 = CARTESIAN_POINT('',(-0.5,-0.34,6.E-02));
#1266 = DIRECTION('',(1.,0.,-0.));
#1267 = DIRECTION('',(0.,0.,1.));
#1268 = ORIENTED_EDGE('',*,*,#1269,.T.);
#1269 = EDGE_CURVE('',#1259,#1270,#1272,.T.);
#1270 = VERTEX_POINT('',#1271);
#1271 = CARTESIAN_POINT('',(-0.5,-0.37,0.74));
#1272 = LINE('',#1273,#1274);
#1273 = CARTESIAN_POINT('',(-0.5,-0.37,3.E-02));
#1274 = VECTOR('',#1275,1.);
#1275 = DIRECTION('',(0.,0.,1.));
#1276 = ORIENTED_EDGE('',*,*,#1277,.T.);
#1277 = EDGE_CURVE('',#1270,#1278,#1280,.T.);
#1278 = VERTEX_POINT('',#1279);
#1279 = CARTESIAN_POINT('',(-0.5,-0.34,0.77));
#1280 = CIRCLE('',#1281,3.E-02);
#1281 = AXIS2_PLACEMENT_3D('',#1282,#1283,#1284);
#1282 = CARTESIAN_POINT('',(-0.5,-0.34,0.74));
#1283 = DIRECTION('',(-1.,0.,0.));
#1284 = DIRECTION('',(0.,0.,1.));
#1285 = ORIENTED_EDGE('',*,*,#1286,.T.);
#1286 = EDGE_CURVE('',#1278,#1287,#1289,.T.);
#1287 = VERTEX_POINT('',#1288);
#1288 = CARTESIAN_POINT('',(-0.5,0.34,0.77));
#1289 = LINE('',#1290,#1291);
#1290 = CARTESIAN_POINT('',(-0.5,-0.37,0.77));
#1291 = VECTOR('',#1292,1.);
#1292 = DIRECTION('',(0.,1.,0.));
#1293 = ORIENTED_EDGE('',*,*,#1294,.F.);
#1294 = EDGE_CURVE('',#1295,#1287,#1297,.T.);
#1295 = VERTEX_POINT('',#1296);
#1296 = CARTESIAN_POINT('',(-0.5,0.37,0.74));
#1297 = CIRCLE('',#1298,3.E-02);
#1298 = AXIS2_PLACEMENT_3D('',#1299,#1300,#1301);
#1299 = CARTESIAN_POINT('',(-0.5,0.34,0.74));
#1300 = DIRECTION('',(1.,0.,-0.));
#1301 = DIRECTION('',(0.,0.,1.));
#1302 = ORIENTED_EDGE('',*,*,#1303,.F.);
#1303 = EDGE_CURVE('',#1304,#1295,#1306,.T.);
#1304 = VERTEX_POINT('',#1305);
#1305 = CARTESIAN_POINT('',(-0.5,0.37,6.E-02));
#1306 = LINE('',#1307,#1308);
#1307 = CARTESIAN_POINT('',(-0.5,0.37,3.E-02));
#1308 = VECTOR('',#1309,1.);
#1309 = DIRECTION('',(0.,0.,1.));
#1310 = ORIENTED_EDGE('',*,*,#1311,.T.);
#1311 = EDGE_CURVE('',#1304,#1312,#1314,.T.);
#1312 = VERTEX_POINT('',#1313);
#1313 = CARTESIAN_POINT('',(-0.5,0.34,3.E-02));
#1314 = CIRCLE('',#1315,3.E-02);
#1315 = AXIS2_PLACEMENT_3D('',#1316,#1317,#1318);
#1316 = CARTESIAN_POINT('',(-0.5,0.34,6.E-02));
#1317 = DIRECTION('',(-1.,0.,0.));
#1318 = DIRECTION('',(0.,0.,1.));
#1319 = ORIENTED_EDGE('',*,*,#1320,.F.);
#1320 = EDGE_CURVE('',#1261,#1312,#1321,.T.);
#1321 = LINE('',#1322,#1323);
#1322 = CARTESIAN_POINT('',(-0.5,-0.37,3.E-02));
#1323 = VECTOR('',#1324,1.);
#1324 = DIRECTION('',(0.,1.,0.));
#1325 = PLANE('',#1326);
#1326 = AXIS2_PLACEMENT_3D('',#1327,#1328,#1329);
#1327 = CARTESIAN_POINT('',(-0.5,-0.4,0.));
#1328 = DIRECTION('',(1.,0.,0.));
#1329 = DIRECTION('',(0.,0.,1.));
#1330 = ADVANCED_FACE('',(#1331),#1357,.T.);
#1331 = FACE_BOUND('',#1332,.T.);
#1332 = EDGE_LOOP('',(#1333,#1334,#1342,#1351));
#1333 = ORIENTED_EDGE('',*,*,#1258,.T.);
#1334 = ORIENTED_EDGE('',*,*,#1335,.T.);
#1335 = EDGE_CURVE('',#1261,#1336,#1338,.T.);
#1336 = VERTEX_POINT('',#1337);
#1337 = CARTESIAN_POINT('',(0.5,-0.34,3.E-02));
#1338 = LINE('',#1339,#1340);
#1339 = CARTESIAN_POINT('',(-0.5,-0.34,3.E-02));
#1340 = VECTOR('',#1341,1.);
#1341 = DIRECTION('',(1.,0.,0.));
#1342 = ORIENTED_EDGE('',*,*,#1343,.F.);
#1343 = EDGE_CURVE('',#1344,#1336,#1346,.T.);
#1344 = VERTEX_POINT('',#1345);
#1345 = CARTESIAN_POINT('',(0.5,-0.37,6.E-02));
#1346 = CIRCLE('',#1347,3.E-02);
#1347 = AXIS2_PLACEMENT_3D('',#1348,#1349,#1350);
#1348 = CARTESIAN_POINT('',(0.5,-0.34,6.E-02));
#1349 = DIRECTION('',(1.,0.,-0.));
#1350 = DIRECTION('',(0.,0.,1.));
#1351 = ORIENTED_EDGE('',*,*,#1352,.F.);
#1352 = EDGE_CURVE('',#1259,#1344,#1353,.T.);
#1353 = LINE('',#1354,#1355);
#1354 = CARTESIAN_POINT('',(-0.5,-0.37,6.E-02));
#1355 = VECTOR('',#1356,1.);
#1356 = DIRECTION('',(1.,0.,0.));
#1357 = CYLINDRICAL_SURFACE('',#1358,3.E-02);
#1358 = AXIS2_PLACEMENT_3D('',#1359,#1360,#1361);
#1359 = CARTESIAN_POINT('',(-0.5,-0.34,6.E-02));
#1360 = DIRECTION('',(1.,0.,0.));
#1361 = DIRECTION('',(0.,-1.,0.));
#1362 = ADVANCED_FACE('',(#1363),#1381,.F.);
#1363 = FACE_BOUND('',#1364,.F.);
#1364 = EDGE_LOOP('',(#1365,#1366,#1367,#1375));
#1365 = ORIENTED_EDGE('',*,*,#1320,.F.);
#1366 = ORIENTED_EDGE('',*,*,#1335,.T.);
#1367 = ORIENTED_EDGE('',*,*,#1368,.T.);
#1368 = EDGE_CURVE('',#1336,#1369,#1371,.T.);
#1369 = VERTEX_POINT('',#1370);
#1370 = CARTESIAN_POINT('',(0.5,0.34,3.E-02));
#1371 = LINE('',#1372,#1373);
#1372 = CARTESIAN_POINT('',(0.5,-0.37,3.E-02));
#1373 = VECTOR('',#1374,1.);
#1374 = DIRECTION('',(0.,1.,0.));
#1375 = ORIENTED_EDGE('',*,*,#1376,.F.);
#1376 = EDGE_CURVE('',#1312,#1369,#1377,.T.);
#1377 = LINE('',#1378,#1379);
#1378 = CARTESIAN_POINT('',(-0.5,0.34,3.E-02));
#1379 = VECTOR('',#1380,1.);
#1380 = DIRECTION('',(1.,0.,0.));
#1381 = PLANE('',#1382);
#1382 = AXIS2_PLACEMENT_3D('',#1383,#1384,#1385);
#1383 = CARTESIAN_POINT('',(-0.5,-0.37,3.E-02));
#1384 = DIRECTION('',(0.,0.,1.));
#1385 = DIRECTION('',(1.,0.,-0.));
#1386 = ADVANCED_FACE('',(#1387),#1406,.T.);
#1387 = FACE_BOUND('',#1388,.T.);
#1388 = EDGE_LOOP('',(#1389,#1397,#1404,#1405));
#1389 = ORIENTED_EDGE('',*,*,#1390,.T.);
#1390 = EDGE_CURVE('',#1304,#1391,#1393,.T.);
#1391 = VERTEX_POINT('',#1392);
#1392 = CARTESIAN_POINT('',(0.5,0.37,6.E-02));
#1393 = LINE('',#1394,#1395);
#1394 = CARTESIAN_POINT('',(-0.5,0.37,6.E-02));
#1395 = VECTOR('',#1396,1.);
#1396 = DIRECTION('',(1.,0.,0.));
#1397 = ORIENTED_EDGE('',*,*,#1398,.T.);
#1398 = EDGE_CURVE('',#1391,#1369,#1399,.T.);
#1399 = CIRCLE('',#1400,3.E-02);
#1400 = AXIS2_PLACEMENT_3D('',#1401,#1402,#1403);
#1401 = CARTESIAN_POINT('',(0.5,0.34,6.E-02));
#1402 = DIRECTION('',(-1.,0.,0.));
#1403 = DIRECTION('',(0.,0.,1.));
#1404 = ORIENTED_EDGE('',*,*,#1376,.F.);
#1405 = ORIENTED_EDGE('',*,*,#1311,.F.);
#1406 = CYLINDRICAL_SURFACE('',#1407,3.E-02);
#1407 = AXIS2_PLACEMENT_3D('',#1408,#1409,#1410);
#1408 = CARTESIAN_POINT('',(-0.5,0.34,6.E-02));
#1409 = DIRECTION('',(1.,0.,0.));
#1410 = DIRECTION('',(-0.,1.,0.));
#1411 = ADVANCED_FACE('',(#1412),#1430,.T.);
#1412 = FACE_BOUND('',#1413,.T.);
#1413 = EDGE_LOOP('',(#1414,#1422,#1423,#1424));
#1414 = ORIENTED_EDGE('',*,*,#1415,.F.);
#1415 = EDGE_CURVE('',#1391,#1416,#1418,.T.);
#1416 = VERTEX_POINT('',#1417);
#1417 = CARTESIAN_POINT('',(0.5,0.37,0.74));
#1418 = LINE('',#1419,#1420);
#1419 = CARTESIAN_POINT('',(0.5,0.37,3.E-02));
#1420 = VECTOR('',#1421,1.);
#1421 = DIRECTION('',(0.,0.,1.));
#1422 = ORIENTED_EDGE('',*,*,#1390,.F.);
#1423 = ORIENTED_EDGE('',*,*,#1303,.T.);
#1424 = ORIENTED_EDGE('',*,*,#1425,.T.);
#1425 = EDGE_CURVE('',#1295,#1416,#1426,.T.);
#1426 = LINE('',#1427,#1428);
#1427 = CARTESIAN_POINT('',(-0.5,0.37,0.74));
#1428 = VECTOR('',#1429,1.);
#1429 = DIRECTION('',(1.,0.,0.));
#1430 = PLANE('',#1431);
#1431 = AXIS2_PLACEMENT_3D('',#1432,#1433,#1434);
#1432 = CARTESIAN_POINT('',(-0.5,0.37,3.E-02));
#1433 = DIRECTION('',(0.,1.,0.));
#1434 = DIRECTION('',(0.,-0.,1.));
#1435 = ADVANCED_FACE('',(#1436),#1455,.T.);
#1436 = FACE_BOUND('',#1437,.T.);
#1437 = EDGE_LOOP('',(#1438,#1439,#1447,#1454));
#1438 = ORIENTED_EDGE('',*,*,#1294,.T.);
#1439 = ORIENTED_EDGE('',*,*,#1440,.T.);
#1440 = EDGE_CURVE('',#1287,#1441,#1443,.T.);
#1441 = VERTEX_POINT('',#1442);
#1442 = CARTESIAN_POINT('',(0.5,0.34,0.77));
#1443 = LINE('',#1444,#1445);
#1444 = CARTESIAN_POINT('',(-0.5,0.34,0.77));
#1445 = VECTOR('',#1446,1.);
#1446 = DIRECTION('',(1.,0.,0.));
#1447 = ORIENTED_EDGE('',*,*,#1448,.F.);
#1448 = EDGE_CURVE('',#1416,#1441,#1449,.T.);
#1449 = CIRCLE('',#1450,3.E-02);
#1450 = AXIS2_PLACEMENT_3D('',#1451,#1452,#1453);
#1451 = CARTESIAN_POINT('',(0.5,0.34,0.74));
#1452 = DIRECTION('',(1.,0.,-0.));
#1453 = DIRECTION('',(0.,0.,1.));
#1454 = ORIENTED_EDGE('',*,*,#1425,.F.);
#1455 = CYLINDRICAL_SURFACE('',#1456,3.E-02);
#1456 = AXIS2_PLACEMENT_3D('',#1457,#1458,#1459);
#1457 = CARTESIAN_POINT('',(-0.5,0.34,0.74));
#1458 = DIRECTION('',(1.,0.,0.));
#1459 = DIRECTION('',(-0.,1.,0.));
#1460 = ADVANCED_FACE('',(#1461),#1479,.T.);
#1461 = FACE_BOUND('',#1462,.T.);
#1462 = EDGE_LOOP('',(#1463,#1464,#1472,#1478));
#1463 = ORIENTED_EDGE('',*,*,#1286,.F.);
#1464 = ORIENTED_EDGE('',*,*,#1465,.T.);
#1465 = EDGE_CURVE('',#1278,#1466,#1468,.T.);
#1466 = VERTEX_POINT('',#1467);
#1467 = CARTESIAN_POINT('',(0.5,-0.34,0.77));
#1468 = LINE('',#1469,#1470);
#1469 = CARTESIAN_POINT('',(-0.5,-0.34,0.77));
#1470 = VECTOR('',#1471,1.);
#1471 = DIRECTION('',(1.,0.,0.));
#1472 = ORIENTED_EDGE('',*,*,#1473,.T.);
#1473 = EDGE_CURVE('',#1466,#1441,#1474,.T.);
#1474 = LINE('',#1475,#1476);
#1475 = CARTESIAN_POINT('',(0.5,-0.37,0.77));
#1476 = VECTOR('',#1477,1.);
#1477 = DIRECTION('',(0.,1.,0.));
#1478 = ORIENTED_EDGE('',*,*,#1440,.F.);
#1479 = PLANE('',#1480);
#1480 = AXIS2_PLACEMENT_3D('',#1481,#1482,#1483);
#1481 = CARTESIAN_POINT('',(-0.5,-0.37,0.77));
#1482 = DIRECTION('',(0.,0.,1.));
#1483 = DIRECTION('',(1.,0.,-0.));
#1484 = ADVANCED_FACE('',(#1485),#1504,.T.);
#1485 = FACE_BOUND('',#1486,.T.);
#1486 = EDGE_LOOP('',(#1487,#1495,#1502,#1503));
#1487 = ORIENTED_EDGE('',*,*,#1488,.T.);
#1488 = EDGE_CURVE('',#1270,#1489,#1491,.T.);
#1489 = VERTEX_POINT('',#1490);
#1490 = CARTESIAN_POINT('',(0.5,-0.37,0.74));
#1491 = LINE('',#1492,#1493);
#1492 = CARTESIAN_POINT('',(-0.5,-0.37,0.74));
#1493 = VECTOR('',#1494,1.);
#1494 = DIRECTION('',(1.,0.,0.));
#1495 = ORIENTED_EDGE('',*,*,#1496,.T.);
#1496 = EDGE_CURVE('',#1489,#1466,#1497,.T.);
#1497 = CIRCLE('',#1498,3.E-02);
#1498 = AXIS2_PLACEMENT_3D('',#1499,#1500,#1501);
#1499 = CARTESIAN_POINT('',(0.5,-0.34,0.74));
#1500 = DIRECTION('',(-1.,0.,0.));
#1501 = DIRECTION('',(0.,0.,1.));
#1502 = ORIENTED_EDGE('',*,*,#1465,.F.);
#1503 = ORIENTED_EDGE('',*,*,#1277,.F.);
#1504 = CYLINDRICAL_SURFACE('',#1505,3.E-02);
#1505 = AXIS2_PLACEMENT_3D('',#1506,#1507,#1508);
#1506 = CARTESIAN_POINT('',(-0.5,-0.34,0.74));
#1507 = DIRECTION('',(1.,0.,0.));
#1508 = DIRECTION('',(0.,-1.,0.));
#1509 = ADVANCED_FACE('',(#1510),#1521,.F.);
#1510 = FACE_BOUND('',#1511,.F.);
#1511 = EDGE_LOOP('',(#1512,#1518,#1519,#1520));
#1512 = ORIENTED_EDGE('',*,*,#1513,.F.);
#1513 = EDGE_CURVE('',#1344,#1489,#1514,.T.);
#1514 = LINE('',#1515,#1516);
#1515 = CARTESIAN_POINT('',(0.5,-0.37,3.E-02));
#1516 = VECTOR('',#1517,1.);
#1517 = DIRECTION('',(0.,0.,1.));
#1518 = ORIENTED_EDGE('',*,*,#1352,.F.);
#1519 = ORIENTED_EDGE('',*,*,#1269,.T.);
#1520 = ORIENTED_EDGE('',*,*,#1488,.T.);
#1521 = PLANE('',#1522);
#1522 = AXIS2_PLACEMENT_3D('',#1523,#1524,#1525);
#1523 = CARTESIAN_POINT('',(-0.5,-0.37,3.E-02));
#1524 = DIRECTION('',(0.,1.,0.));
#1525 = DIRECTION('',(0.,-0.,1.));
#1526 = ADVANCED_FACE('',(#1527,#1597),#1607,.F.);
#1527 = FACE_BOUND('',#1528,.F.);
#1528 = EDGE_LOOP('',(#1529,#1539,#1548,#1556,#1565,#1573,#1582,#1590));
#1529 = ORIENTED_EDGE('',*,*,#1530,.F.);
#1530 = EDGE_CURVE('',#1531,#1533,#1535,.T.);
#1531 = VERTEX_POINT('',#1532);
#1532 = CARTESIAN_POINT('',(0.5,-0.4,3.E-02));
#1533 = VERTEX_POINT('',#1534);
#1534 = CARTESIAN_POINT('',(0.5,-0.4,0.77));
#1535 = LINE('',#1536,#1537);
#1536 = CARTESIAN_POINT('',(0.5,-0.4,0.));
#1537 = VECTOR('',#1538,1.);
#1538 = DIRECTION('',(0.,0.,1.));
#1539 = ORIENTED_EDGE('',*,*,#1540,.T.);
#1540 = EDGE_CURVE('',#1531,#1541,#1543,.T.);
#1541 = VERTEX_POINT('',#1542);
#1542 = CARTESIAN_POINT('',(0.5,-0.37,0.));
#1543 = CIRCLE('',#1544,3.E-02);
#1544 = AXIS2_PLACEMENT_3D('',#1545,#1546,#1547);
#1545 = CARTESIAN_POINT('',(0.5,-0.37,3.E-02));
#1546 = DIRECTION('',(1.,0.,-0.));
#1547 = DIRECTION('',(0.,0.,1.));
#1548 = ORIENTED_EDGE('',*,*,#1549,.T.);
#1549 = EDGE_CURVE('',#1541,#1550,#1552,.T.);
#1550 = VERTEX_POINT('',#1551);
#1551 = CARTESIAN_POINT('',(0.5,0.37,0.));
#1552 = LINE('',#1553,#1554);
#1553 = CARTESIAN_POINT('',(0.5,-0.4,0.));
#1554 = VECTOR('',#1555,1.);
#1555 = DIRECTION('',(0.,1.,0.));
#1556 = ORIENTED_EDGE('',*,*,#1557,.F.);
#1557 = EDGE_CURVE('',#1558,#1550,#1560,.T.);
#1558 = VERTEX_POINT('',#1559);
#1559 = CARTESIAN_POINT('',(0.5,0.4,3.E-02));
#1560 = CIRCLE('',#1561,3.E-02);
#1561 = AXIS2_PLACEMENT_3D('',#1562,#1563,#1564);
#1562 = CARTESIAN_POINT('',(0.5,0.37,3.E-02));
#1563 = DIRECTION('',(-1.,0.,0.));
#1564 = DIRECTION('',(0.,0.,1.));
#1565 = ORIENTED_EDGE('',*,*,#1566,.T.);
#1566 = EDGE_CURVE('',#1558,#1567,#1569,.T.);
#1567 = VERTEX_POINT('',#1568);
#1568 = CARTESIAN_POINT('',(0.5,0.4,0.77));
#1569 = LINE('',#1570,#1571);
#1570 = CARTESIAN_POINT('',(0.5,0.4,0.));
#1571 = VECTOR('',#1572,1.);
#1572 = DIRECTION('',(0.,0.,1.));
#1573 = ORIENTED_EDGE('',*,*,#1574,.T.);
#1574 = EDGE_CURVE('',#1567,#1575,#1577,.T.);
#1575 = VERTEX_POINT('',#1576);
#1576 = CARTESIAN_POINT('',(0.5,0.37,0.8));
#1577 = CIRCLE('',#1578,3.E-02);
#1578 = AXIS2_PLACEMENT_3D('',#1579,#1580,#1581);
#1579 = CARTESIAN_POINT('',(0.5,0.37,0.77));
#1580 = DIRECTION('',(1.,0.,-0.));
#1581 = DIRECTION('',(0.,0.,1.));
#1582 = ORIENTED_EDGE('',*,*,#1583,.F.);
#1583 = EDGE_CURVE('',#1584,#1575,#1586,.T.);
#1584 = VERTEX_POINT('',#1585);
#1585 = CARTESIAN_POINT('',(0.5,-0.37,0.8));
#1586 = LINE('',#1587,#1588);
#1587 = CARTESIAN_POINT('',(0.5,-0.4,0.8));
#1588 = VECTOR('',#1589,1.);
#1589 = DIRECTION('',(0.,1.,0.));
#1590 = ORIENTED_EDGE('',*,*,#1591,.F.);
#1591 = EDGE_CURVE('',#1533,#1584,#1592,.T.);
#1592 = CIRCLE('',#1593,3.E-02);
#1593 = AXIS2_PLACEMENT_3D('',#1594,#1595,#1596);
#1594 = CARTESIAN_POINT('',(0.5,-0.37,0.77));
#1595 = DIRECTION('',(-1.,0.,0.));
#1596 = DIRECTION('',(0.,0.,1.));
#1597 = FACE_BOUND('',#1598,.F.);
#1598 = EDGE_LOOP('',(#1599,#1600,#1601,#1602,#1603,#1604,#1605,#1606));
#1599 = ORIENTED_EDGE('',*,*,#1343,.F.);
#1600 = ORIENTED_EDGE('',*,*,#1513,.T.);
#1601 = ORIENTED_EDGE('',*,*,#1496,.T.);
#1602 = ORIENTED_EDGE('',*,*,#1473,.T.);
#1603 = ORIENTED_EDGE('',*,*,#1448,.F.);
#1604 = ORIENTED_EDGE('',*,*,#1415,.F.);
#1605 = ORIENTED_EDGE('',*,*,#1398,.T.);
#1606 = ORIENTED_EDGE('',*,*,#1368,.F.);
#1607 = PLANE('',#1608);
#1608 = AXIS2_PLACEMENT_3D('',#1609,#1610,#1611);
#1609 = CARTESIAN_POINT('',(0.5,-0.4,0.));
#1610 = DIRECTION('',(1.,0.,0.));
#1611 = DIRECTION('',(0.,0.,1.));
#1612 = ADVANCED_FACE('',(#1613),#1638,.F.);
#1613 = FACE_BOUND('',#1614,.F.);
#1614 = EDGE_LOOP('',(#1615,#1625,#1631,#1632));
#1615 = ORIENTED_EDGE('',*,*,#1616,.F.);
#1616 = EDGE_CURVE('',#1617,#1619,#1621,.T.);
#1617 = VERTEX_POINT('',#1618);
#1618 = CARTESIAN_POINT('',(0.8,-0.4,3.E-02));
#1619 = VERTEX_POINT('',#1620);
#1620 = CARTESIAN_POINT('',(0.8,-0.4,0.77));
#1621 = LINE('',#1622,#1623);
#1622 = CARTESIAN_POINT('',(0.8,-0.4,0.));
#1623 = VECTOR('',#1624,1.);
#1624 = DIRECTION('',(0.,0.,1.));
#1625 = ORIENTED_EDGE('',*,*,#1626,.F.);
#1626 = EDGE_CURVE('',#1531,#1617,#1627,.T.);
#1627 = LINE('',#1628,#1629);
#1628 = CARTESIAN_POINT('',(0.5,-0.4,3.E-02));
#1629 = VECTOR('',#1630,1.);
#1630 = DIRECTION('',(1.,0.,0.));
#1631 = ORIENTED_EDGE('',*,*,#1530,.T.);
#1632 = ORIENTED_EDGE('',*,*,#1633,.T.);
#1633 = EDGE_CURVE('',#1533,#1619,#1634,.T.);
#1634 = LINE('',#1635,#1636);
#1635 = CARTESIAN_POINT('',(0.5,-0.4,0.77));
#1636 = VECTOR('',#1637,1.);
#1637 = DIRECTION('',(1.,0.,0.));
#1638 = PLANE('',#1639);
#1639 = AXIS2_PLACEMENT_3D('',#1640,#1641,#1642);
#1640 = CARTESIAN_POINT('',(0.5,-0.4,0.));
#1641 = DIRECTION('',(0.,1.,0.));
#1642 = DIRECTION('',(0.,-0.,1.));
#1643 = ADVANCED_FACE('',(#1644),#1663,.T.);
#1644 = FACE_BOUND('',#1645,.T.);
#1645 = EDGE_LOOP('',(#1646,#1647,#1655,#1662));
#1646 = ORIENTED_EDGE('',*,*,#1540,.T.);
#1647 = ORIENTED_EDGE('',*,*,#1648,.T.);
#1648 = EDGE_CURVE('',#1541,#1649,#1651,.T.);
#1649 = VERTEX_POINT('',#1650);
#1650 = CARTESIAN_POINT('',(0.8,-0.37,0.));
#1651 = LINE('',#1652,#1653);
#1652 = CARTESIAN_POINT('',(0.5,-0.37,0.));
#1653 = VECTOR('',#1654,1.);
#1654 = DIRECTION('',(1.,0.,0.));
#1655 = ORIENTED_EDGE('',*,*,#1656,.F.);
#1656 = EDGE_CURVE('',#1617,#1649,#1657,.T.);
#1657 = CIRCLE('',#1658,3.E-02);
#1658 = AXIS2_PLACEMENT_3D('',#1659,#1660,#1661);
#1659 = CARTESIAN_POINT('',(0.8,-0.37,3.E-02));
#1660 = DIRECTION('',(1.,0.,-0.));
#1661 = DIRECTION('',(0.,0.,1.));
#1662 = ORIENTED_EDGE('',*,*,#1626,.F.);
#1663 = CYLINDRICAL_SURFACE('',#1664,3.E-02);
#1664 = AXIS2_PLACEMENT_3D('',#1665,#1666,#1667);
#1665 = CARTESIAN_POINT('',(0.5,-0.37,3.E-02));
#1666 = DIRECTION('',(1.,0.,0.));
#1667 = DIRECTION('',(0.,-1.,0.));
#1668 = ADVANCED_FACE('',(#1669),#1688,.T.);
#1669 = FACE_BOUND('',#1670,.T.);
#1670 = EDGE_LOOP('',(#1671,#1672,#1681,#1687));
#1671 = ORIENTED_EDGE('',*,*,#1633,.T.);
#1672 = ORIENTED_EDGE('',*,*,#1673,.T.);
#1673 = EDGE_CURVE('',#1619,#1674,#1676,.T.);
#1674 = VERTEX_POINT('',#1675);
#1675 = CARTESIAN_POINT('',(0.8,-0.37,0.8));
#1676 = CIRCLE('',#1677,3.E-02);
#1677 = AXIS2_PLACEMENT_3D('',#1678,#1679,#1680);
#1678 = CARTESIAN_POINT('',(0.8,-0.37,0.77));
#1679 = DIRECTION('',(-1.,0.,0.));
#1680 = DIRECTION('',(0.,0.,1.));
#1681 = ORIENTED_EDGE('',*,*,#1682,.F.);
#1682 = EDGE_CURVE('',#1584,#1674,#1683,.T.);
#1683 = LINE('',#1684,#1685);
#1684 = CARTESIAN_POINT('',(0.5,-0.37,0.8));
#1685 = VECTOR('',#1686,1.);
#1686 = DIRECTION('',(1.,0.,0.));
#1687 = ORIENTED_EDGE('',*,*,#1591,.F.);
#1688 = CYLINDRICAL_SURFACE('',#1689,3.E-02);
#1689 = AXIS2_PLACEMENT_3D('',#1690,#1691,#1692);
#1690 = CARTESIAN_POINT('',(0.5,-0.37,0.77));
#1691 = DIRECTION('',(1.,0.,0.));
#1692 = DIRECTION('',(0.,-1.,0.));
#1693 = ADVANCED_FACE('',(#1694),#1712,.F.);
#1694 = FACE_BOUND('',#1695,.F.);
#1695 = EDGE_LOOP('',(#1696,#1697,#1698,#1706));
#1696 = ORIENTED_EDGE('',*,*,#1549,.F.);
#1697 = ORIENTED_EDGE('',*,*,#1648,.T.);
#1698 = ORIENTED_EDGE('',*,*,#1699,.T.);
#1699 = EDGE_CURVE('',#1649,#1700,#1702,.T.);
#1700 = VERTEX_POINT('',#1701);
#1701 = CARTESIAN_POINT('',(0.8,0.37,0.));
#1702 = LINE('',#1703,#1704);
#1703 = CARTESIAN_POINT('',(0.8,-0.4,0.));
#1704 = VECTOR('',#1705,1.);
#1705 = DIRECTION('',(0.,1.,0.));
#1706 = ORIENTED_EDGE('',*,*,#1707,.F.);
#1707 = EDGE_CURVE('',#1550,#1700,#1708,.T.);
#1708 = LINE('',#1709,#1710);
#1709 = CARTESIAN_POINT('',(0.5,0.37,0.));
#1710 = VECTOR('',#1711,1.);
#1711 = DIRECTION('',(1.,0.,0.));
#1712 = PLANE('',#1713);
#1713 = AXIS2_PLACEMENT_3D('',#1714,#1715,#1716);
#1714 = CARTESIAN_POINT('',(0.5,-0.4,0.));
#1715 = DIRECTION('',(0.,0.,1.));
#1716 = DIRECTION('',(1.,0.,-0.));
#1717 = ADVANCED_FACE('',(#1718),#1736,.T.);
#1718 = FACE_BOUND('',#1719,.T.);
#1719 = EDGE_LOOP('',(#1720,#1721,#1722,#1730));
#1720 = ORIENTED_EDGE('',*,*,#1583,.F.);
#1721 = ORIENTED_EDGE('',*,*,#1682,.T.);
#1722 = ORIENTED_EDGE('',*,*,#1723,.T.);
#1723 = EDGE_CURVE('',#1674,#1724,#1726,.T.);
#1724 = VERTEX_POINT('',#1725);
#1725 = CARTESIAN_POINT('',(0.8,0.37,0.8));
#1726 = LINE('',#1727,#1728);
#1727 = CARTESIAN_POINT('',(0.8,-0.4,0.8));
#1728 = VECTOR('',#1729,1.);
#1729 = DIRECTION('',(0.,1.,0.));
#1730 = ORIENTED_EDGE('',*,*,#1731,.F.);
#1731 = EDGE_CURVE('',#1575,#1724,#1732,.T.);
#1732 = LINE('',#1733,#1734);
#1733 = CARTESIAN_POINT('',(0.5,0.37,0.8));
#1734 = VECTOR('',#1735,1.);
#1735 = DIRECTION('',(1.,0.,0.));
#1736 = PLANE('',#1737);
#1737 = AXIS2_PLACEMENT_3D('',#1738,#1739,#1740);
#1738 = CARTESIAN_POINT('',(0.5,-0.4,0.8));
#1739 = DIRECTION('',(0.,0.,1.));
#1740 = DIRECTION('',(1.,0.,-0.));
#1741 = ADVANCED_FACE('',(#1742),#1761,.T.);
#1742 = FACE_BOUND('',#1743,.T.);
#1743 = EDGE_LOOP('',(#1744,#1752,#1759,#1760));
#1744 = ORIENTED_EDGE('',*,*,#1745,.T.);
#1745 = EDGE_CURVE('',#1558,#1746,#1748,.T.);
#1746 = VERTEX_POINT('',#1747);
#1747 = CARTESIAN_POINT('',(0.8,0.4,3.E-02));
#1748 = LINE('',#1749,#1750);
#1749 = CARTESIAN_POINT('',(0.5,0.4,3.E-02));
#1750 = VECTOR('',#1751,1.);
#1751 = DIRECTION('',(1.,0.,0.));
#1752 = ORIENTED_EDGE('',*,*,#1753,.T.);
#1753 = EDGE_CURVE('',#1746,#1700,#1754,.T.);
#1754 = CIRCLE('',#1755,3.E-02);
#1755 = AXIS2_PLACEMENT_3D('',#1756,#1757,#1758);
#1756 = CARTESIAN_POINT('',(0.8,0.37,3.E-02));
#1757 = DIRECTION('',(-1.,0.,0.));
#1758 = DIRECTION('',(0.,0.,1.));
#1759 = ORIENTED_EDGE('',*,*,#1707,.F.);
#1760 = ORIENTED_EDGE('',*,*,#1557,.F.);
#1761 = CYLINDRICAL_SURFACE('',#1762,3.E-02);
#1762 = AXIS2_PLACEMENT_3D('',#1763,#1764,#1765);
#1763 = CARTESIAN_POINT('',(0.5,0.37,3.E-02));
#1764 = DIRECTION('',(1.,0.,0.));
#1765 = DIRECTION('',(-0.,1.,0.));
#1766 = ADVANCED_FACE('',(#1767),#1786,.T.);
#1767 = FACE_BOUND('',#1768,.T.);
#1768 = EDGE_LOOP('',(#1769,#1770,#1771,#1780));
#1769 = ORIENTED_EDGE('',*,*,#1574,.T.);
#1770 = ORIENTED_EDGE('',*,*,#1731,.T.);
#1771 = ORIENTED_EDGE('',*,*,#1772,.F.);
#1772 = EDGE_CURVE('',#1773,#1724,#1775,.T.);
#1773 = VERTEX_POINT('',#1774);
#1774 = CARTESIAN_POINT('',(0.8,0.4,0.77));
#1775 = CIRCLE('',#1776,3.E-02);
#1776 = AXIS2_PLACEMENT_3D('',#1777,#1778,#1779);
#1777 = CARTESIAN_POINT('',(0.8,0.37,0.77));
#1778 = DIRECTION('',(1.,0.,-0.));
#1779 = DIRECTION('',(0.,0.,1.));
#1780 = ORIENTED_EDGE('',*,*,#1781,.F.);
#1781 = EDGE_CURVE('',#1567,#1773,#1782,.T.);
#1782 = LINE('',#1783,#1784);
#1783 = CARTESIAN_POINT('',(0.5,0.4,0.77));
#1784 = VECTOR('',#1785,1.);
#1785 = DIRECTION('',(1.,0.,0.));
#1786 = CYLINDRICAL_SURFACE('',#1787,3.E-02);
#1787 = AXIS2_PLACEMENT_3D('',#1788,#1789,#1790);
#1788 = CARTESIAN_POINT('',(0.5,0.37,0.77));
#1789 = DIRECTION('',(1.,0.,0.));
#1790 = DIRECTION('',(-0.,1.,0.));
#1791 = ADVANCED_FACE('',(#1792),#1803,.T.);
#1792 = FACE_BOUND('',#1793,.T.);
#1793 = EDGE_LOOP('',(#1794,#1800,#1801,#1802));
#1794 = ORIENTED_EDGE('',*,*,#1795,.F.);
#1795 = EDGE_CURVE('',#1746,#1773,#1796,.T.);
#1796 = LINE('',#1797,#1798);
#1797 = CARTESIAN_POINT('',(0.8,0.4,0.));
#1798 = VECTOR('',#1799,1.);
#1799 = DIRECTION('',(0.,0.,1.));
#1800 = ORIENTED_EDGE('',*,*,#1745,.F.);
#1801 = ORIENTED_EDGE('',*,*,#1566,.T.);
#1802 = ORIENTED_EDGE('',*,*,#1781,.T.);
#1803 = PLANE('',#1804);
#1804 = AXIS2_PLACEMENT_3D('',#1805,#1806,#1807);
#1805 = CARTESIAN_POINT('',(0.5,0.4,0.));
#1806 = DIRECTION('',(0.,1.,0.));
#1807 = DIRECTION('',(0.,-0.,1.));
#1808 = ADVANCED_FACE('',(#1809),#1819,.T.);
#1809 = FACE_BOUND('',#1810,.T.);
#1810 = EDGE_LOOP('',(#1811,#1812,#1813,#1814,#1815,#1816,#1817,#1818));
#1811 = ORIENTED_EDGE('',*,*,#1616,.F.);
#1812 = ORIENTED_EDGE('',*,*,#1656,.T.);
#1813 = ORIENTED_EDGE('',*,*,#1699,.T.);
#1814 = ORIENTED_EDGE('',*,*,#1753,.F.);
#1815 = ORIENTED_EDGE('',*,*,#1795,.T.);
#1816 = ORIENTED_EDGE('',*,*,#1772,.T.);
#1817 = ORIENTED_EDGE('',*,*,#1723,.F.);
#1818 = ORIENTED_EDGE('',*,*,#1673,.F.);
#1819 = PLANE('',#1820);
#1820 = AXIS2_PLACEMENT_3D('',#1821,#1822,#1823);
#1821 = CARTESIAN_POINT('',(0.8,-0.4,0.));
#1822 = DIRECTION('',(1.,0.,0.));
#1823 = DIRECTION('',(0.,0.,1.));
#1824 = ( GEOMETRIC_REPRESENTATION_CONTEXT(3) 
GLOBAL_UNCERTAINTY_ASSIGNED_CONTEXT((#1828)) 
GLOBAL_UNIT_ASSIGNED_CONTEXT((#1825,#1826,#1827)) REPRESENTATION_CONTEXT
('Context #1','3D Context with UNIT and UNCERTAINTY') );
#1825 = ( LENGTH_UNIT() NAMED_UNIT(*) SI_UNIT(.MILLI.,.METRE.) );
#1826 = ( NAMED_UNIT(*) PLANE_ANGLE_UNIT() SI_UNIT($,.RADIAN.) );
#1827 = ( NAMED_UNIT(*) SI_UNIT($,.STERADIAN.) SOLID_ANGLE_UNIT() );
#1828 = UNCERTAINTY_MEASURE_WITH_UNIT(LENGTH_MEASURE(1.E-07),#1825,
  'distance_accuracy_value','confusion accuracy');
#1829 = CONTEXT_DEPENDENT_SHAPE_REPRESENTATION(#1830,#1832);
#1830 = ( REPRESENTATION_RELATIONSHIP('','',#969,#10) 
REPRESENTATION_RELATIONSHIP_WITH_TRANSFORMATION(#1831) 
SHAPE_REPRESENTATION_RELATIONSHIP() );
#1831 = ITEM_DEFINED_TRANSFORMATION('','',#11,#19);
#1832 = PRODUCT_DEFINITION_SHAPE('Placement','Placement of an item',
  #1833);
#1833 = NEXT_ASSEMBLY_USAGE_OCCURRENCE('2','C2','',#5,#964,$);
#1834 = PRODUCT_RELATED_PRODUCT_CATEGORY('part',$,(#966));
#1835 = SHAPE_DEFINITION_REPRESENTATION(#1836,#1842);
#1836 = PRODUCT_DEFINITION_SHAPE('','',#1837);
#1837 = PRODUCT_DEFINITION('design','',#1838,#1841);
#1838 = PRODUCT_DEFINITION_FORMATION('','',#1839);
#1839 = PRODUCT('R_0402_1005Metric','R_0402_1005Metric','',(#1840));
#1840 = PRODUCT_CONTEXT('',#2,'mechanical');
#1841 = PRODUCT_DEFINITION_CONTEXT('part definition',#2,'design');
#1842 = ADVANCED_BREP_SHAPE_REPRESENTATION('',(#11,#1843),#2633);
#1843 = MANIFOLD_SOLID_BREP('',#1844);
#1844 = CLOSED_SHELL('',(#1845,#1885,#1968,#1993,#2018,#2085,#2102,#2119
    ,#2168,#2185,#2202,#2251,#2268,#2337,#2368,#2392,#2461,#2485,#2502,
    #2519,#2536,#2553,#2570,#2587,#2604,#2621));
#1845 = ADVANCED_FACE('',(#1846),#1880,.F.);
#1846 = FACE_BOUND('',#1847,.F.);
#1847 = EDGE_LOOP('',(#1848,#1858,#1866,#1874));
#1848 = ORIENTED_EDGE('',*,*,#1849,.F.);
#1849 = EDGE_CURVE('',#1850,#1852,#1854,.T.);
#1850 = VERTEX_POINT('',#1851);
#1851 = CARTESIAN_POINT('',(-0.5,-0.25,3.5E-02));
#1852 = VERTEX_POINT('',#1853);
#1853 = CARTESIAN_POINT('',(-0.5,-0.25,0.315));
#1854 = LINE('',#1855,#1856);
#1855 = CARTESIAN_POINT('',(-0.5,-0.25,0.));
#1856 = VECTOR('',#1857,1.);
#1857 = DIRECTION('',(0.,0.,1.));
#1858 = ORIENTED_EDGE('',*,*,#1859,.T.);
#1859 = EDGE_CURVE('',#1850,#1860,#1862,.T.);
#1860 = VERTEX_POINT('',#1861);
#1861 = CARTESIAN_POINT('',(-0.5,0.25,3.5E-02));
#1862 = LINE('',#1863,#1864);
#1863 = CARTESIAN_POINT('',(-0.5,-0.25,3.5E-02));
#1864 = VECTOR('',#1865,1.);
#1865 = DIRECTION('',(0.,1.,0.));
#1866 = ORIENTED_EDGE('',*,*,#1867,.T.);
#1867 = EDGE_CURVE('',#1860,#1868,#1870,.T.);
#1868 = VERTEX_POINT('',#1869);
#1869 = CARTESIAN_POINT('',(-0.5,0.25,0.315));
#1870 = LINE('',#1871,#1872);
#1871 = CARTESIAN_POINT('',(-0.5,0.25,0.));
#1872 = VECTOR('',#1873,1.);
#1873 = DIRECTION('',(0.,0.,1.));
#1874 = ORIENTED_EDGE('',*,*,#1875,.F.);
#1875 = EDGE_CURVE('',#1852,#1868,#1876,.T.);
#1876 = LINE('',#1877,#1878);
#1877 = CARTESIAN_POINT('',(-0.5,-0.25,0.315));
#1878 = VECTOR('',#1879,1.);
#1879 = DIRECTION('',(0.,1.,0.));
#1880 = PLANE('',#1881);
#1881 = AXIS2_PLACEMENT_3D('',#1882,#1883,#1884);
#1882 = CARTESIAN_POINT('',(-0.5,-0.25,0.));
#1883 = DIRECTION('',(1.,0.,0.));
#1884 = DIRECTION('',(0.,0.,1.));
#1885 = ADVANCED_FACE('',(#1886),#1963,.F.);
#1886 = FACE_BOUND('',#1887,.F.);
#1887 = EDGE_LOOP('',(#1888,#1898,#1905,#1906,#1915,#1923,#1932,#1940,
    #1948,#1956));
#1888 = ORIENTED_EDGE('',*,*,#1889,.F.);
#1889 = EDGE_CURVE('',#1890,#1892,#1894,.T.);
#1890 = VERTEX_POINT('',#1891);
#1891 = CARTESIAN_POINT('',(-0.465,-0.25,-2.775557561563E-17));
#1892 = VERTEX_POINT('',#1893);
#1893 = CARTESIAN_POINT('',(-0.335,-0.25,-2.775557561563E-17));
#1894 = LINE('',#1895,#1896);
#1895 = CARTESIAN_POINT('',(-0.5,-0.25,0.));
#1896 = VECTOR('',#1897,1.);
#1897 = DIRECTION('',(1.,0.,0.));
#1898 = ORIENTED_EDGE('',*,*,#1899,.F.);
#1899 = EDGE_CURVE('',#1850,#1890,#1900,.T.);
#1900 = CIRCLE('',#1901,3.5E-02);
#1901 = AXIS2_PLACEMENT_3D('',#1902,#1903,#1904);
#1902 = CARTESIAN_POINT('',(-0.465,-0.25,3.5E-02));
#1903 = DIRECTION('',(0.,-1.,0.));
#1904 = DIRECTION('',(0.,0.,1.));
#1905 = ORIENTED_EDGE('',*,*,#1849,.T.);
#1906 = ORIENTED_EDGE('',*,*,#1907,.T.);
#1907 = EDGE_CURVE('',#1852,#1908,#1910,.T.);
#1908 = VERTEX_POINT('',#1909);
#1909 = CARTESIAN_POINT('',(-0.465,-0.25,0.35));
#1910 = CIRCLE('',#1911,3.5E-02);
#1911 = AXIS2_PLACEMENT_3D('',#1912,#1913,#1914);
#1912 = CARTESIAN_POINT('',(-0.465,-0.25,0.315));
#1913 = DIRECTION('',(0.,1.,0.));
#1914 = DIRECTION('',(0.,-0.,1.));
#1915 = ORIENTED_EDGE('',*,*,#1916,.T.);
#1916 = EDGE_CURVE('',#1908,#1917,#1919,.T.);
#1917 = VERTEX_POINT('',#1918);
#1918 = CARTESIAN_POINT('',(-0.335,-0.25,0.35));
#1919 = LINE('',#1920,#1921);
#1920 = CARTESIAN_POINT('',(-0.5,-0.25,0.35));
#1921 = VECTOR('',#1922,1.);
#1922 = DIRECTION('',(1.,0.,0.));
#1923 = ORIENTED_EDGE('',*,*,#1924,.F.);
#1924 = EDGE_CURVE('',#1925,#1917,#1927,.T.);
#1925 = VERTEX_POINT('',#1926);
#1926 = CARTESIAN_POINT('',(-0.3,-0.25,0.315));
#1927 = CIRCLE('',#1928,3.5E-02);
#1928 = AXIS2_PLACEMENT_3D('',#1929,#1930,#1931);
#1929 = CARTESIAN_POINT('',(-0.335,-0.25,0.315));
#1930 = DIRECTION('',(0.,-1.,0.));
#1931 = DIRECTION('',(0.,0.,1.));
#1932 = ORIENTED_EDGE('',*,*,#1933,.F.);
#1933 = EDGE_CURVE('',#1934,#1925,#1936,.T.);
#1934 = VERTEX_POINT('',#1935);
#1935 = CARTESIAN_POINT('',(-0.465,-0.25,0.315));
#1936 = LINE('',#1937,#1938);
#1937 = CARTESIAN_POINT('',(-0.465,-0.25,0.315));
#1938 = VECTOR('',#1939,1.);
#1939 = DIRECTION('',(1.,0.,0.));
#1940 = ORIENTED_EDGE('',*,*,#1941,.F.);
#1941 = EDGE_CURVE('',#1942,#1934,#1944,.T.);
#1942 = VERTEX_POINT('',#1943);
#1943 = CARTESIAN_POINT('',(-0.465,-0.25,3.5E-02));
#1944 = LINE('',#1945,#1946);
#1945 = CARTESIAN_POINT('',(-0.465,-0.25,3.5E-02));
#1946 = VECTOR('',#1947,1.);
#1947 = DIRECTION('',(0.,0.,1.));
#1948 = ORIENTED_EDGE('',*,*,#1949,.T.);
#1949 = EDGE_CURVE('',#1942,#1950,#1952,.T.);
#1950 = VERTEX_POINT('',#1951);
#1951 = CARTESIAN_POINT('',(-0.3,-0.25,3.5E-02));
#1952 = LINE('',#1953,#1954);
#1953 = CARTESIAN_POINT('',(-0.465,-0.25,3.5E-02));
#1954 = VECTOR('',#1955,1.);
#1955 = DIRECTION('',(1.,0.,0.));
#1956 = ORIENTED_EDGE('',*,*,#1957,.T.);
#1957 = EDGE_CURVE('',#1950,#1892,#1958,.T.);
#1958 = CIRCLE('',#1959,3.5E-02);
#1959 = AXIS2_PLACEMENT_3D('',#1960,#1961,#1962);
#1960 = CARTESIAN_POINT('',(-0.335,-0.25,3.5E-02));
#1961 = DIRECTION('',(0.,1.,0.));
#1962 = DIRECTION('',(0.,-0.,1.));
#1963 = PLANE('',#1964);
#1964 = AXIS2_PLACEMENT_3D('',#1965,#1966,#1967);
#1965 = CARTESIAN_POINT('',(-0.5,-0.25,0.));
#1966 = DIRECTION('',(0.,1.,0.));
#1967 = DIRECTION('',(0.,-0.,1.));
#1968 = ADVANCED_FACE('',(#1969),#1988,.T.);
#1969 = FACE_BOUND('',#1970,.T.);
#1970 = EDGE_LOOP('',(#1971,#1972,#1981,#1987));
#1971 = ORIENTED_EDGE('',*,*,#1859,.T.);
#1972 = ORIENTED_EDGE('',*,*,#1973,.T.);
#1973 = EDGE_CURVE('',#1860,#1974,#1976,.T.);
#1974 = VERTEX_POINT('',#1975);
#1975 = CARTESIAN_POINT('',(-0.465,0.25,-2.775557561563E-17));
#1976 = CIRCLE('',#1977,3.5E-02);
#1977 = AXIS2_PLACEMENT_3D('',#1978,#1979,#1980);
#1978 = CARTESIAN_POINT('',(-0.465,0.25,3.5E-02));
#1979 = DIRECTION('',(0.,-1.,0.));
#1980 = DIRECTION('',(0.,0.,1.));
#1981 = ORIENTED_EDGE('',*,*,#1982,.F.);
#1982 = EDGE_CURVE('',#1890,#1974,#1983,.T.);
#1983 = LINE('',#1984,#1985);
#1984 = CARTESIAN_POINT('',(-0.465,-0.25,-2.775557561563E-17));
#1985 = VECTOR('',#1986,1.);
#1986 = DIRECTION('',(0.,1.,0.));
#1987 = ORIENTED_EDGE('',*,*,#1899,.F.);
#1988 = CYLINDRICAL_SURFACE('',#1989,3.5E-02);
#1989 = AXIS2_PLACEMENT_3D('',#1990,#1991,#1992);
#1990 = CARTESIAN_POINT('',(-0.465,-0.25,3.5E-02));
#1991 = DIRECTION('',(0.,1.,0.));
#1992 = DIRECTION('',(-1.,0.,0.));
#1993 = ADVANCED_FACE('',(#1994),#2013,.T.);
#1994 = FACE_BOUND('',#1995,.T.);
#1995 = EDGE_LOOP('',(#1996,#1997,#2005,#2012));
#1996 = ORIENTED_EDGE('',*,*,#1907,.T.);
#1997 = ORIENTED_EDGE('',*,*,#1998,.T.);
#1998 = EDGE_CURVE('',#1908,#1999,#2001,.T.);
#1999 = VERTEX_POINT('',#2000);
#2000 = CARTESIAN_POINT('',(-0.465,0.25,0.35));
#2001 = LINE('',#2002,#2003);
#2002 = CARTESIAN_POINT('',(-0.465,-0.25,0.35));
#2003 = VECTOR('',#2004,1.);
#2004 = DIRECTION('',(0.,1.,0.));
#2005 = ORIENTED_EDGE('',*,*,#2006,.F.);
#2006 = EDGE_CURVE('',#1868,#1999,#2007,.T.);
#2007 = CIRCLE('',#2008,3.5E-02);
#2008 = AXIS2_PLACEMENT_3D('',#2009,#2010,#2011);
#2009 = CARTESIAN_POINT('',(-0.465,0.25,0.315));
#2010 = DIRECTION('',(0.,1.,0.));
#2011 = DIRECTION('',(0.,-0.,1.));
#2012 = ORIENTED_EDGE('',*,*,#1875,.F.);
#2013 = CYLINDRICAL_SURFACE('',#2014,3.5E-02);
#2014 = AXIS2_PLACEMENT_3D('',#2015,#2016,#2017);
#2015 = CARTESIAN_POINT('',(-0.465,-0.25,0.315));
#2016 = DIRECTION('',(0.,1.,0.));
#2017 = DIRECTION('',(-1.,0.,0.));
#2018 = ADVANCED_FACE('',(#2019),#2080,.T.);
#2019 = FACE_BOUND('',#2020,.T.);
#2020 = EDGE_LOOP('',(#2021,#2029,#2030,#2031,#2032,#2040,#2049,#2057,
    #2065,#2073));
#2021 = ORIENTED_EDGE('',*,*,#2022,.F.);
#2022 = EDGE_CURVE('',#1974,#2023,#2025,.T.);
#2023 = VERTEX_POINT('',#2024);
#2024 = CARTESIAN_POINT('',(-0.335,0.25,-2.775557561563E-17));
#2025 = LINE('',#2026,#2027);
#2026 = CARTESIAN_POINT('',(-0.5,0.25,0.));
#2027 = VECTOR('',#2028,1.);
#2028 = DIRECTION('',(1.,0.,0.));
#2029 = ORIENTED_EDGE('',*,*,#1973,.F.);
#2030 = ORIENTED_EDGE('',*,*,#1867,.T.);
#2031 = ORIENTED_EDGE('',*,*,#2006,.T.);
#2032 = ORIENTED_EDGE('',*,*,#2033,.T.);
#2033 = EDGE_CURVE('',#1999,#2034,#2036,.T.);
#2034 = VERTEX_POINT('',#2035);
#2035 = CARTESIAN_POINT('',(-0.335,0.25,0.35));
#2036 = LINE('',#2037,#2038);
#2037 = CARTESIAN_POINT('',(-0.5,0.25,0.35));
#2038 = VECTOR('',#2039,1.);
#2039 = DIRECTION('',(1.,0.,0.));
#2040 = ORIENTED_EDGE('',*,*,#2041,.F.);
#2041 = EDGE_CURVE('',#2042,#2034,#2044,.T.);
#2042 = VERTEX_POINT('',#2043);
#2043 = CARTESIAN_POINT('',(-0.3,0.25,0.315));
#2044 = CIRCLE('',#2045,3.5E-02);
#2045 = AXIS2_PLACEMENT_3D('',#2046,#2047,#2048);
#2046 = CARTESIAN_POINT('',(-0.335,0.25,0.315));
#2047 = DIRECTION('',(0.,-1.,0.));
#2048 = DIRECTION('',(0.,0.,1.));
#2049 = ORIENTED_EDGE('',*,*,#2050,.F.);
#2050 = EDGE_CURVE('',#2051,#2042,#2053,.T.);
#2051 = VERTEX_POINT('',#2052);
#2052 = CARTESIAN_POINT('',(-0.465,0.25,0.315));
#2053 = LINE('',#2054,#2055);
#2054 = CARTESIAN_POINT('',(-0.465,0.25,0.315));
#2055 = VECTOR('',#2056,1.);
#2056 = DIRECTION('',(1.,0.,0.));
#2057 = ORIENTED_EDGE('',*,*,#2058,.F.);
#2058 = EDGE_CURVE('',#2059,#2051,#2061,.T.);
#2059 = VERTEX_POINT('',#2060);
#2060 = CARTESIAN_POINT('',(-0.465,0.25,3.5E-02));
#2061 = LINE('',#2062,#2063);
#2062 = CARTESIAN_POINT('',(-0.465,0.25,3.5E-02));
#2063 = VECTOR('',#2064,1.);
#2064 = DIRECTION('',(0.,0.,1.));
#2065 = ORIENTED_EDGE('',*,*,#2066,.T.);
#2066 = EDGE_CURVE('',#2059,#2067,#2069,.T.);
#2067 = VERTEX_POINT('',#2068);
#2068 = CARTESIAN_POINT('',(-0.3,0.25,3.5E-02));
#2069 = LINE('',#2070,#2071);
#2070 = CARTESIAN_POINT('',(-0.465,0.25,3.5E-02));
#2071 = VECTOR('',#2072,1.);
#2072 = DIRECTION('',(1.,0.,0.));
#2073 = ORIENTED_EDGE('',*,*,#2074,.T.);
#2074 = EDGE_CURVE('',#2067,#2023,#2075,.T.);
#2075 = CIRCLE('',#2076,3.5E-02);
#2076 = AXIS2_PLACEMENT_3D('',#2077,#2078,#2079);
#2077 = CARTESIAN_POINT('',(-0.335,0.25,3.5E-02));
#2078 = DIRECTION('',(0.,1.,0.));
#2079 = DIRECTION('',(0.,-0.,1.));
#2080 = PLANE('',#2081);
#2081 = AXIS2_PLACEMENT_3D('',#2082,#2083,#2084);
#2082 = CARTESIAN_POINT('',(-0.5,0.25,0.));
#2083 = DIRECTION('',(0.,1.,0.));
#2084 = DIRECTION('',(0.,-0.,1.));
#2085 = ADVANCED_FACE('',(#2086),#2097,.F.);
#2086 = FACE_BOUND('',#2087,.F.);
#2087 = EDGE_LOOP('',(#2088,#2089,#2090,#2091));
#2088 = ORIENTED_EDGE('',*,*,#2022,.F.);
#2089 = ORIENTED_EDGE('',*,*,#1982,.F.);
#2090 = ORIENTED_EDGE('',*,*,#1889,.T.);
#2091 = ORIENTED_EDGE('',*,*,#2092,.T.);
#2092 = EDGE_CURVE('',#1892,#2023,#2093,.T.);
#2093 = LINE('',#2094,#2095);
#2094 = CARTESIAN_POINT('',(-0.335,-0.25,-2.775557561563E-17));
#2095 = VECTOR('',#2096,1.);
#2096 = DIRECTION('',(0.,1.,0.));
#2097 = PLANE('',#2098);
#2098 = AXIS2_PLACEMENT_3D('',#2099,#2100,#2101);
#2099 = CARTESIAN_POINT('',(-0.5,-0.25,0.));
#2100 = DIRECTION('',(0.,0.,1.));
#2101 = DIRECTION('',(1.,0.,-0.));
#2102 = ADVANCED_FACE('',(#2103),#2114,.T.);
#2103 = FACE_BOUND('',#2104,.T.);
#2104 = EDGE_LOOP('',(#2105,#2106,#2107,#2108));
#2105 = ORIENTED_EDGE('',*,*,#1957,.T.);
#2106 = ORIENTED_EDGE('',*,*,#2092,.T.);
#2107 = ORIENTED_EDGE('',*,*,#2074,.F.);
#2108 = ORIENTED_EDGE('',*,*,#2109,.F.);
#2109 = EDGE_CURVE('',#1950,#2067,#2110,.T.);
#2110 = LINE('',#2111,#2112);
#2111 = CARTESIAN_POINT('',(-0.3,-0.25,3.5E-02));
#2112 = VECTOR('',#2113,1.);
#2113 = DIRECTION('',(0.,1.,0.));
#2114 = CYLINDRICAL_SURFACE('',#2115,3.5E-02);
#2115 = AXIS2_PLACEMENT_3D('',#2116,#2117,#2118);
#2116 = CARTESIAN_POINT('',(-0.335,-0.25,3.5E-02));
#2117 = DIRECTION('',(0.,1.,0.));
#2118 = DIRECTION('',(1.,0.,0.));
#2119 = ADVANCED_FACE('',(#2120),#2163,.F.);
#2120 = FACE_BOUND('',#2121,.F.);
#2121 = EDGE_LOOP('',(#2122,#2123,#2124,#2125,#2133,#2141,#2149,#2157));
#2122 = ORIENTED_EDGE('',*,*,#1949,.F.);
#2123 = ORIENTED_EDGE('',*,*,#1941,.T.);
#2124 = ORIENTED_EDGE('',*,*,#1933,.T.);
#2125 = ORIENTED_EDGE('',*,*,#2126,.T.);
#2126 = EDGE_CURVE('',#1925,#2127,#2129,.T.);
#2127 = VERTEX_POINT('',#2128);
#2128 = CARTESIAN_POINT('',(0.3,-0.25,0.315));
#2129 = LINE('',#2130,#2131);
#2130 = CARTESIAN_POINT('',(-0.3,-0.25,0.315));
#2131 = VECTOR('',#2132,1.);
#2132 = DIRECTION('',(1.,0.,0.));
#2133 = ORIENTED_EDGE('',*,*,#2134,.T.);
#2134 = EDGE_CURVE('',#2127,#2135,#2137,.T.);
#2135 = VERTEX_POINT('',#2136);
#2136 = CARTESIAN_POINT('',(0.465,-0.25,0.315));
#2137 = LINE('',#2138,#2139);
#2138 = CARTESIAN_POINT('',(-0.465,-0.25,0.315));
#2139 = VECTOR('',#2140,1.);
#2140 = DIRECTION('',(1.,0.,0.));
#2141 = ORIENTED_EDGE('',*,*,#2142,.F.);
#2142 = EDGE_CURVE('',#2143,#2135,#2145,.T.);
#2143 = VERTEX_POINT('',#2144);
#2144 = CARTESIAN_POINT('',(0.465,-0.25,3.5E-02));
#2145 = LINE('',#2146,#2147);
#2146 = CARTESIAN_POINT('',(0.465,-0.25,3.5E-02));
#2147 = VECTOR('',#2148,1.);
#2148 = DIRECTION('',(0.,0.,1.));
#2149 = ORIENTED_EDGE('',*,*,#2150,.F.);
#2150 = EDGE_CURVE('',#2151,#2143,#2153,.T.);
#2151 = VERTEX_POINT('',#2152);
#2152 = CARTESIAN_POINT('',(0.3,-0.25,3.5E-02));
#2153 = LINE('',#2154,#2155);
#2154 = CARTESIAN_POINT('',(-0.465,-0.25,3.5E-02));
#2155 = VECTOR('',#2156,1.);
#2156 = DIRECTION('',(1.,0.,0.));
#2157 = ORIENTED_EDGE('',*,*,#2158,.F.);
#2158 = EDGE_CURVE('',#1950,#2151,#2159,.T.);
#2159 = LINE('',#2160,#2161);
#2160 = CARTESIAN_POINT('',(-0.465,-0.25,3.5E-02));
#2161 = VECTOR('',#2162,1.);
#2162 = DIRECTION('',(1.,0.,0.));
#2163 = PLANE('',#2164);
#2164 = AXIS2_PLACEMENT_3D('',#2165,#2166,#2167);
#2165 = CARTESIAN_POINT('',(-0.465,-0.25,3.5E-02));
#2166 = DIRECTION('',(0.,1.,0.));
#2167 = DIRECTION('',(0.,-0.,1.));
#2168 = ADVANCED_FACE('',(#2169),#2180,.T.);
#2169 = FACE_BOUND('',#2170,.T.);
#2170 = EDGE_LOOP('',(#2171,#2172,#2173,#2174));
#2171 = ORIENTED_EDGE('',*,*,#2033,.F.);
#2172 = ORIENTED_EDGE('',*,*,#1998,.F.);
#2173 = ORIENTED_EDGE('',*,*,#1916,.T.);
#2174 = ORIENTED_EDGE('',*,*,#2175,.T.);
#2175 = EDGE_CURVE('',#1917,#2034,#2176,.T.);
#2176 = LINE('',#2177,#2178);
#2177 = CARTESIAN_POINT('',(-0.335,-0.25,0.35));
#2178 = VECTOR('',#2179,1.);
#2179 = DIRECTION('',(0.,1.,0.));
#2180 = PLANE('',#2181);
#2181 = AXIS2_PLACEMENT_3D('',#2182,#2183,#2184);
#2182 = CARTESIAN_POINT('',(-0.5,-0.25,0.35));
#2183 = DIRECTION('',(0.,0.,1.));
#2184 = DIRECTION('',(1.,0.,-0.));
#2185 = ADVANCED_FACE('',(#2186),#2197,.T.);
#2186 = FACE_BOUND('',#2187,.T.);
#2187 = EDGE_LOOP('',(#2188,#2194,#2195,#2196));
#2188 = ORIENTED_EDGE('',*,*,#2189,.T.);
#2189 = EDGE_CURVE('',#1925,#2042,#2190,.T.);
#2190 = LINE('',#2191,#2192);
#2191 = CARTESIAN_POINT('',(-0.3,-0.25,0.315));
#2192 = VECTOR('',#2193,1.);
#2193 = DIRECTION('',(0.,1.,0.));
#2194 = ORIENTED_EDGE('',*,*,#2041,.T.);
#2195 = ORIENTED_EDGE('',*,*,#2175,.F.);
#2196 = ORIENTED_EDGE('',*,*,#1924,.F.);
#2197 = CYLINDRICAL_SURFACE('',#2198,3.5E-02);
#2198 = AXIS2_PLACEMENT_3D('',#2199,#2200,#2201);
#2199 = CARTESIAN_POINT('',(-0.335,-0.25,0.315));
#2200 = DIRECTION('',(0.,1.,0.));
#2201 = DIRECTION('',(1.,0.,0.));
#2202 = ADVANCED_FACE('',(#2203),#2246,.T.);
#2203 = FACE_BOUND('',#2204,.T.);
#2204 = EDGE_LOOP('',(#2205,#2206,#2207,#2208,#2216,#2224,#2232,#2240));
#2205 = ORIENTED_EDGE('',*,*,#2066,.F.);
#2206 = ORIENTED_EDGE('',*,*,#2058,.T.);
#2207 = ORIENTED_EDGE('',*,*,#2050,.T.);
#2208 = ORIENTED_EDGE('',*,*,#2209,.T.);
#2209 = EDGE_CURVE('',#2042,#2210,#2212,.T.);
#2210 = VERTEX_POINT('',#2211);
#2211 = CARTESIAN_POINT('',(0.3,0.25,0.315));
#2212 = LINE('',#2213,#2214);
#2213 = CARTESIAN_POINT('',(-0.3,0.25,0.315));
#2214 = VECTOR('',#2215,1.);
#2215 = DIRECTION('',(1.,0.,0.));
#2216 = ORIENTED_EDGE('',*,*,#2217,.T.);
#2217 = EDGE_CURVE('',#2210,#2218,#2220,.T.);
#2218 = VERTEX_POINT('',#2219);
#2219 = CARTESIAN_POINT('',(0.465,0.25,0.315));
#2220 = LINE('',#2221,#2222);
#2221 = CARTESIAN_POINT('',(-0.465,0.25,0.315));
#2222 = VECTOR('',#2223,1.);
#2223 = DIRECTION('',(1.,0.,0.));
#2224 = ORIENTED_EDGE('',*,*,#2225,.F.);
#2225 = EDGE_CURVE('',#2226,#2218,#2228,.T.);
#2226 = VERTEX_POINT('',#2227);
#2227 = CARTESIAN_POINT('',(0.465,0.25,3.5E-02));
#2228 = LINE('',#2229,#2230);
#2229 = CARTESIAN_POINT('',(0.465,0.25,3.5E-02));
#2230 = VECTOR('',#2231,1.);
#2231 = DIRECTION('',(0.,0.,1.));
#2232 = ORIENTED_EDGE('',*,*,#2233,.F.);
#2233 = EDGE_CURVE('',#2234,#2226,#2236,.T.);
#2234 = VERTEX_POINT('',#2235);
#2235 = CARTESIAN_POINT('',(0.3,0.25,3.5E-02));
#2236 = LINE('',#2237,#2238);
#2237 = CARTESIAN_POINT('',(-0.465,0.25,3.5E-02));
#2238 = VECTOR('',#2239,1.);
#2239 = DIRECTION('',(1.,0.,0.));
#2240 = ORIENTED_EDGE('',*,*,#2241,.F.);
#2241 = EDGE_CURVE('',#2067,#2234,#2242,.T.);
#2242 = LINE('',#2243,#2244);
#2243 = CARTESIAN_POINT('',(-0.465,0.25,3.5E-02));
#2244 = VECTOR('',#2245,1.);
#2245 = DIRECTION('',(1.,0.,0.));
#2246 = PLANE('',#2247);
#2247 = AXIS2_PLACEMENT_3D('',#2248,#2249,#2250);
#2248 = CARTESIAN_POINT('',(-0.465,0.25,3.5E-02));
#2249 = DIRECTION('',(0.,1.,0.));
#2250 = DIRECTION('',(0.,-0.,1.));
#2251 = ADVANCED_FACE('',(#2252),#2263,.F.);
#2252 = FACE_BOUND('',#2253,.F.);
#2253 = EDGE_LOOP('',(#2254,#2255,#2256,#2262));
#2254 = ORIENTED_EDGE('',*,*,#2109,.F.);
#2255 = ORIENTED_EDGE('',*,*,#2158,.T.);
#2256 = ORIENTED_EDGE('',*,*,#2257,.T.);
#2257 = EDGE_CURVE('',#2151,#2234,#2258,.T.);
#2258 = LINE('',#2259,#2260);
#2259 = CARTESIAN_POINT('',(0.3,-0.25,3.5E-02));
#2260 = VECTOR('',#2261,1.);
#2261 = DIRECTION('',(0.,1.,0.));
#2262 = ORIENTED_EDGE('',*,*,#2241,.F.);
#2263 = PLANE('',#2264);
#2264 = AXIS2_PLACEMENT_3D('',#2265,#2266,#2267);
#2265 = CARTESIAN_POINT('',(-0.465,-0.25,3.5E-02));
#2266 = DIRECTION('',(0.,0.,1.));
#2267 = DIRECTION('',(1.,0.,-0.));
#2268 = ADVANCED_FACE('',(#2269),#2332,.F.);
#2269 = FACE_BOUND('',#2270,.F.);
#2270 = EDGE_LOOP('',(#2271,#2281,#2288,#2289,#2290,#2291,#2300,#2308,
    #2317,#2325));
#2271 = ORIENTED_EDGE('',*,*,#2272,.F.);
#2272 = EDGE_CURVE('',#2273,#2275,#2277,.T.);
#2273 = VERTEX_POINT('',#2274);
#2274 = CARTESIAN_POINT('',(0.335,-0.25,-2.775557561563E-17));
#2275 = VERTEX_POINT('',#2276);
#2276 = CARTESIAN_POINT('',(0.465,-0.25,-2.775557561563E-17));
#2277 = LINE('',#2278,#2279);
#2278 = CARTESIAN_POINT('',(0.3,-0.25,0.));
#2279 = VECTOR('',#2280,1.);
#2280 = DIRECTION('',(1.,0.,0.));
#2281 = ORIENTED_EDGE('',*,*,#2282,.F.);
#2282 = EDGE_CURVE('',#2151,#2273,#2283,.T.);
#2283 = CIRCLE('',#2284,3.5E-02);
#2284 = AXIS2_PLACEMENT_3D('',#2285,#2286,#2287);
#2285 = CARTESIAN_POINT('',(0.335,-0.25,3.5E-02));
#2286 = DIRECTION('',(0.,-1.,0.));
#2287 = DIRECTION('',(0.,0.,1.));
#2288 = ORIENTED_EDGE('',*,*,#2150,.T.);
#2289 = ORIENTED_EDGE('',*,*,#2142,.T.);
#2290 = ORIENTED_EDGE('',*,*,#2134,.F.);
#2291 = ORIENTED_EDGE('',*,*,#2292,.T.);
#2292 = EDGE_CURVE('',#2127,#2293,#2295,.T.);
#2293 = VERTEX_POINT('',#2294);
#2294 = CARTESIAN_POINT('',(0.335,-0.25,0.35));
#2295 = CIRCLE('',#2296,3.5E-02);
#2296 = AXIS2_PLACEMENT_3D('',#2297,#2298,#2299);
#2297 = CARTESIAN_POINT('',(0.335,-0.25,0.315));
#2298 = DIRECTION('',(0.,1.,0.));
#2299 = DIRECTION('',(0.,-0.,1.));
#2300 = ORIENTED_EDGE('',*,*,#2301,.T.);
#2301 = EDGE_CURVE('',#2293,#2302,#2304,.T.);
#2302 = VERTEX_POINT('',#2303);
#2303 = CARTESIAN_POINT('',(0.465,-0.25,0.35));
#2304 = LINE('',#2305,#2306);
#2305 = CARTESIAN_POINT('',(0.3,-0.25,0.35));
#2306 = VECTOR('',#2307,1.);
#2307 = DIRECTION('',(1.,0.,0.));
#2308 = ORIENTED_EDGE('',*,*,#2309,.F.);
#2309 = EDGE_CURVE('',#2310,#2302,#2312,.T.);
#2310 = VERTEX_POINT('',#2311);
#2311 = CARTESIAN_POINT('',(0.5,-0.25,0.315));
#2312 = CIRCLE('',#2313,3.5E-02);
#2313 = AXIS2_PLACEMENT_3D('',#2314,#2315,#2316);
#2314 = CARTESIAN_POINT('',(0.465,-0.25,0.315));
#2315 = DIRECTION('',(0.,-1.,0.));
#2316 = DIRECTION('',(0.,0.,1.));
#2317 = ORIENTED_EDGE('',*,*,#2318,.F.);
#2318 = EDGE_CURVE('',#2319,#2310,#2321,.T.);
#2319 = VERTEX_POINT('',#2320);
#2320 = CARTESIAN_POINT('',(0.5,-0.25,3.5E-02));
#2321 = LINE('',#2322,#2323);
#2322 = CARTESIAN_POINT('',(0.5,-0.25,0.));
#2323 = VECTOR('',#2324,1.);
#2324 = DIRECTION('',(0.,0.,1.));
#2325 = ORIENTED_EDGE('',*,*,#2326,.T.);
#2326 = EDGE_CURVE('',#2319,#2275,#2327,.T.);
#2327 = CIRCLE('',#2328,3.5E-02);
#2328 = AXIS2_PLACEMENT_3D('',#2329,#2330,#2331);
#2329 = CARTESIAN_POINT('',(0.465,-0.25,3.5E-02));
#2330 = DIRECTION('',(0.,1.,0.));
#2331 = DIRECTION('',(0.,-0.,1.));
#2332 = PLANE('',#2333);
#2333 = AXIS2_PLACEMENT_3D('',#2334,#2335,#2336);
#2334 = CARTESIAN_POINT('',(0.3,-0.25,0.));
#2335 = DIRECTION('',(0.,1.,0.));
#2336 = DIRECTION('',(0.,-0.,1.));
#2337 = ADVANCED_FACE('',(#2338),#2363,.F.);
#2338 = FACE_BOUND('',#2339,.F.);
#2339 = EDGE_LOOP('',(#2340,#2341,#2349,#2357));
#2340 = ORIENTED_EDGE('',*,*,#2126,.F.);
#2341 = ORIENTED_EDGE('',*,*,#2342,.T.);
#2342 = EDGE_CURVE('',#1925,#2343,#2345,.T.);
#2343 = VERTEX_POINT('',#2344);
#2344 = CARTESIAN_POINT('',(-0.3,-0.25,0.35));
#2345 = LINE('',#2346,#2347);
#2346 = CARTESIAN_POINT('',(-0.3,-0.25,0.315));
#2347 = VECTOR('',#2348,1.);
#2348 = DIRECTION('',(0.,0.,1.));
#2349 = ORIENTED_EDGE('',*,*,#2350,.T.);
#2350 = EDGE_CURVE('',#2343,#2351,#2353,.T.);
#2351 = VERTEX_POINT('',#2352);
#2352 = CARTESIAN_POINT('',(0.3,-0.25,0.35));
#2353 = LINE('',#2354,#2355);
#2354 = CARTESIAN_POINT('',(-0.3,-0.25,0.35));
#2355 = VECTOR('',#2356,1.);
#2356 = DIRECTION('',(1.,0.,0.));
#2357 = ORIENTED_EDGE('',*,*,#2358,.F.);
#2358 = EDGE_CURVE('',#2127,#2351,#2359,.T.);
#2359 = LINE('',#2360,#2361);
#2360 = CARTESIAN_POINT('',(0.3,-0.25,0.315));
#2361 = VECTOR('',#2362,1.);
#2362 = DIRECTION('',(0.,0.,1.));
#2363 = PLANE('',#2364);
#2364 = AXIS2_PLACEMENT_3D('',#2365,#2366,#2367);
#2365 = CARTESIAN_POINT('',(-0.3,-0.25,0.315));
#2366 = DIRECTION('',(0.,1.,0.));
#2367 = DIRECTION('',(0.,-0.,1.));
#2368 = ADVANCED_FACE('',(#2369),#2387,.F.);
#2369 = FACE_BOUND('',#2370,.F.);
#2370 = EDGE_LOOP('',(#2371,#2372,#2373,#2381));
#2371 = ORIENTED_EDGE('',*,*,#2342,.F.);
#2372 = ORIENTED_EDGE('',*,*,#2189,.T.);
#2373 = ORIENTED_EDGE('',*,*,#2374,.T.);
#2374 = EDGE_CURVE('',#2042,#2375,#2377,.T.);
#2375 = VERTEX_POINT('',#2376);
#2376 = CARTESIAN_POINT('',(-0.3,0.25,0.35));
#2377 = LINE('',#2378,#2379);
#2378 = CARTESIAN_POINT('',(-0.3,0.25,0.315));
#2379 = VECTOR('',#2380,1.);
#2380 = DIRECTION('',(0.,0.,1.));
#2381 = ORIENTED_EDGE('',*,*,#2382,.F.);
#2382 = EDGE_CURVE('',#2343,#2375,#2383,.T.);
#2383 = LINE('',#2384,#2385);
#2384 = CARTESIAN_POINT('',(-0.3,-0.25,0.35));
#2385 = VECTOR('',#2386,1.);
#2386 = DIRECTION('',(0.,1.,0.));
#2387 = PLANE('',#2388);
#2388 = AXIS2_PLACEMENT_3D('',#2389,#2390,#2391);
#2389 = CARTESIAN_POINT('',(-0.3,-0.25,0.315));
#2390 = DIRECTION('',(1.,0.,0.));
#2391 = DIRECTION('',(0.,0.,1.));
#2392 = ADVANCED_FACE('',(#2393),#2456,.T.);
#2393 = FACE_BOUND('',#2394,.T.);
#2394 = EDGE_LOOP('',(#2395,#2405,#2412,#2413,#2414,#2415,#2424,#2432,
    #2441,#2449));
#2395 = ORIENTED_EDGE('',*,*,#2396,.F.);
#2396 = EDGE_CURVE('',#2397,#2399,#2401,.T.);
#2397 = VERTEX_POINT('',#2398);
#2398 = CARTESIAN_POINT('',(0.335,0.25,-2.775557561563E-17));
#2399 = VERTEX_POINT('',#2400);
#2400 = CARTESIAN_POINT('',(0.465,0.25,-2.775557561563E-17));
#2401 = LINE('',#2402,#2403);
#2402 = CARTESIAN_POINT('',(0.3,0.25,0.));
#2403 = VECTOR('',#2404,1.);
#2404 = DIRECTION('',(1.,0.,0.));
#2405 = ORIENTED_EDGE('',*,*,#2406,.F.);
#2406 = EDGE_CURVE('',#2234,#2397,#2407,.T.);
#2407 = CIRCLE('',#2408,3.5E-02);
#2408 = AXIS2_PLACEMENT_3D('',#2409,#2410,#2411);
#2409 = CARTESIAN_POINT('',(0.335,0.25,3.5E-02));
#2410 = DIRECTION('',(0.,-1.,0.));
#2411 = DIRECTION('',(0.,0.,1.));
#2412 = ORIENTED_EDGE('',*,*,#2233,.T.);
#2413 = ORIENTED_EDGE('',*,*,#2225,.T.);
#2414 = ORIENTED_EDGE('',*,*,#2217,.F.);
#2415 = ORIENTED_EDGE('',*,*,#2416,.T.);
#2416 = EDGE_CURVE('',#2210,#2417,#2419,.T.);
#2417 = VERTEX_POINT('',#2418);
#2418 = CARTESIAN_POINT('',(0.335,0.25,0.35));
#2419 = CIRCLE('',#2420,3.5E-02);
#2420 = AXIS2_PLACEMENT_3D('',#2421,#2422,#2423);
#2421 = CARTESIAN_POINT('',(0.335,0.25,0.315));
#2422 = DIRECTION('',(0.,1.,0.));
#2423 = DIRECTION('',(0.,-0.,1.));
#2424 = ORIENTED_EDGE('',*,*,#2425,.T.);
#2425 = EDGE_CURVE('',#2417,#2426,#2428,.T.);
#2426 = VERTEX_POINT('',#2427);
#2427 = CARTESIAN_POINT('',(0.465,0.25,0.35));
#2428 = LINE('',#2429,#2430);
#2429 = CARTESIAN_POINT('',(0.3,0.25,0.35));
#2430 = VECTOR('',#2431,1.);
#2431 = DIRECTION('',(1.,0.,0.));
#2432 = ORIENTED_EDGE('',*,*,#2433,.F.);
#2433 = EDGE_CURVE('',#2434,#2426,#2436,.T.);
#2434 = VERTEX_POINT('',#2435);
#2435 = CARTESIAN_POINT('',(0.5,0.25,0.315));
#2436 = CIRCLE('',#2437,3.5E-02);
#2437 = AXIS2_PLACEMENT_3D('',#2438,#2439,#2440);
#2438 = CARTESIAN_POINT('',(0.465,0.25,0.315));
#2439 = DIRECTION('',(0.,-1.,0.));
#2440 = DIRECTION('',(0.,0.,1.));
#2441 = ORIENTED_EDGE('',*,*,#2442,.F.);
#2442 = EDGE_CURVE('',#2443,#2434,#2445,.T.);
#2443 = VERTEX_POINT('',#2444);
#2444 = CARTESIAN_POINT('',(0.5,0.25,3.5E-02));
#2445 = LINE('',#2446,#2447);
#2446 = CARTESIAN_POINT('',(0.5,0.25,0.));
#2447 = VECTOR('',#2448,1.);
#2448 = DIRECTION('',(0.,0.,1.));
#2449 = ORIENTED_EDGE('',*,*,#2450,.T.);
#2450 = EDGE_CURVE('',#2443,#2399,#2451,.T.);
#2451 = CIRCLE('',#2452,3.5E-02);
#2452 = AXIS2_PLACEMENT_3D('',#2453,#2454,#2455);
#2453 = CARTESIAN_POINT('',(0.465,0.25,3.5E-02));
#2454 = DIRECTION('',(0.,1.,0.));
#2455 = DIRECTION('',(0.,-0.,1.));
#2456 = PLANE('',#2457);
#2457 = AXIS2_PLACEMENT_3D('',#2458,#2459,#2460);
#2458 = CARTESIAN_POINT('',(0.3,0.25,0.));
#2459 = DIRECTION('',(0.,1.,0.));
#2460 = DIRECTION('',(0.,-0.,1.));
#2461 = ADVANCED_FACE('',(#2462),#2480,.T.);
#2462 = FACE_BOUND('',#2463,.T.);
#2463 = EDGE_LOOP('',(#2464,#2465,#2466,#2474));
#2464 = ORIENTED_EDGE('',*,*,#2209,.F.);
#2465 = ORIENTED_EDGE('',*,*,#2374,.T.);
#2466 = ORIENTED_EDGE('',*,*,#2467,.T.);
#2467 = EDGE_CURVE('',#2375,#2468,#2470,.T.);
#2468 = VERTEX_POINT('',#2469);
#2469 = CARTESIAN_POINT('',(0.3,0.25,0.35));
#2470 = LINE('',#2471,#2472);
#2471 = CARTESIAN_POINT('',(-0.3,0.25,0.35));
#2472 = VECTOR('',#2473,1.);
#2473 = DIRECTION('',(1.,0.,0.));
#2474 = ORIENTED_EDGE('',*,*,#2475,.F.);
#2475 = EDGE_CURVE('',#2210,#2468,#2476,.T.);
#2476 = LINE('',#2477,#2478);
#2477 = CARTESIAN_POINT('',(0.3,0.25,0.315));
#2478 = VECTOR('',#2479,1.);
#2479 = DIRECTION('',(0.,0.,1.));
#2480 = PLANE('',#2481);
#2481 = AXIS2_PLACEMENT_3D('',#2482,#2483,#2484);
#2482 = CARTESIAN_POINT('',(-0.3,0.25,0.315));
#2483 = DIRECTION('',(0.,1.,0.));
#2484 = DIRECTION('',(0.,-0.,1.));
#2485 = ADVANCED_FACE('',(#2486),#2497,.T.);
#2486 = FACE_BOUND('',#2487,.T.);
#2487 = EDGE_LOOP('',(#2488,#2489,#2490,#2496));
#2488 = ORIENTED_EDGE('',*,*,#2257,.T.);
#2489 = ORIENTED_EDGE('',*,*,#2406,.T.);
#2490 = ORIENTED_EDGE('',*,*,#2491,.F.);
#2491 = EDGE_CURVE('',#2273,#2397,#2492,.T.);
#2492 = LINE('',#2493,#2494);
#2493 = CARTESIAN_POINT('',(0.335,-0.25,-2.775557561563E-17));
#2494 = VECTOR('',#2495,1.);
#2495 = DIRECTION('',(0.,1.,0.));
#2496 = ORIENTED_EDGE('',*,*,#2282,.F.);
#2497 = CYLINDRICAL_SURFACE('',#2498,3.5E-02);
#2498 = AXIS2_PLACEMENT_3D('',#2499,#2500,#2501);
#2499 = CARTESIAN_POINT('',(0.335,-0.25,3.5E-02));
#2500 = DIRECTION('',(0.,1.,0.));
#2501 = DIRECTION('',(-1.,0.,0.));
#2502 = ADVANCED_FACE('',(#2503),#2514,.F.);
#2503 = FACE_BOUND('',#2504,.F.);
#2504 = EDGE_LOOP('',(#2505,#2506,#2507,#2508));
#2505 = ORIENTED_EDGE('',*,*,#2396,.F.);
#2506 = ORIENTED_EDGE('',*,*,#2491,.F.);
#2507 = ORIENTED_EDGE('',*,*,#2272,.T.);
#2508 = ORIENTED_EDGE('',*,*,#2509,.T.);
#2509 = EDGE_CURVE('',#2275,#2399,#2510,.T.);
#2510 = LINE('',#2511,#2512);
#2511 = CARTESIAN_POINT('',(0.465,-0.25,-2.775557561563E-17));
#2512 = VECTOR('',#2513,1.);
#2513 = DIRECTION('',(0.,1.,0.));
#2514 = PLANE('',#2515);
#2515 = AXIS2_PLACEMENT_3D('',#2516,#2517,#2518);
#2516 = CARTESIAN_POINT('',(0.3,-0.25,0.));
#2517 = DIRECTION('',(0.,0.,1.));
#2518 = DIRECTION('',(1.,0.,-0.));
#2519 = ADVANCED_FACE('',(#2520),#2531,.T.);
#2520 = FACE_BOUND('',#2521,.T.);
#2521 = EDGE_LOOP('',(#2522,#2523,#2524,#2525));
#2522 = ORIENTED_EDGE('',*,*,#2326,.T.);
#2523 = ORIENTED_EDGE('',*,*,#2509,.T.);
#2524 = ORIENTED_EDGE('',*,*,#2450,.F.);
#2525 = ORIENTED_EDGE('',*,*,#2526,.F.);
#2526 = EDGE_CURVE('',#2319,#2443,#2527,.T.);
#2527 = LINE('',#2528,#2529);
#2528 = CARTESIAN_POINT('',(0.5,-0.25,3.5E-02));
#2529 = VECTOR('',#2530,1.);
#2530 = DIRECTION('',(0.,1.,0.));
#2531 = CYLINDRICAL_SURFACE('',#2532,3.5E-02);
#2532 = AXIS2_PLACEMENT_3D('',#2533,#2534,#2535);
#2533 = CARTESIAN_POINT('',(0.465,-0.25,3.5E-02));
#2534 = DIRECTION('',(0.,1.,0.));
#2535 = DIRECTION('',(1.,0.,0.));
#2536 = ADVANCED_FACE('',(#2537),#2548,.T.);
#2537 = FACE_BOUND('',#2538,.T.);
#2538 = EDGE_LOOP('',(#2539,#2540,#2541,#2542));
#2539 = ORIENTED_EDGE('',*,*,#2318,.F.);
#2540 = ORIENTED_EDGE('',*,*,#2526,.T.);
#2541 = ORIENTED_EDGE('',*,*,#2442,.T.);
#2542 = ORIENTED_EDGE('',*,*,#2543,.F.);
#2543 = EDGE_CURVE('',#2310,#2434,#2544,.T.);
#2544 = LINE('',#2545,#2546);
#2545 = CARTESIAN_POINT('',(0.5,-0.25,0.315));
#2546 = VECTOR('',#2547,1.);
#2547 = DIRECTION('',(0.,1.,0.));
#2548 = PLANE('',#2549);
#2549 = AXIS2_PLACEMENT_3D('',#2550,#2551,#2552);
#2550 = CARTESIAN_POINT('',(0.5,-0.25,0.));
#2551 = DIRECTION('',(1.,0.,0.));
#2552 = DIRECTION('',(0.,0.,1.));
#2553 = ADVANCED_FACE('',(#2554),#2565,.T.);
#2554 = FACE_BOUND('',#2555,.T.);
#2555 = EDGE_LOOP('',(#2556,#2557,#2558,#2564));
#2556 = ORIENTED_EDGE('',*,*,#2543,.T.);
#2557 = ORIENTED_EDGE('',*,*,#2433,.T.);
#2558 = ORIENTED_EDGE('',*,*,#2559,.F.);
#2559 = EDGE_CURVE('',#2302,#2426,#2560,.T.);
#2560 = LINE('',#2561,#2562);
#2561 = CARTESIAN_POINT('',(0.465,-0.25,0.35));
#2562 = VECTOR('',#2563,1.);
#2563 = DIRECTION('',(0.,1.,0.));
#2564 = ORIENTED_EDGE('',*,*,#2309,.F.);
#2565 = CYLINDRICAL_SURFACE('',#2566,3.5E-02);
#2566 = AXIS2_PLACEMENT_3D('',#2567,#2568,#2569);
#2567 = CARTESIAN_POINT('',(0.465,-0.25,0.315));
#2568 = DIRECTION('',(0.,1.,0.));
#2569 = DIRECTION('',(1.,0.,0.));
#2570 = ADVANCED_FACE('',(#2571),#2582,.T.);
#2571 = FACE_BOUND('',#2572,.T.);
#2572 = EDGE_LOOP('',(#2573,#2574,#2580,#2581));
#2573 = ORIENTED_EDGE('',*,*,#2425,.F.);
#2574 = ORIENTED_EDGE('',*,*,#2575,.F.);
#2575 = EDGE_CURVE('',#2293,#2417,#2576,.T.);
#2576 = LINE('',#2577,#2578);
#2577 = CARTESIAN_POINT('',(0.335,-0.25,0.35));
#2578 = VECTOR('',#2579,1.);
#2579 = DIRECTION('',(0.,1.,0.));
#2580 = ORIENTED_EDGE('',*,*,#2301,.T.);
#2581 = ORIENTED_EDGE('',*,*,#2559,.T.);
#2582 = PLANE('',#2583);
#2583 = AXIS2_PLACEMENT_3D('',#2584,#2585,#2586);
#2584 = CARTESIAN_POINT('',(0.3,-0.25,0.35));
#2585 = DIRECTION('',(0.,0.,1.));
#2586 = DIRECTION('',(1.,0.,-0.));
#2587 = ADVANCED_FACE('',(#2588),#2599,.T.);
#2588 = FACE_BOUND('',#2589,.T.);
#2589 = EDGE_LOOP('',(#2590,#2591,#2592,#2593));
#2590 = ORIENTED_EDGE('',*,*,#2292,.T.);
#2591 = ORIENTED_EDGE('',*,*,#2575,.T.);
#2592 = ORIENTED_EDGE('',*,*,#2416,.F.);
#2593 = ORIENTED_EDGE('',*,*,#2594,.F.);
#2594 = EDGE_CURVE('',#2127,#2210,#2595,.T.);
#2595 = LINE('',#2596,#2597);
#2596 = CARTESIAN_POINT('',(0.3,-0.25,0.315));
#2597 = VECTOR('',#2598,1.);
#2598 = DIRECTION('',(0.,1.,0.));
#2599 = CYLINDRICAL_SURFACE('',#2600,3.5E-02);
#2600 = AXIS2_PLACEMENT_3D('',#2601,#2602,#2603);
#2601 = CARTESIAN_POINT('',(0.335,-0.25,0.315));
#2602 = DIRECTION('',(0.,1.,0.));
#2603 = DIRECTION('',(-1.,0.,0.));
#2604 = ADVANCED_FACE('',(#2605),#2616,.T.);
#2605 = FACE_BOUND('',#2606,.T.);
#2606 = EDGE_LOOP('',(#2607,#2608,#2609,#2610));
#2607 = ORIENTED_EDGE('',*,*,#2358,.F.);
#2608 = ORIENTED_EDGE('',*,*,#2594,.T.);
#2609 = ORIENTED_EDGE('',*,*,#2475,.T.);
#2610 = ORIENTED_EDGE('',*,*,#2611,.F.);
#2611 = EDGE_CURVE('',#2351,#2468,#2612,.T.);
#2612 = LINE('',#2613,#2614);
#2613 = CARTESIAN_POINT('',(0.3,-0.25,0.35));
#2614 = VECTOR('',#2615,1.);
#2615 = DIRECTION('',(0.,1.,0.));
#2616 = PLANE('',#2617);
#2617 = AXIS2_PLACEMENT_3D('',#2618,#2619,#2620);
#2618 = CARTESIAN_POINT('',(0.3,-0.25,0.315));
#2619 = DIRECTION('',(1.,0.,0.));
#2620 = DIRECTION('',(0.,0.,1.));
#2621 = ADVANCED_FACE('',(#2622),#2628,.T.);
#2622 = FACE_BOUND('',#2623,.T.);
#2623 = EDGE_LOOP('',(#2624,#2625,#2626,#2627));
#2624 = ORIENTED_EDGE('',*,*,#2382,.F.);
#2625 = ORIENTED_EDGE('',*,*,#2350,.T.);
#2626 = ORIENTED_EDGE('',*,*,#2611,.T.);
#2627 = ORIENTED_EDGE('',*,*,#2467,.F.);
#2628 = PLANE('',#2629);
#2629 = AXIS2_PLACEMENT_3D('',#2630,#2631,#2632);
#2630 = CARTESIAN_POINT('',(-0.3,-0.25,0.35));
#2631 = DIRECTION('',(0.,0.,1.));
#2632 = DIRECTION('',(1.,0.,-0.));
#2633 = ( GEOMETRIC_REPRESENTATION_CONTEXT(3) 
GLOBAL_UNCERTAINTY_ASSIGNED_CONTEXT((#2637)) 
GLOBAL_UNIT_ASSIGNED_CONTEXT((#2634,#2635,#2636)) REPRESENTATION_CONTEXT
('Context #1','3D Context with UNIT and UNCERTAINTY') );
#2634 = ( LENGTH_UNIT() NAMED_UNIT(*) SI_UNIT(.MILLI.,.METRE.) );
#2635 = ( NAMED_UNIT(*) PLANE_ANGLE_UNIT() SI_UNIT($,.RADIAN.) );
#2636 = ( NAMED_UNIT(*) SI_UNIT($,.STERADIAN.) SOLID_ANGLE_UNIT() );
#2637 = UNCERTAINTY_MEASURE_WITH_UNIT(LENGTH_MEASURE(1.E-07),#2634,
  'distance_accuracy_value','confusion accuracy');
#2638 = CONTEXT_DEPENDENT_SHAPE_REPRESENTATION(#2639,#2641);
#2639 = ( REPRESENTATION_RELATIONSHIP('','',#1842,#10) 
REPRESENTATION_RELATIONSHIP_WITH_TRANSFORMATION(#2640) 
SHAPE_REPRESENTATION_RELATIONSHIP() );
#2640 = ITEM_DEFINED_TRANSFORMATION('','',#11,#23);
#2641 = PRODUCT_DEFINITION_SHAPE('Placement','Placement of an item',
  #2642);
#2642 = NEXT_ASSEMBLY_USAGE_OCCURRENCE('3','R1','',#5,#1837,$);
#2643 = PRODUCT_RELATED_PRODUCT_CATEGORY('part',$,(#1839));
#2644 = CONTEXT_DEPENDENT_SHAPE_REPRESENTATION(#2645,#2647);
#2645 = ( REPRESENTATION_RELATIONSHIP('','',#1842,#10) 
REPRESENTATION_RELATIONSHIP_WITH_TRANSFORMATION(#2646) 
SHAPE_REPRESENTATION_RELATIONSHIP() );
#2646 = ITEM_DEFINED_TRANSFORMATION('','',#11,#27);
#2647 = PRODUCT_DEFINITION_SHAPE('Placement','Placement of an item',
  #2648);
#2648 = NEXT_ASSEMBLY_USAGE_OCCURRENCE('4','R2','',#5,#1837,$);
#2649 = CONTEXT_DEPENDENT_SHAPE_REPRESENTATION(#2650,#2652);
#2650 = ( REPRESENTATION_RELATIONSHIP('','',#1842,#10) 
REPRESENTATION_RELATIONSHIP_WITH_TRANSFORMATION(#2651) 
SHAPE_REPRESENTATION_RELATIONSHIP() );
#2651 = ITEM_DEFINED_TRANSFORMATION('','',#11,#31);
#2652 = PRODUCT_DEFINITION_SHAPE('Placement','Placement of an item',
  #2653);
#2653 = NEXT_ASSEMBLY_USAGE_OCCURRENCE('5','R3','',#5,#1837,$);
#2654 = CONTEXT_DEPENDENT_SHAPE_REPRESENTATION(#2655,#2657);
#2655 = ( REPRESENTATION_RELATIONSHIP('','',#1842,#10) 
REPRESENTATION_RELATIONSHIP_WITH_TRANSFORMATION(#2656) 
SHAPE_REPRESENTATION_RELATIONSHIP() );
#2656 = ITEM_DEFINED_TRANSFORMATION('','',#11,#35);
#2657 = PRODUCT_DEFINITION_SHAPE('Placement','Placement of an item',
  #2658);
#2658 = NEXT_ASSEMBLY_USAGE_OCCURRENCE('6','R4','',#5,#1837,$);
#2659 = CONTEXT_DEPENDENT_SHAPE_REPRESENTATION(#2660,#2662);
#2660 = ( REPRESENTATION_RELATIONSHIP('','',#1842,#10) 
REPRESENTATION_RELATIONSHIP_WITH_TRANSFORMATION(#2661) 
SHAPE_REPRESENTATION_RELATIONSHIP() );
#2661 = ITEM_DEFINED_TRANSFORMATION('','',#11,#39);
#2662 = PRODUCT_DEFINITION_SHAPE('Placement','Placement of an item',
  #2663);
#2663 = NEXT_ASSEMBLY_USAGE_OCCURRENCE('7','R7','',#5,#1837,$);
#2664 = CONTEXT_DEPENDENT_SHAPE_REPRESENTATION(#2665,#2667);
#2665 = ( REPRESENTATION_RELATIONSHIP('','',#1842,#10) 
REPRESENTATION_RELATIONSHIP_WITH_TRANSFORMATION(#2666) 
SHAPE_REPRESENTATION_RELATIONSHIP() );
#2666 = ITEM_DEFINED_TRANSFORMATION('','',#11,#43);
#2667 = PRODUCT_DEFINITION_SHAPE('Placement','Placement of an item',
  #2668);
#2668 = NEXT_ASSEMBLY_USAGE_OCCURRENCE('8','R8','',#5,#1837,$);
#2669 = CONTEXT_DEPENDENT_SHAPE_REPRESENTATION(#2670,#2672);
#2670 = ( REPRESENTATION_RELATIONSHIP('','',#1842,#10) 
REPRESENTATION_RELATIONSHIP_WITH_TRANSFORMATION(#2671) 
SHAPE_REPRESENTATION_RELATIONSHIP() );
#2671 = ITEM_DEFINED_TRANSFORMATION('','',#11,#47);
#2672 = PRODUCT_DEFINITION_SHAPE('Placement','Placement of an item',
  #2673);
#2673 = NEXT_ASSEMBLY_USAGE_OCCURRENCE('9','R9','',#5,#1837,$);
#2674 = CONTEXT_DEPENDENT_SHAPE_REPRESENTATION(#2675,#2677);
#2675 = ( REPRESENTATION_RELATIONSHIP('','',#1842,#10) 
REPRESENTATION_RELATIONSHIP_WITH_TRANSFORMATION(#2676) 
SHAPE_REPRESENTATION_RELATIONSHIP() );
#2676 = ITEM_DEFINED_TRANSFORMATION('','',#11,#51);
#2677 = PRODUCT_DEFINITION_SHAPE('Placement','Placement of an item',
  #2678);
#2678 = NEXT_ASSEMBLY_USAGE_OCCURRENCE('10','R10','',#5,#1837,$);
#2679 = CONTEXT_DEPENDENT_SHAPE_REPRESENTATION(#2680,#2682);
#2680 = ( REPRESENTATION_RELATIONSHIP('','',#1842,#10) 
REPRESENTATION_RELATIONSHIP_WITH_TRANSFORMATION(#2681) 
SHAPE_REPRESENTATION_RELATIONSHIP() );
#2681 = ITEM_DEFINED_TRANSFORMATION('','',#11,#55);
#2682 = PRODUCT_DEFINITION_SHAPE('Placement','Placement of an item',
  #2683);
#2683 = NEXT_ASSEMBLY_USAGE_OCCURRENCE('11','R12','',#5,#1837,$);
#2684 = SHAPE_DEFINITION_REPRESENTATION(#2685,#2691);
#2685 = PRODUCT_DEFINITION_SHAPE('','',#2686);
#2686 = PRODUCT_DEFINITION('design','',#2687,#2690);
#2687 = PRODUCT_DEFINITION_FORMATION('','',#2688);
#2688 = PRODUCT('SOT-23','SOT-23','',(#2689));
#2689 = PRODUCT_CONTEXT('',#2,'mechanical');
#2690 = PRODUCT_DEFINITION_CONTEXT('part definition',#2,'design');
#2691 = ADVANCED_BREP_SHAPE_REPRESENTATION('',(#11,#2692),#4674);
#2692 = MANIFOLD_SOLID_BREP('',#2693);
#2693 = CLOSED_SHELL('',(#2694,#2732,#2795,#2818,#2847,#2870,#2925,#2964
    ,#2987,#3010,#3027,#3050,#3138,#3154,#3184,#3217,#3248,#3281,#3298,
    #3315,#3348,#3378,#3401,#3424,#3441,#3470,#3524,#3547,#3570,#3593,
    #3632,#3654,#3698,#3773,#3797,#3865,#3882,#3957,#3981,#4049,#4124,
    #4148,#4216,#4233,#4250,#4296,#4312,#4328,#4345,#4357,#4374,#4391,
    #4408,#4425,#4442,#4459,#4471,#4488,#4505,#4522,#4539,#4556,#4568,
    #4585,#4602,#4619,#4636,#4653,#4665));
#2694 = ADVANCED_FACE('',(#2695),#2727,.F.);
#2695 = FACE_BOUND('',#2696,.F.);
#2696 = EDGE_LOOP('',(#2697,#2707,#2714,#2722));
#2697 = ORIENTED_EDGE('',*,*,#2698,.T.);
#2698 = EDGE_CURVE('',#2699,#2701,#2703,.T.);
#2699 = VERTEX_POINT('',#2700);
#2700 = CARTESIAN_POINT('',(-0.571621551758,1.433243103516,0.1));
#2701 = VERTEX_POINT('',#2702);
#2702 = CARTESIAN_POINT('',(0.571621551758,1.433243103516,0.1));
#2703 = LINE('',#2704,#2705);
#2704 = CARTESIAN_POINT('',(-0.571621551758,1.433243103516,0.1));
#2705 = VECTOR('',#2706,1.);
#2706 = DIRECTION('',(1.,1.110223024625E-16,0.));
#2707 = ORIENTED_EDGE('',*,*,#2708,.T.);
#2708 = EDGE_CURVE('',#2701,#2709,#2711,.T.);
#2709 = VERTEX_POINT('',#2710);
#2710 = CARTESIAN_POINT('',(0.605,1.5,0.575));
#2711 = B_SPLINE_CURVE_WITH_KNOTS('',1,(#2712,#2713),.UNSPECIFIED.,.F.,
  .F.,(2,2),(0.,1.),.PIECEWISE_BEZIER_KNOTS.);
#2712 = CARTESIAN_POINT('',(0.571621551758,1.433243103516,0.1));
#2713 = CARTESIAN_POINT('',(0.605,1.5,0.575));
#2714 = ORIENTED_EDGE('',*,*,#2715,.F.);
#2715 = EDGE_CURVE('',#2716,#2709,#2718,.T.);
#2716 = VERTEX_POINT('',#2717);
#2717 = CARTESIAN_POINT('',(-0.605,1.5,0.575));
#2718 = LINE('',#2719,#2720);
#2719 = CARTESIAN_POINT('',(-0.605,1.5,0.575));
#2720 = VECTOR('',#2721,1.);
#2721 = DIRECTION('',(1.,1.110223024625E-16,0.));
#2722 = ORIENTED_EDGE('',*,*,#2723,.F.);
#2723 = EDGE_CURVE('',#2699,#2716,#2724,.T.);
#2724 = B_SPLINE_CURVE_WITH_KNOTS('',1,(#2725,#2726),.UNSPECIFIED.,.F.,
  .F.,(2,2),(0.,1.),.PIECEWISE_BEZIER_KNOTS.);
#2725 = CARTESIAN_POINT('',(-0.571621551758,1.433243103516,0.1));
#2726 = CARTESIAN_POINT('',(-0.605,1.5,0.575));
#2727 = B_SPLINE_SURFACE_WITH_KNOTS('',1,1,(
    (#2728,#2729)
    ,(#2730,#2731
    )),.UNSPECIFIED.,.F.,.F.,.F.,(2,2),(2,2),(0.,1.21),(0.,1.),
  .PIECEWISE_BEZIER_KNOTS.);
#2728 = CARTESIAN_POINT('',(-0.571621551758,1.433243103516,0.1));
#2729 = CARTESIAN_POINT('',(-0.605,1.5,0.575));
#2730 = CARTESIAN_POINT('',(0.571621551758,1.433243103516,0.1));
#2731 = CARTESIAN_POINT('',(0.605,1.5,0.575));
#2732 = ADVANCED_FACE('',(#2733),#2790,.T.);
#2733 = FACE_BOUND('',#2734,.T.);
#2734 = EDGE_LOOP('',(#2735,#2736,#2744,#2752,#2760,#2768,#2776,#2784));
#2735 = ORIENTED_EDGE('',*,*,#2698,.T.);
#2736 = ORIENTED_EDGE('',*,*,#2737,.T.);
#2737 = EDGE_CURVE('',#2701,#2738,#2740,.T.);
#2738 = VERTEX_POINT('',#2739);
#2739 = CARTESIAN_POINT('',(0.633243103516,1.371621551758,0.1));
#2740 = LINE('',#2741,#2742);
#2741 = CARTESIAN_POINT('',(0.571621551758,1.433243103516,0.1));
#2742 = VECTOR('',#2743,1.);
#2743 = DIRECTION('',(0.707106781187,-0.707106781187,0.));
#2744 = ORIENTED_EDGE('',*,*,#2745,.T.);
#2745 = EDGE_CURVE('',#2738,#2746,#2748,.T.);
#2746 = VERTEX_POINT('',#2747);
#2747 = CARTESIAN_POINT('',(0.633243103516,-1.371621551758,0.1));
#2748 = LINE('',#2749,#2750);
#2749 = CARTESIAN_POINT('',(0.633243103516,1.371621551758,0.1));
#2750 = VECTOR('',#2751,1.);
#2751 = DIRECTION('',(1.110223024625E-16,-1.,0.));
#2752 = ORIENTED_EDGE('',*,*,#2753,.T.);
#2753 = EDGE_CURVE('',#2746,#2754,#2756,.T.);
#2754 = VERTEX_POINT('',#2755);
#2755 = CARTESIAN_POINT('',(0.571621551758,-1.433243103516,0.1));
#2756 = LINE('',#2757,#2758);
#2757 = CARTESIAN_POINT('',(0.633243103516,-1.371621551758,0.1));
#2758 = VECTOR('',#2759,1.);
#2759 = DIRECTION('',(-0.707106781187,-0.707106781187,0.));
#2760 = ORIENTED_EDGE('',*,*,#2761,.T.);
#2761 = EDGE_CURVE('',#2754,#2762,#2764,.T.);
#2762 = VERTEX_POINT('',#2763);
#2763 = CARTESIAN_POINT('',(-0.571621551758,-1.433243103516,0.1));
#2764 = LINE('',#2765,#2766);
#2765 = CARTESIAN_POINT('',(0.571621551758,-1.433243103516,0.1));
#2766 = VECTOR('',#2767,1.);
#2767 = DIRECTION('',(-1.,-1.110223024625E-16,0.));
#2768 = ORIENTED_EDGE('',*,*,#2769,.T.);
#2769 = EDGE_CURVE('',#2762,#2770,#2772,.T.);
#2770 = VERTEX_POINT('',#2771);
#2771 = CARTESIAN_POINT('',(-0.633243103516,-1.371621551758,0.1));
#2772 = LINE('',#2773,#2774);
#2773 = CARTESIAN_POINT('',(-0.571621551758,-1.433243103516,0.1));
#2774 = VECTOR('',#2775,1.);
#2775 = DIRECTION('',(-0.707106781187,0.707106781187,0.));
#2776 = ORIENTED_EDGE('',*,*,#2777,.T.);
#2777 = EDGE_CURVE('',#2770,#2778,#2780,.T.);
#2778 = VERTEX_POINT('',#2779);
#2779 = CARTESIAN_POINT('',(-0.633243103516,1.371621551758,0.1));
#2780 = LINE('',#2781,#2782);
#2781 = CARTESIAN_POINT('',(-0.633243103516,-1.371621551758,0.1));
#2782 = VECTOR('',#2783,1.);
#2783 = DIRECTION('',(-1.110223024625E-16,1.,0.));
#2784 = ORIENTED_EDGE('',*,*,#2785,.T.);
#2785 = EDGE_CURVE('',#2778,#2699,#2786,.T.);
#2786 = LINE('',#2787,#2788);
#2787 = CARTESIAN_POINT('',(-0.633243103516,1.371621551758,0.1));
#2788 = VECTOR('',#2789,1.);
#2789 = DIRECTION('',(0.707106781187,0.707106781187,0.));
#2790 = PLANE('',#2791);
#2791 = AXIS2_PLACEMENT_3D('',#2792,#2793,#2794);
#2792 = CARTESIAN_POINT('',(-0.571621551758,1.433243103516,0.1));
#2793 = DIRECTION('',(0.,0.,-1.));
#2794 = DIRECTION('',(0.370454302632,-0.928850692879,0.));
#2795 = ADVANCED_FACE('',(#2796),#2813,.F.);
#2796 = FACE_BOUND('',#2797,.F.);
#2797 = EDGE_LOOP('',(#2798,#2799,#2806,#2812));
#2798 = ORIENTED_EDGE('',*,*,#2737,.T.);
#2799 = ORIENTED_EDGE('',*,*,#2800,.T.);
#2800 = EDGE_CURVE('',#2738,#2801,#2803,.T.);
#2801 = VERTEX_POINT('',#2802);
#2802 = CARTESIAN_POINT('',(0.7,1.405,0.575));
#2803 = B_SPLINE_CURVE_WITH_KNOTS('',1,(#2804,#2805),.UNSPECIFIED.,.F.,
  .F.,(2,2),(0.,1.),.PIECEWISE_BEZIER_KNOTS.);
#2804 = CARTESIAN_POINT('',(0.633243103516,1.371621551758,0.1));
#2805 = CARTESIAN_POINT('',(0.7,1.405,0.575));
#2806 = ORIENTED_EDGE('',*,*,#2807,.F.);
#2807 = EDGE_CURVE('',#2709,#2801,#2808,.T.);
#2808 = LINE('',#2809,#2810);
#2809 = CARTESIAN_POINT('',(0.605,1.5,0.575));
#2810 = VECTOR('',#2811,1.);
#2811 = DIRECTION('',(0.707106781187,-0.707106781187,0.));
#2812 = ORIENTED_EDGE('',*,*,#2708,.F.);
#2813 = B_SPLINE_SURFACE_WITH_KNOTS('',1,1,(
    (#2814,#2815)
    ,(#2816,#2817
    )),.UNSPECIFIED.,.F.,.F.,.F.,(2,2),(2,2),(0.,0.134350288425),(0.,1.)
  ,.PIECEWISE_BEZIER_KNOTS.);
#2814 = CARTESIAN_POINT('',(0.571621551758,1.433243103516,0.1));
#2815 = CARTESIAN_POINT('',(0.605,1.5,0.575));
#2816 = CARTESIAN_POINT('',(0.633243103516,1.371621551758,0.1));
#2817 = CARTESIAN_POINT('',(0.7,1.405,0.575));
#2818 = ADVANCED_FACE('',(#2819),#2842,.F.);
#2819 = FACE_BOUND('',#2820,.F.);
#2820 = EDGE_LOOP('',(#2821,#2822,#2829,#2837));
#2821 = ORIENTED_EDGE('',*,*,#2715,.T.);
#2822 = ORIENTED_EDGE('',*,*,#2823,.T.);
#2823 = EDGE_CURVE('',#2709,#2824,#2826,.T.);
#2824 = VERTEX_POINT('',#2825);
#2825 = CARTESIAN_POINT('',(0.605,1.5,0.725));
#2826 = B_SPLINE_CURVE_WITH_KNOTS('',1,(#2827,#2828),.UNSPECIFIED.,.F.,
  .F.,(2,2),(0.,1.),.PIECEWISE_BEZIER_KNOTS.);
#2827 = CARTESIAN_POINT('',(0.605,1.5,0.575));
#2828 = CARTESIAN_POINT('',(0.605,1.5,0.725));
#2829 = ORIENTED_EDGE('',*,*,#2830,.F.);
#2830 = EDGE_CURVE('',#2831,#2824,#2833,.T.);
#2831 = VERTEX_POINT('',#2832);
#2832 = CARTESIAN_POINT('',(-0.605,1.5,0.725));
#2833 = LINE('',#2834,#2835);
#2834 = CARTESIAN_POINT('',(-0.605,1.5,0.725));
#2835 = VECTOR('',#2836,1.);
#2836 = DIRECTION('',(1.,1.110223024625E-16,0.));
#2837 = ORIENTED_EDGE('',*,*,#2838,.F.);
#2838 = EDGE_CURVE('',#2716,#2831,#2839,.T.);
#2839 = B_SPLINE_CURVE_WITH_KNOTS('',1,(#2840,#2841),.UNSPECIFIED.,.F.,
  .F.,(2,2),(0.,1.),.PIECEWISE_BEZIER_KNOTS.);
#2840 = CARTESIAN_POINT('',(-0.605,1.5,0.575));
#2841 = CARTESIAN_POINT('',(-0.605,1.5,0.725));
#2842 = PLANE('',#2843);
#2843 = AXIS2_PLACEMENT_3D('',#2844,#2845,#2846);
#2844 = CARTESIAN_POINT('',(-0.605,1.5,0.725));
#2845 = DIRECTION('',(1.110223024625E-16,-1.,0.));
#2846 = DIRECTION('',(1.,1.110223024625E-16,0.));
#2847 = ADVANCED_FACE('',(#2848),#2865,.F.);
#2848 = FACE_BOUND('',#2849,.F.);
#2849 = EDGE_LOOP('',(#2850,#2851,#2852,#2860));
#2850 = ORIENTED_EDGE('',*,*,#2785,.T.);
#2851 = ORIENTED_EDGE('',*,*,#2723,.T.);
#2852 = ORIENTED_EDGE('',*,*,#2853,.F.);
#2853 = EDGE_CURVE('',#2854,#2716,#2856,.T.);
#2854 = VERTEX_POINT('',#2855);
#2855 = CARTESIAN_POINT('',(-0.7,1.405,0.575));
#2856 = LINE('',#2857,#2858);
#2857 = CARTESIAN_POINT('',(-0.7,1.405,0.575));
#2858 = VECTOR('',#2859,1.);
#2859 = DIRECTION('',(0.707106781187,0.707106781187,0.));
#2860 = ORIENTED_EDGE('',*,*,#2861,.F.);
#2861 = EDGE_CURVE('',#2778,#2854,#2862,.T.);
#2862 = B_SPLINE_CURVE_WITH_KNOTS('',1,(#2863,#2864),.UNSPECIFIED.,.F.,
  .F.,(2,2),(0.,1.),.PIECEWISE_BEZIER_KNOTS.);
#2863 = CARTESIAN_POINT('',(-0.633243103516,1.371621551758,0.1));
#2864 = CARTESIAN_POINT('',(-0.7,1.405,0.575));
#2865 = B_SPLINE_SURFACE_WITH_KNOTS('',1,1,(
    (#2866,#2867)
    ,(#2868,#2869
    )),.UNSPECIFIED.,.F.,.F.,.F.,(2,2),(2,2),(0.,0.134350288425),(0.,1.)
  ,.PIECEWISE_BEZIER_KNOTS.);
#2866 = CARTESIAN_POINT('',(-0.633243103516,1.371621551758,0.1));
#2867 = CARTESIAN_POINT('',(-0.7,1.405,0.575));
#2868 = CARTESIAN_POINT('',(-0.571621551758,1.433243103516,0.1));
#2869 = CARTESIAN_POINT('',(-0.605,1.5,0.575));
#2870 = ADVANCED_FACE('',(#2871),#2920,.F.);
#2871 = FACE_BOUND('',#2872,.F.);
#2872 = EDGE_LOOP('',(#2873,#2874,#2875,#2883,#2891,#2899,#2907,#2915));
#2873 = ORIENTED_EDGE('',*,*,#2777,.T.);
#2874 = ORIENTED_EDGE('',*,*,#2861,.T.);
#2875 = ORIENTED_EDGE('',*,*,#2876,.F.);
#2876 = EDGE_CURVE('',#2877,#2854,#2879,.T.);
#2877 = VERTEX_POINT('',#2878);
#2878 = CARTESIAN_POINT('',(-0.7,1.15,0.575));
#2879 = LINE('',#2880,#2881);
#2880 = CARTESIAN_POINT('',(-0.7,-1.405,0.575));
#2881 = VECTOR('',#2882,1.);
#2882 = DIRECTION('',(-1.110223024625E-16,1.,0.));
#2883 = ORIENTED_EDGE('',*,*,#2884,.F.);
#2884 = EDGE_CURVE('',#2885,#2877,#2887,.T.);
#2885 = VERTEX_POINT('',#2886);
#2886 = CARTESIAN_POINT('',(-0.7,0.75,0.575));
#2887 = LINE('',#2888,#2889);
#2888 = CARTESIAN_POINT('',(-0.7,0.75,0.575));
#2889 = VECTOR('',#2890,1.);
#2890 = DIRECTION('',(1.144237745222E-17,1.,0.));
#2891 = ORIENTED_EDGE('',*,*,#2892,.F.);
#2892 = EDGE_CURVE('',#2893,#2885,#2895,.T.);
#2893 = VERTEX_POINT('',#2894);
#2894 = CARTESIAN_POINT('',(-0.7,-0.75,0.575));
#2895 = LINE('',#2896,#2897);
#2896 = CARTESIAN_POINT('',(-0.7,-1.405,0.575));
#2897 = VECTOR('',#2898,1.);
#2898 = DIRECTION('',(-1.110223024625E-16,1.,0.));
#2899 = ORIENTED_EDGE('',*,*,#2900,.F.);
#2900 = EDGE_CURVE('',#2901,#2893,#2903,.T.);
#2901 = VERTEX_POINT('',#2902);
#2902 = CARTESIAN_POINT('',(-0.7,-1.15,0.575));
#2903 = LINE('',#2904,#2905);
#2904 = CARTESIAN_POINT('',(-0.7,-1.15,0.575));
#2905 = VECTOR('',#2906,1.);
#2906 = DIRECTION('',(1.144237745222E-17,1.,0.));
#2907 = ORIENTED_EDGE('',*,*,#2908,.F.);
#2908 = EDGE_CURVE('',#2909,#2901,#2911,.T.);
#2909 = VERTEX_POINT('',#2910);
#2910 = CARTESIAN_POINT('',(-0.7,-1.405,0.575));
#2911 = LINE('',#2912,#2913);
#2912 = CARTESIAN_POINT('',(-0.7,-1.405,0.575));
#2913 = VECTOR('',#2914,1.);
#2914 = DIRECTION('',(-1.110223024625E-16,1.,0.));
#2915 = ORIENTED_EDGE('',*,*,#2916,.F.);
#2916 = EDGE_CURVE('',#2770,#2909,#2917,.T.);
#2917 = B_SPLINE_CURVE_WITH_KNOTS('',1,(#2918,#2919),.UNSPECIFIED.,.F.,
  .F.,(2,2),(0.,1.),.PIECEWISE_BEZIER_KNOTS.);
#2918 = CARTESIAN_POINT('',(-0.633243103516,-1.371621551758,0.1));
#2919 = CARTESIAN_POINT('',(-0.7,-1.405,0.575));
#2920 = B_SPLINE_SURFACE_WITH_KNOTS('',1,1,(
    (#2921,#2922)
    ,(#2923,#2924
    )),.UNSPECIFIED.,.F.,.F.,.F.,(2,2),(2,2),(0.,2.81),(0.,1.),
  .PIECEWISE_BEZIER_KNOTS.);
#2921 = CARTESIAN_POINT('',(-0.633243103516,-1.371621551758,0.1));
#2922 = CARTESIAN_POINT('',(-0.7,-1.405,0.575));
#2923 = CARTESIAN_POINT('',(-0.633243103516,1.371621551758,0.1));
#2924 = CARTESIAN_POINT('',(-0.7,1.405,0.575));
#2925 = ADVANCED_FACE('',(#2926),#2959,.F.);
#2926 = FACE_BOUND('',#2927,.F.);
#2927 = EDGE_LOOP('',(#2928,#2929,#2936,#2944,#2952,#2958));
#2928 = ORIENTED_EDGE('',*,*,#2745,.T.);
#2929 = ORIENTED_EDGE('',*,*,#2930,.T.);
#2930 = EDGE_CURVE('',#2746,#2931,#2933,.T.);
#2931 = VERTEX_POINT('',#2932);
#2932 = CARTESIAN_POINT('',(0.7,-1.405,0.575));
#2933 = B_SPLINE_CURVE_WITH_KNOTS('',1,(#2934,#2935),.UNSPECIFIED.,.F.,
  .F.,(2,2),(0.,1.),.PIECEWISE_BEZIER_KNOTS.);
#2934 = CARTESIAN_POINT('',(0.633243103516,-1.371621551758,0.1));
#2935 = CARTESIAN_POINT('',(0.7,-1.405,0.575));
#2936 = ORIENTED_EDGE('',*,*,#2937,.F.);
#2937 = EDGE_CURVE('',#2938,#2931,#2940,.T.);
#2938 = VERTEX_POINT('',#2939);
#2939 = CARTESIAN_POINT('',(0.7,-0.2,0.575));
#2940 = LINE('',#2941,#2942);
#2941 = CARTESIAN_POINT('',(0.7,1.405,0.575));
#2942 = VECTOR('',#2943,1.);
#2943 = DIRECTION('',(1.110223024625E-16,-1.,0.));
#2944 = ORIENTED_EDGE('',*,*,#2945,.F.);
#2945 = EDGE_CURVE('',#2946,#2938,#2948,.T.);
#2946 = VERTEX_POINT('',#2947);
#2947 = CARTESIAN_POINT('',(0.7,0.2,0.575));
#2948 = LINE('',#2949,#2950);
#2949 = CARTESIAN_POINT('',(0.7,0.2,0.575));
#2950 = VECTOR('',#2951,1.);
#2951 = DIRECTION('',(1.110223024625E-16,-1.,0.));
#2952 = ORIENTED_EDGE('',*,*,#2953,.F.);
#2953 = EDGE_CURVE('',#2801,#2946,#2954,.T.);
#2954 = LINE('',#2955,#2956);
#2955 = CARTESIAN_POINT('',(0.7,1.405,0.575));
#2956 = VECTOR('',#2957,1.);
#2957 = DIRECTION('',(1.110223024625E-16,-1.,0.));
#2958 = ORIENTED_EDGE('',*,*,#2800,.F.);
#2959 = B_SPLINE_SURFACE_WITH_KNOTS('',1,1,(
    (#2960,#2961)
    ,(#2962,#2963
    )),.UNSPECIFIED.,.F.,.F.,.F.,(2,2),(2,2),(0.,2.81),(0.,1.),
  .PIECEWISE_BEZIER_KNOTS.);
#2960 = CARTESIAN_POINT('',(0.633243103516,1.371621551758,0.1));
#2961 = CARTESIAN_POINT('',(0.7,1.405,0.575));
#2962 = CARTESIAN_POINT('',(0.633243103516,-1.371621551758,0.1));
#2963 = CARTESIAN_POINT('',(0.7,-1.405,0.575));
#2964 = ADVANCED_FACE('',(#2965),#2982,.F.);
#2965 = FACE_BOUND('',#2966,.F.);
#2966 = EDGE_LOOP('',(#2967,#2968,#2969,#2977));
#2967 = ORIENTED_EDGE('',*,*,#2769,.T.);
#2968 = ORIENTED_EDGE('',*,*,#2916,.T.);
#2969 = ORIENTED_EDGE('',*,*,#2970,.F.);
#2970 = EDGE_CURVE('',#2971,#2909,#2973,.T.);
#2971 = VERTEX_POINT('',#2972);
#2972 = CARTESIAN_POINT('',(-0.605,-1.5,0.575));
#2973 = LINE('',#2974,#2975);
#2974 = CARTESIAN_POINT('',(-0.605,-1.5,0.575));
#2975 = VECTOR('',#2976,1.);
#2976 = DIRECTION('',(-0.707106781187,0.707106781187,0.));
#2977 = ORIENTED_EDGE('',*,*,#2978,.F.);
#2978 = EDGE_CURVE('',#2762,#2971,#2979,.T.);
#2979 = B_SPLINE_CURVE_WITH_KNOTS('',1,(#2980,#2981),.UNSPECIFIED.,.F.,
  .F.,(2,2),(0.,1.),.PIECEWISE_BEZIER_KNOTS.);
#2980 = CARTESIAN_POINT('',(-0.571621551758,-1.433243103516,0.1));
#2981 = CARTESIAN_POINT('',(-0.605,-1.5,0.575));
#2982 = B_SPLINE_SURFACE_WITH_KNOTS('',1,1,(
    (#2983,#2984)
    ,(#2985,#2986
    )),.UNSPECIFIED.,.F.,.F.,.F.,(2,2),(2,2),(0.,0.134350288425),(0.,1.)
  ,.PIECEWISE_BEZIER_KNOTS.);
#2983 = CARTESIAN_POINT('',(-0.571621551758,-1.433243103516,0.1));
#2984 = CARTESIAN_POINT('',(-0.605,-1.5,0.575));
#2985 = CARTESIAN_POINT('',(-0.633243103516,-1.371621551758,0.1));
#2986 = CARTESIAN_POINT('',(-0.7,-1.405,0.575));
#2987 = ADVANCED_FACE('',(#2988),#3005,.F.);
#2988 = FACE_BOUND('',#2989,.F.);
#2989 = EDGE_LOOP('',(#2990,#2991,#2998,#3004));
#2990 = ORIENTED_EDGE('',*,*,#2753,.T.);
#2991 = ORIENTED_EDGE('',*,*,#2992,.T.);
#2992 = EDGE_CURVE('',#2754,#2993,#2995,.T.);
#2993 = VERTEX_POINT('',#2994);
#2994 = CARTESIAN_POINT('',(0.605,-1.5,0.575));
#2995 = B_SPLINE_CURVE_WITH_KNOTS('',1,(#2996,#2997),.UNSPECIFIED.,.F.,
  .F.,(2,2),(0.,1.),.PIECEWISE_BEZIER_KNOTS.);
#2996 = CARTESIAN_POINT('',(0.571621551758,-1.433243103516,0.1));
#2997 = CARTESIAN_POINT('',(0.605,-1.5,0.575));
#2998 = ORIENTED_EDGE('',*,*,#2999,.F.);
#2999 = EDGE_CURVE('',#2931,#2993,#3000,.T.);
#3000 = LINE('',#3001,#3002);
#3001 = CARTESIAN_POINT('',(0.7,-1.405,0.575));
#3002 = VECTOR('',#3003,1.);
#3003 = DIRECTION('',(-0.707106781187,-0.707106781187,0.));
#3004 = ORIENTED_EDGE('',*,*,#2930,.F.);
#3005 = B_SPLINE_SURFACE_WITH_KNOTS('',1,1,(
    (#3006,#3007)
    ,(#3008,#3009
    )),.UNSPECIFIED.,.F.,.F.,.F.,(2,2),(2,2),(0.,0.134350288425),(0.,1.)
  ,.PIECEWISE_BEZIER_KNOTS.);
#3006 = CARTESIAN_POINT('',(0.633243103516,-1.371621551758,0.1));
#3007 = CARTESIAN_POINT('',(0.7,-1.405,0.575));
#3008 = CARTESIAN_POINT('',(0.571621551758,-1.433243103516,0.1));
#3009 = CARTESIAN_POINT('',(0.605,-1.5,0.575));
#3010 = ADVANCED_FACE('',(#3011),#3022,.F.);
#3011 = FACE_BOUND('',#3012,.F.);
#3012 = EDGE_LOOP('',(#3013,#3014,#3015,#3021));
#3013 = ORIENTED_EDGE('',*,*,#2761,.T.);
#3014 = ORIENTED_EDGE('',*,*,#2978,.T.);
#3015 = ORIENTED_EDGE('',*,*,#3016,.F.);
#3016 = EDGE_CURVE('',#2993,#2971,#3017,.T.);
#3017 = LINE('',#3018,#3019);
#3018 = CARTESIAN_POINT('',(0.605,-1.5,0.575));
#3019 = VECTOR('',#3020,1.);
#3020 = DIRECTION('',(-1.,-1.110223024625E-16,0.));
#3021 = ORIENTED_EDGE('',*,*,#2992,.F.);
#3022 = B_SPLINE_SURFACE_WITH_KNOTS('',1,1,(
    (#3023,#3024)
    ,(#3025,#3026
    )),.UNSPECIFIED.,.F.,.F.,.F.,(2,2),(2,2),(0.,1.21),(0.,1.),
  .PIECEWISE_BEZIER_KNOTS.);
#3023 = CARTESIAN_POINT('',(0.571621551758,-1.433243103516,0.1));
#3024 = CARTESIAN_POINT('',(0.605,-1.5,0.575));
#3025 = CARTESIAN_POINT('',(-0.571621551758,-1.433243103516,0.1));
#3026 = CARTESIAN_POINT('',(-0.605,-1.5,0.575));
#3027 = ADVANCED_FACE('',(#3028),#3045,.F.);
#3028 = FACE_BOUND('',#3029,.F.);
#3029 = EDGE_LOOP('',(#3030,#3031,#3038,#3044));
#3030 = ORIENTED_EDGE('',*,*,#2807,.T.);
#3031 = ORIENTED_EDGE('',*,*,#3032,.T.);
#3032 = EDGE_CURVE('',#2801,#3033,#3035,.T.);
#3033 = VERTEX_POINT('',#3034);
#3034 = CARTESIAN_POINT('',(0.7,1.405,0.725));
#3035 = B_SPLINE_CURVE_WITH_KNOTS('',1,(#3036,#3037),.UNSPECIFIED.,.F.,
  .F.,(2,2),(0.,1.),.PIECEWISE_BEZIER_KNOTS.);
#3036 = CARTESIAN_POINT('',(0.7,1.405,0.575));
#3037 = CARTESIAN_POINT('',(0.7,1.405,0.725));
#3038 = ORIENTED_EDGE('',*,*,#3039,.F.);
#3039 = EDGE_CURVE('',#2824,#3033,#3040,.T.);
#3040 = LINE('',#3041,#3042);
#3041 = CARTESIAN_POINT('',(0.605,1.5,0.725));
#3042 = VECTOR('',#3043,1.);
#3043 = DIRECTION('',(0.707106781187,-0.707106781187,0.));
#3044 = ORIENTED_EDGE('',*,*,#2823,.F.);
#3045 = PLANE('',#3046);
#3046 = AXIS2_PLACEMENT_3D('',#3047,#3048,#3049);
#3047 = CARTESIAN_POINT('',(0.605,1.5,0.725));
#3048 = DIRECTION('',(-0.707106781187,-0.707106781187,0.));
#3049 = DIRECTION('',(0.707106781187,-0.707106781187,0.));
#3050 = ADVANCED_FACE('',(#3051),#3133,.F.);
#3051 = FACE_BOUND('',#3052,.F.);
#3052 = EDGE_LOOP('',(#3053,#3061,#3062,#3063,#3071,#3079,#3087,#3095,
    #3103,#3111,#3119,#3127));
#3053 = ORIENTED_EDGE('',*,*,#3054,.T.);
#3054 = EDGE_CURVE('',#3055,#2831,#3057,.T.);
#3055 = VERTEX_POINT('',#3056);
#3056 = CARTESIAN_POINT('',(-0.7,1.405,0.725));
#3057 = LINE('',#3058,#3059);
#3058 = CARTESIAN_POINT('',(-0.7,1.405,0.725));
#3059 = VECTOR('',#3060,1.);
#3060 = DIRECTION('',(0.707106781187,0.707106781187,0.));
#3061 = ORIENTED_EDGE('',*,*,#2830,.T.);
#3062 = ORIENTED_EDGE('',*,*,#3039,.T.);
#3063 = ORIENTED_EDGE('',*,*,#3064,.T.);
#3064 = EDGE_CURVE('',#3033,#3065,#3067,.T.);
#3065 = VERTEX_POINT('',#3066);
#3066 = CARTESIAN_POINT('',(0.7,0.2,0.725));
#3067 = LINE('',#3068,#3069);
#3068 = CARTESIAN_POINT('',(0.7,1.405,0.725));
#3069 = VECTOR('',#3070,1.);
#3070 = DIRECTION('',(1.110223024625E-16,-1.,0.));
#3071 = ORIENTED_EDGE('',*,*,#3072,.T.);
#3072 = EDGE_CURVE('',#3065,#3073,#3075,.T.);
#3073 = VERTEX_POINT('',#3074);
#3074 = CARTESIAN_POINT('',(0.675,0.2,0.725));
#3075 = LINE('',#3076,#3077);
#3076 = CARTESIAN_POINT('',(0.7,0.2,0.725));
#3077 = VECTOR('',#3078,1.);
#3078 = DIRECTION('',(-1.,-1.110223024625E-16,0.));
#3079 = ORIENTED_EDGE('',*,*,#3080,.F.);
#3080 = EDGE_CURVE('',#3081,#3073,#3083,.T.);
#3081 = VERTEX_POINT('',#3082);
#3082 = CARTESIAN_POINT('',(0.675,1.3925,0.725));
#3083 = LINE('',#3084,#3085);
#3084 = CARTESIAN_POINT('',(0.675,1.3925,0.725));
#3085 = VECTOR('',#3086,1.);
#3086 = DIRECTION('',(1.110223024625E-16,-1.,0.));
#3087 = ORIENTED_EDGE('',*,*,#3088,.F.);
#3088 = EDGE_CURVE('',#3089,#3081,#3091,.T.);
#3089 = VERTEX_POINT('',#3090);
#3090 = CARTESIAN_POINT('',(0.5925,1.475,0.725));
#3091 = LINE('',#3092,#3093);
#3092 = CARTESIAN_POINT('',(0.5925,1.475,0.725));
#3093 = VECTOR('',#3094,1.);
#3094 = DIRECTION('',(0.707106781187,-0.707106781187,0.));
#3095 = ORIENTED_EDGE('',*,*,#3096,.F.);
#3096 = EDGE_CURVE('',#3097,#3089,#3099,.T.);
#3097 = VERTEX_POINT('',#3098);
#3098 = CARTESIAN_POINT('',(-0.5925,1.475,0.725));
#3099 = LINE('',#3100,#3101);
#3100 = CARTESIAN_POINT('',(-0.5925,1.475,0.725));
#3101 = VECTOR('',#3102,1.);
#3102 = DIRECTION('',(1.,1.110223024625E-16,0.));
#3103 = ORIENTED_EDGE('',*,*,#3104,.F.);
#3104 = EDGE_CURVE('',#3105,#3097,#3107,.T.);
#3105 = VERTEX_POINT('',#3106);
#3106 = CARTESIAN_POINT('',(-0.675,1.3925,0.725));
#3107 = LINE('',#3108,#3109);
#3108 = CARTESIAN_POINT('',(-0.675,1.3925,0.725));
#3109 = VECTOR('',#3110,1.);
#3110 = DIRECTION('',(0.707106781187,0.707106781187,0.));
#3111 = ORIENTED_EDGE('',*,*,#3112,.F.);
#3112 = EDGE_CURVE('',#3113,#3105,#3115,.T.);
#3113 = VERTEX_POINT('',#3114);
#3114 = CARTESIAN_POINT('',(-0.675,1.15,0.725));
#3115 = LINE('',#3116,#3117);
#3116 = CARTESIAN_POINT('',(-0.675,-1.3925,0.725));
#3117 = VECTOR('',#3118,1.);
#3118 = DIRECTION('',(-1.110223024625E-16,1.,0.));
#3119 = ORIENTED_EDGE('',*,*,#3120,.F.);
#3120 = EDGE_CURVE('',#3121,#3113,#3123,.T.);
#3121 = VERTEX_POINT('',#3122);
#3122 = CARTESIAN_POINT('',(-0.7,1.15,0.725));
#3123 = LINE('',#3124,#3125);
#3124 = CARTESIAN_POINT('',(-0.7,1.15,0.725));
#3125 = VECTOR('',#3126,1.);
#3126 = DIRECTION('',(1.,-1.144237745222E-17,0.));
#3127 = ORIENTED_EDGE('',*,*,#3128,.T.);
#3128 = EDGE_CURVE('',#3121,#3055,#3129,.T.);
#3129 = LINE('',#3130,#3131);
#3130 = CARTESIAN_POINT('',(-0.7,-1.405,0.725));
#3131 = VECTOR('',#3132,1.);
#3132 = DIRECTION('',(-1.110223024625E-16,1.,0.));
#3133 = PLANE('',#3134);
#3134 = AXIS2_PLACEMENT_3D('',#3135,#3136,#3137);
#3135 = CARTESIAN_POINT('',(-1.486299604971E-16,1.4875,0.725));
#3136 = DIRECTION('',(1.022886882533E-31,-6.310887241768E-27,-1.));
#3137 = DIRECTION('',(1.,1.217738924546E-16,1.022886882525E-31));
#3138 = ADVANCED_FACE('',(#3139),#3149,.F.);
#3139 = FACE_BOUND('',#3140,.F.);
#3140 = EDGE_LOOP('',(#3141,#3142,#3143,#3144));
#3141 = ORIENTED_EDGE('',*,*,#2853,.T.);
#3142 = ORIENTED_EDGE('',*,*,#2838,.T.);
#3143 = ORIENTED_EDGE('',*,*,#3054,.F.);
#3144 = ORIENTED_EDGE('',*,*,#3145,.F.);
#3145 = EDGE_CURVE('',#2854,#3055,#3146,.T.);
#3146 = B_SPLINE_CURVE_WITH_KNOTS('',1,(#3147,#3148),.UNSPECIFIED.,.F.,
  .F.,(2,2),(0.,1.),.PIECEWISE_BEZIER_KNOTS.);
#3147 = CARTESIAN_POINT('',(-0.7,1.405,0.575));
#3148 = CARTESIAN_POINT('',(-0.7,1.405,0.725));
#3149 = PLANE('',#3150);
#3150 = AXIS2_PLACEMENT_3D('',#3151,#3152,#3153);
#3151 = CARTESIAN_POINT('',(-0.7,1.405,0.725));
#3152 = DIRECTION('',(0.707106781187,-0.707106781187,0.));
#3153 = DIRECTION('',(0.707106781187,0.707106781187,0.));
#3154 = ADVANCED_FACE('',(#3155),#3179,.F.);
#3155 = FACE_BOUND('',#3156,.F.);
#3156 = EDGE_LOOP('',(#3157,#3164,#3165,#3173));
#3157 = ORIENTED_EDGE('',*,*,#3158,.F.);
#3158 = EDGE_CURVE('',#2909,#3159,#3161,.T.);
#3159 = VERTEX_POINT('',#3160);
#3160 = CARTESIAN_POINT('',(-0.7,-1.405,0.725));
#3161 = B_SPLINE_CURVE_WITH_KNOTS('',1,(#3162,#3163),.UNSPECIFIED.,.F.,
  .F.,(2,2),(0.,1.),.PIECEWISE_BEZIER_KNOTS.);
#3162 = CARTESIAN_POINT('',(-0.7,-1.405,0.575));
#3163 = CARTESIAN_POINT('',(-0.7,-1.405,0.725));
#3164 = ORIENTED_EDGE('',*,*,#2908,.T.);
#3165 = ORIENTED_EDGE('',*,*,#3166,.T.);
#3166 = EDGE_CURVE('',#2901,#3167,#3169,.T.);
#3167 = VERTEX_POINT('',#3168);
#3168 = CARTESIAN_POINT('',(-0.7,-1.15,0.725));
#3169 = LINE('',#3170,#3171);
#3170 = CARTESIAN_POINT('',(-0.7,-1.15,0.529763586955));
#3171 = VECTOR('',#3172,1.);
#3172 = DIRECTION('',(0.,0.,1.));
#3173 = ORIENTED_EDGE('',*,*,#3174,.F.);
#3174 = EDGE_CURVE('',#3159,#3167,#3175,.T.);
#3175 = LINE('',#3176,#3177);
#3176 = CARTESIAN_POINT('',(-0.7,-1.405,0.725));
#3177 = VECTOR('',#3178,1.);
#3178 = DIRECTION('',(-1.110223024625E-16,1.,0.));
#3179 = PLANE('',#3180);
#3180 = AXIS2_PLACEMENT_3D('',#3181,#3182,#3183);
#3181 = CARTESIAN_POINT('',(-0.7,-1.405,0.725));
#3182 = DIRECTION('',(1.,1.110223024625E-16,0.));
#3183 = DIRECTION('',(-1.110223024625E-16,1.,0.));
#3184 = ADVANCED_FACE('',(#3185),#3212,.F.);
#3185 = FACE_BOUND('',#3186,.F.);
#3186 = EDGE_LOOP('',(#3187,#3188,#3197,#3205));
#3187 = ORIENTED_EDGE('',*,*,#2900,.T.);
#3188 = ORIENTED_EDGE('',*,*,#3189,.T.);
#3189 = EDGE_CURVE('',#2893,#3190,#3192,.T.);
#3190 = VERTEX_POINT('',#3191);
#3191 = CARTESIAN_POINT('',(-0.798480775301,-0.75,0.492364817767));
#3192 = CIRCLE('',#3193,0.1);
#3193 = AXIS2_PLACEMENT_3D('',#3194,#3195,#3196);
#3194 = CARTESIAN_POINT('',(-0.7,-0.75,0.475));
#3195 = DIRECTION('',(-1.144237745222E-17,-1.,-3.618690651183E-48));
#3196 = DIRECTION('',(2.22044604925E-15,-2.540718180781E-32,1.));
#3197 = ORIENTED_EDGE('',*,*,#3198,.F.);
#3198 = EDGE_CURVE('',#3199,#3190,#3201,.T.);
#3199 = VERTEX_POINT('',#3200);
#3200 = CARTESIAN_POINT('',(-0.798480775301,-1.15,0.492364817767));
#3201 = LINE('',#3202,#3203);
#3202 = CARTESIAN_POINT('',(-0.798480775301,-1.15,0.492364817767));
#3203 = VECTOR('',#3204,1.);
#3204 = DIRECTION('',(1.144237745222E-17,1.,0.));
#3205 = ORIENTED_EDGE('',*,*,#3206,.F.);
#3206 = EDGE_CURVE('',#2901,#3199,#3207,.T.);
#3207 = CIRCLE('',#3208,0.1);
#3208 = AXIS2_PLACEMENT_3D('',#3209,#3210,#3211);
#3209 = CARTESIAN_POINT('',(-0.7,-1.15,0.475));
#3210 = DIRECTION('',(-1.144237745222E-17,-1.,-3.618690651183E-48));
#3211 = DIRECTION('',(2.22044604925E-15,-2.540718180781E-32,1.));
#3212 = CYLINDRICAL_SURFACE('',#3213,0.1);
#3213 = AXIS2_PLACEMENT_3D('',#3214,#3215,#3216);
#3214 = CARTESIAN_POINT('',(-0.7,-1.15,0.475));
#3215 = DIRECTION('',(-1.144237745222E-17,-1.,0.));
#3216 = DIRECTION('',(2.22044604925E-15,-2.540718180781E-32,1.));
#3217 = ADVANCED_FACE('',(#3218),#3243,.F.);
#3218 = FACE_BOUND('',#3219,.F.);
#3219 = EDGE_LOOP('',(#3220,#3228,#3229,#3237));
#3220 = ORIENTED_EDGE('',*,*,#3221,.F.);
#3221 = EDGE_CURVE('',#2893,#3222,#3224,.T.);
#3222 = VERTEX_POINT('',#3223);
#3223 = CARTESIAN_POINT('',(-0.7,-0.75,0.725));
#3224 = LINE('',#3225,#3226);
#3225 = CARTESIAN_POINT('',(-0.7,-0.75,0.529763586955));
#3226 = VECTOR('',#3227,1.);
#3227 = DIRECTION('',(0.,0.,1.));
#3228 = ORIENTED_EDGE('',*,*,#2892,.T.);
#3229 = ORIENTED_EDGE('',*,*,#3230,.T.);
#3230 = EDGE_CURVE('',#2885,#3231,#3233,.T.);
#3231 = VERTEX_POINT('',#3232);
#3232 = CARTESIAN_POINT('',(-0.7,0.75,0.725));
#3233 = LINE('',#3234,#3235);
#3234 = CARTESIAN_POINT('',(-0.7,0.75,0.529763586955));
#3235 = VECTOR('',#3236,1.);
#3236 = DIRECTION('',(0.,0.,1.));
#3237 = ORIENTED_EDGE('',*,*,#3238,.F.);
#3238 = EDGE_CURVE('',#3222,#3231,#3239,.T.);
#3239 = LINE('',#3240,#3241);
#3240 = CARTESIAN_POINT('',(-0.7,-1.405,0.725));
#3241 = VECTOR('',#3242,1.);
#3242 = DIRECTION('',(-1.110223024625E-16,1.,0.));
#3243 = PLANE('',#3244);
#3244 = AXIS2_PLACEMENT_3D('',#3245,#3246,#3247);
#3245 = CARTESIAN_POINT('',(-0.7,-1.405,0.725));
#3246 = DIRECTION('',(1.,1.110223024625E-16,0.));
#3247 = DIRECTION('',(-1.110223024625E-16,1.,0.));
#3248 = ADVANCED_FACE('',(#3249),#3276,.F.);
#3249 = FACE_BOUND('',#3250,.F.);
#3250 = EDGE_LOOP('',(#3251,#3252,#3261,#3269));
#3251 = ORIENTED_EDGE('',*,*,#2884,.T.);
#3252 = ORIENTED_EDGE('',*,*,#3253,.T.);
#3253 = EDGE_CURVE('',#2877,#3254,#3256,.T.);
#3254 = VERTEX_POINT('',#3255);
#3255 = CARTESIAN_POINT('',(-0.798480775301,1.15,0.492364817767));
#3256 = CIRCLE('',#3257,0.1);
#3257 = AXIS2_PLACEMENT_3D('',#3258,#3259,#3260);
#3258 = CARTESIAN_POINT('',(-0.7,1.15,0.475));
#3259 = DIRECTION('',(-1.144237745222E-17,-1.,-3.618690651183E-48));
#3260 = DIRECTION('',(2.22044604925E-15,-2.540718180781E-32,1.));
#3261 = ORIENTED_EDGE('',*,*,#3262,.F.);
#3262 = EDGE_CURVE('',#3263,#3254,#3265,.T.);
#3263 = VERTEX_POINT('',#3264);
#3264 = CARTESIAN_POINT('',(-0.798480775301,0.75,0.492364817767));
#3265 = LINE('',#3266,#3267);
#3266 = CARTESIAN_POINT('',(-0.798480775301,0.75,0.492364817767));
#3267 = VECTOR('',#3268,1.);
#3268 = DIRECTION('',(1.144237745222E-17,1.,0.));
#3269 = ORIENTED_EDGE('',*,*,#3270,.F.);
#3270 = EDGE_CURVE('',#2885,#3263,#3271,.T.);
#3271 = CIRCLE('',#3272,0.1);
#3272 = AXIS2_PLACEMENT_3D('',#3273,#3274,#3275);
#3273 = CARTESIAN_POINT('',(-0.7,0.75,0.475));
#3274 = DIRECTION('',(-1.144237745222E-17,-1.,-3.618690651183E-48));
#3275 = DIRECTION('',(2.22044604925E-15,-2.540718180781E-32,1.));
#3276 = CYLINDRICAL_SURFACE('',#3277,0.1);
#3277 = AXIS2_PLACEMENT_3D('',#3278,#3279,#3280);
#3278 = CARTESIAN_POINT('',(-0.7,0.75,0.475));
#3279 = DIRECTION('',(-1.144237745222E-17,-1.,0.));
#3280 = DIRECTION('',(2.22044604925E-15,-2.540718180781E-32,1.));
#3281 = ADVANCED_FACE('',(#3282),#3293,.F.);
#3282 = FACE_BOUND('',#3283,.F.);
#3283 = EDGE_LOOP('',(#3284,#3290,#3291,#3292));
#3284 = ORIENTED_EDGE('',*,*,#3285,.F.);
#3285 = EDGE_CURVE('',#2877,#3121,#3286,.T.);
#3286 = LINE('',#3287,#3288);
#3287 = CARTESIAN_POINT('',(-0.7,1.15,0.529763586955));
#3288 = VECTOR('',#3289,1.);
#3289 = DIRECTION('',(0.,0.,1.));
#3290 = ORIENTED_EDGE('',*,*,#2876,.T.);
#3291 = ORIENTED_EDGE('',*,*,#3145,.T.);
#3292 = ORIENTED_EDGE('',*,*,#3128,.F.);
#3293 = PLANE('',#3294);
#3294 = AXIS2_PLACEMENT_3D('',#3295,#3296,#3297);
#3295 = CARTESIAN_POINT('',(-0.7,-1.405,0.725));
#3296 = DIRECTION('',(1.,1.110223024625E-16,0.));
#3297 = DIRECTION('',(-1.110223024625E-16,1.,0.));
#3298 = ADVANCED_FACE('',(#3299),#3310,.F.);
#3299 = FACE_BOUND('',#3300,.F.);
#3300 = EDGE_LOOP('',(#3301,#3302,#3303,#3309));
#3301 = ORIENTED_EDGE('',*,*,#3032,.F.);
#3302 = ORIENTED_EDGE('',*,*,#2953,.T.);
#3303 = ORIENTED_EDGE('',*,*,#3304,.T.);
#3304 = EDGE_CURVE('',#2946,#3065,#3305,.T.);
#3305 = LINE('',#3306,#3307);
#3306 = CARTESIAN_POINT('',(0.7,0.2,0.529763586955));
#3307 = VECTOR('',#3308,1.);
#3308 = DIRECTION('',(0.,0.,1.));
#3309 = ORIENTED_EDGE('',*,*,#3064,.F.);
#3310 = PLANE('',#3311);
#3311 = AXIS2_PLACEMENT_3D('',#3312,#3313,#3314);
#3312 = CARTESIAN_POINT('',(0.7,1.405,0.725));
#3313 = DIRECTION('',(-1.,-1.110223024625E-16,0.));
#3314 = DIRECTION('',(1.110223024625E-16,-1.,0.));
#3315 = ADVANCED_FACE('',(#3316),#3343,.F.);
#3316 = FACE_BOUND('',#3317,.F.);
#3317 = EDGE_LOOP('',(#3318,#3319,#3328,#3336));
#3318 = ORIENTED_EDGE('',*,*,#2945,.T.);
#3319 = ORIENTED_EDGE('',*,*,#3320,.T.);
#3320 = EDGE_CURVE('',#2938,#3321,#3323,.T.);
#3321 = VERTEX_POINT('',#3322);
#3322 = CARTESIAN_POINT('',(0.798480775301,-0.2,0.492364817767));
#3323 = CIRCLE('',#3324,0.1);
#3324 = AXIS2_PLACEMENT_3D('',#3325,#3326,#3327);
#3325 = CARTESIAN_POINT('',(0.7,-0.2,0.475));
#3326 = DIRECTION('',(-1.110223024625E-16,1.,-1.094764425744E-47));
#3327 = DIRECTION('',(-2.22044604925E-15,-2.465190328815E-31,1.));
#3328 = ORIENTED_EDGE('',*,*,#3329,.F.);
#3329 = EDGE_CURVE('',#3330,#3321,#3332,.T.);
#3330 = VERTEX_POINT('',#3331);
#3331 = CARTESIAN_POINT('',(0.798480775301,0.2,0.492364817767));
#3332 = LINE('',#3333,#3334);
#3333 = CARTESIAN_POINT('',(0.798480775301,0.2,0.492364817767));
#3334 = VECTOR('',#3335,1.);
#3335 = DIRECTION('',(1.110223024625E-16,-1.,0.));
#3336 = ORIENTED_EDGE('',*,*,#3337,.F.);
#3337 = EDGE_CURVE('',#2946,#3330,#3338,.T.);
#3338 = CIRCLE('',#3339,0.1);
#3339 = AXIS2_PLACEMENT_3D('',#3340,#3341,#3342);
#3340 = CARTESIAN_POINT('',(0.7,0.2,0.475));
#3341 = DIRECTION('',(-1.110223024625E-16,1.,-1.094764425744E-47));
#3342 = DIRECTION('',(-2.22044604925E-15,-2.465190328815E-31,1.));
#3343 = CYLINDRICAL_SURFACE('',#3344,0.1);
#3344 = AXIS2_PLACEMENT_3D('',#3345,#3346,#3347);
#3345 = CARTESIAN_POINT('',(0.7,0.2,0.475));
#3346 = DIRECTION('',(-1.110223024625E-16,1.,0.));
#3347 = DIRECTION('',(-2.22044604925E-15,-2.465190328815E-31,1.));
#3348 = ADVANCED_FACE('',(#3349),#3373,.F.);
#3349 = FACE_BOUND('',#3350,.F.);
#3350 = EDGE_LOOP('',(#3351,#3359,#3360,#3367));
#3351 = ORIENTED_EDGE('',*,*,#3352,.F.);
#3352 = EDGE_CURVE('',#2938,#3353,#3355,.T.);
#3353 = VERTEX_POINT('',#3354);
#3354 = CARTESIAN_POINT('',(0.7,-0.2,0.725));
#3355 = LINE('',#3356,#3357);
#3356 = CARTESIAN_POINT('',(0.7,-0.2,0.529763586955));
#3357 = VECTOR('',#3358,1.);
#3358 = DIRECTION('',(0.,0.,1.));
#3359 = ORIENTED_EDGE('',*,*,#2937,.T.);
#3360 = ORIENTED_EDGE('',*,*,#3361,.T.);
#3361 = EDGE_CURVE('',#2931,#3362,#3364,.T.);
#3362 = VERTEX_POINT('',#3363);
#3363 = CARTESIAN_POINT('',(0.7,-1.405,0.725));
#3364 = B_SPLINE_CURVE_WITH_KNOTS('',1,(#3365,#3366),.UNSPECIFIED.,.F.,
  .F.,(2,2),(0.,1.),.PIECEWISE_BEZIER_KNOTS.);
#3365 = CARTESIAN_POINT('',(0.7,-1.405,0.575));
#3366 = CARTESIAN_POINT('',(0.7,-1.405,0.725));
#3367 = ORIENTED_EDGE('',*,*,#3368,.F.);
#3368 = EDGE_CURVE('',#3353,#3362,#3369,.T.);
#3369 = LINE('',#3370,#3371);
#3370 = CARTESIAN_POINT('',(0.7,1.405,0.725));
#3371 = VECTOR('',#3372,1.);
#3372 = DIRECTION('',(1.110223024625E-16,-1.,0.));
#3373 = PLANE('',#3374);
#3374 = AXIS2_PLACEMENT_3D('',#3375,#3376,#3377);
#3375 = CARTESIAN_POINT('',(0.7,1.405,0.725));
#3376 = DIRECTION('',(-1.,-1.110223024625E-16,0.));
#3377 = DIRECTION('',(1.110223024625E-16,-1.,0.));
#3378 = ADVANCED_FACE('',(#3379),#3396,.F.);
#3379 = FACE_BOUND('',#3380,.F.);
#3380 = EDGE_LOOP('',(#3381,#3382,#3383,#3391));
#3381 = ORIENTED_EDGE('',*,*,#2970,.T.);
#3382 = ORIENTED_EDGE('',*,*,#3158,.T.);
#3383 = ORIENTED_EDGE('',*,*,#3384,.F.);
#3384 = EDGE_CURVE('',#3385,#3159,#3387,.T.);
#3385 = VERTEX_POINT('',#3386);
#3386 = CARTESIAN_POINT('',(-0.605,-1.5,0.725));
#3387 = LINE('',#3388,#3389);
#3388 = CARTESIAN_POINT('',(-0.605,-1.5,0.725));
#3389 = VECTOR('',#3390,1.);
#3390 = DIRECTION('',(-0.707106781187,0.707106781187,0.));
#3391 = ORIENTED_EDGE('',*,*,#3392,.F.);
#3392 = EDGE_CURVE('',#2971,#3385,#3393,.T.);
#3393 = B_SPLINE_CURVE_WITH_KNOTS('',1,(#3394,#3395),.UNSPECIFIED.,.F.,
  .F.,(2,2),(0.,1.),.PIECEWISE_BEZIER_KNOTS.);
#3394 = CARTESIAN_POINT('',(-0.605,-1.5,0.575));
#3395 = CARTESIAN_POINT('',(-0.605,-1.5,0.725));
#3396 = PLANE('',#3397);
#3397 = AXIS2_PLACEMENT_3D('',#3398,#3399,#3400);
#3398 = CARTESIAN_POINT('',(-0.605,-1.5,0.725));
#3399 = DIRECTION('',(0.707106781187,0.707106781187,0.));
#3400 = DIRECTION('',(-0.707106781187,0.707106781187,0.));
#3401 = ADVANCED_FACE('',(#3402),#3419,.F.);
#3402 = FACE_BOUND('',#3403,.F.);
#3403 = EDGE_LOOP('',(#3404,#3405,#3412,#3418));
#3404 = ORIENTED_EDGE('',*,*,#2999,.T.);
#3405 = ORIENTED_EDGE('',*,*,#3406,.T.);
#3406 = EDGE_CURVE('',#2993,#3407,#3409,.T.);
#3407 = VERTEX_POINT('',#3408);
#3408 = CARTESIAN_POINT('',(0.605,-1.5,0.725));
#3409 = B_SPLINE_CURVE_WITH_KNOTS('',1,(#3410,#3411),.UNSPECIFIED.,.F.,
  .F.,(2,2),(0.,1.),.PIECEWISE_BEZIER_KNOTS.);
#3410 = CARTESIAN_POINT('',(0.605,-1.5,0.575));
#3411 = CARTESIAN_POINT('',(0.605,-1.5,0.725));
#3412 = ORIENTED_EDGE('',*,*,#3413,.F.);
#3413 = EDGE_CURVE('',#3362,#3407,#3414,.T.);
#3414 = LINE('',#3415,#3416);
#3415 = CARTESIAN_POINT('',(0.7,-1.405,0.725));
#3416 = VECTOR('',#3417,1.);
#3417 = DIRECTION('',(-0.707106781187,-0.707106781187,0.));
#3418 = ORIENTED_EDGE('',*,*,#3361,.F.);
#3419 = PLANE('',#3420);
#3420 = AXIS2_PLACEMENT_3D('',#3421,#3422,#3423);
#3421 = CARTESIAN_POINT('',(0.7,-1.405,0.725));
#3422 = DIRECTION('',(-0.707106781187,0.707106781187,0.));
#3423 = DIRECTION('',(-0.707106781187,-0.707106781187,0.));
#3424 = ADVANCED_FACE('',(#3425),#3436,.F.);
#3425 = FACE_BOUND('',#3426,.F.);
#3426 = EDGE_LOOP('',(#3427,#3428,#3429,#3435));
#3427 = ORIENTED_EDGE('',*,*,#3016,.T.);
#3428 = ORIENTED_EDGE('',*,*,#3392,.T.);
#3429 = ORIENTED_EDGE('',*,*,#3430,.F.);
#3430 = EDGE_CURVE('',#3407,#3385,#3431,.T.);
#3431 = LINE('',#3432,#3433);
#3432 = CARTESIAN_POINT('',(0.605,-1.5,0.725));
#3433 = VECTOR('',#3434,1.);
#3434 = DIRECTION('',(-1.,-1.110223024625E-16,0.));
#3435 = ORIENTED_EDGE('',*,*,#3406,.F.);
#3436 = PLANE('',#3437);
#3437 = AXIS2_PLACEMENT_3D('',#3438,#3439,#3440);
#3438 = CARTESIAN_POINT('',(0.605,-1.5,0.725));
#3439 = DIRECTION('',(-1.110223024625E-16,1.,0.));
#3440 = DIRECTION('',(-1.,-1.110223024625E-16,0.));
#3441 = ADVANCED_FACE('',(#3442),#3465,.F.);
#3442 = FACE_BOUND('',#3443,.F.);
#3443 = EDGE_LOOP('',(#3444,#3452,#3458,#3459));
#3444 = ORIENTED_EDGE('',*,*,#3445,.F.);
#3445 = EDGE_CURVE('',#3231,#3446,#3448,.T.);
#3446 = VERTEX_POINT('',#3447);
#3447 = CARTESIAN_POINT('',(-0.675,0.75,0.725));
#3448 = LINE('',#3449,#3450);
#3449 = CARTESIAN_POINT('',(-0.7,0.75,0.725));
#3450 = VECTOR('',#3451,1.);
#3451 = DIRECTION('',(1.,-1.144237745222E-17,0.));
#3452 = ORIENTED_EDGE('',*,*,#3453,.T.);
#3453 = EDGE_CURVE('',#3231,#3121,#3454,.T.);
#3454 = LINE('',#3455,#3456);
#3455 = CARTESIAN_POINT('',(-0.7,0.75,0.725));
#3456 = VECTOR('',#3457,1.);
#3457 = DIRECTION('',(1.144237745222E-17,1.,0.));
#3458 = ORIENTED_EDGE('',*,*,#3120,.T.);
#3459 = ORIENTED_EDGE('',*,*,#3460,.F.);
#3460 = EDGE_CURVE('',#3446,#3113,#3461,.T.);
#3461 = LINE('',#3462,#3463);
#3462 = CARTESIAN_POINT('',(-0.675,-1.3925,0.725));
#3463 = VECTOR('',#3464,1.);
#3464 = DIRECTION('',(-1.110223024625E-16,1.,0.));
#3465 = PLANE('',#3466);
#3466 = AXIS2_PLACEMENT_3D('',#3467,#3468,#3469);
#3467 = CARTESIAN_POINT('',(-0.7,0.75,0.725));
#3468 = DIRECTION('',(0.,0.,-1.));
#3469 = DIRECTION('',(1.,-1.144237745222E-17,0.));
#3470 = ADVANCED_FACE('',(#3471),#3519,.F.);
#3471 = FACE_BOUND('',#3472,.F.);
#3472 = EDGE_LOOP('',(#3473,#3483,#3491,#3497,#3498,#3499,#3506,#3514));
#3473 = ORIENTED_EDGE('',*,*,#3474,.T.);
#3474 = EDGE_CURVE('',#3475,#3477,#3479,.T.);
#3475 = VERTEX_POINT('',#3476);
#3476 = CARTESIAN_POINT('',(-0.675,-1.3925,0.725));
#3477 = VERTEX_POINT('',#3478);
#3478 = CARTESIAN_POINT('',(-0.675,-1.15,0.725));
#3479 = LINE('',#3480,#3481);
#3480 = CARTESIAN_POINT('',(-0.675,-1.3925,0.725));
#3481 = VECTOR('',#3482,1.);
#3482 = DIRECTION('',(-1.110223024625E-16,1.,0.));
#3483 = ORIENTED_EDGE('',*,*,#3484,.T.);
#3484 = EDGE_CURVE('',#3477,#3485,#3487,.T.);
#3485 = VERTEX_POINT('',#3486);
#3486 = CARTESIAN_POINT('',(-0.675,-0.75,0.725));
#3487 = LINE('',#3488,#3489);
#3488 = CARTESIAN_POINT('',(-0.675,-1.3925,0.725));
#3489 = VECTOR('',#3490,1.);
#3490 = DIRECTION('',(-1.110223024625E-16,1.,0.));
#3491 = ORIENTED_EDGE('',*,*,#3492,.T.);
#3492 = EDGE_CURVE('',#3485,#3446,#3493,.T.);
#3493 = LINE('',#3494,#3495);
#3494 = CARTESIAN_POINT('',(-0.675,-1.3925,0.725));
#3495 = VECTOR('',#3496,1.);
#3496 = DIRECTION('',(-1.110223024625E-16,1.,0.));
#3497 = ORIENTED_EDGE('',*,*,#3460,.T.);
#3498 = ORIENTED_EDGE('',*,*,#3112,.T.);
#3499 = ORIENTED_EDGE('',*,*,#3500,.T.);
#3500 = EDGE_CURVE('',#3105,#3501,#3503,.T.);
#3501 = VERTEX_POINT('',#3502);
#3502 = CARTESIAN_POINT('',(-0.608243103516,1.359121551758,1.2));
#3503 = B_SPLINE_CURVE_WITH_KNOTS('',1,(#3504,#3505),.UNSPECIFIED.,.F.,
  .F.,(2,2),(0.,1.),.PIECEWISE_BEZIER_KNOTS.);
#3504 = CARTESIAN_POINT('',(-0.675,1.3925,0.725));
#3505 = CARTESIAN_POINT('',(-0.608243103516,1.359121551758,1.2));
#3506 = ORIENTED_EDGE('',*,*,#3507,.F.);
#3507 = EDGE_CURVE('',#3508,#3501,#3510,.T.);
#3508 = VERTEX_POINT('',#3509);
#3509 = CARTESIAN_POINT('',(-0.608243103516,-1.359121551758,1.2));
#3510 = LINE('',#3511,#3512);
#3511 = CARTESIAN_POINT('',(-0.608243103516,-1.359121551758,1.2));
#3512 = VECTOR('',#3513,1.);
#3513 = DIRECTION('',(-1.110223024625E-16,1.,0.));
#3514 = ORIENTED_EDGE('',*,*,#3515,.F.);
#3515 = EDGE_CURVE('',#3475,#3508,#3516,.T.);
#3516 = B_SPLINE_CURVE_WITH_KNOTS('',1,(#3517,#3518),.UNSPECIFIED.,.F.,
  .F.,(2,2),(0.,1.),.PIECEWISE_BEZIER_KNOTS.);
#3517 = CARTESIAN_POINT('',(-0.675,-1.3925,0.725));
#3518 = CARTESIAN_POINT('',(-0.608243103516,-1.359121551758,1.2));
#3519 = B_SPLINE_SURFACE_WITH_KNOTS('',1,1,(
    (#3520,#3521)
    ,(#3522,#3523
    )),.UNSPECIFIED.,.F.,.F.,.F.,(2,2),(2,2),(0.,2.785),(0.,1.),
  .PIECEWISE_BEZIER_KNOTS.);
#3520 = CARTESIAN_POINT('',(-0.675,-1.3925,0.725));
#3521 = CARTESIAN_POINT('',(-0.608243103516,-1.359121551758,1.2));
#3522 = CARTESIAN_POINT('',(-0.675,1.3925,0.725));
#3523 = CARTESIAN_POINT('',(-0.608243103516,1.359121551758,1.2));
#3524 = ADVANCED_FACE('',(#3525),#3542,.F.);
#3525 = FACE_BOUND('',#3526,.F.);
#3526 = EDGE_LOOP('',(#3527,#3528,#3535,#3541));
#3527 = ORIENTED_EDGE('',*,*,#3104,.T.);
#3528 = ORIENTED_EDGE('',*,*,#3529,.T.);
#3529 = EDGE_CURVE('',#3097,#3530,#3532,.T.);
#3530 = VERTEX_POINT('',#3531);
#3531 = CARTESIAN_POINT('',(-0.559121551758,1.408243103516,1.2));
#3532 = B_SPLINE_CURVE_WITH_KNOTS('',1,(#3533,#3534),.UNSPECIFIED.,.F.,
  .F.,(2,2),(0.,1.),.PIECEWISE_BEZIER_KNOTS.);
#3533 = CARTESIAN_POINT('',(-0.5925,1.475,0.725));
#3534 = CARTESIAN_POINT('',(-0.559121551758,1.408243103516,1.2));
#3535 = ORIENTED_EDGE('',*,*,#3536,.F.);
#3536 = EDGE_CURVE('',#3501,#3530,#3537,.T.);
#3537 = LINE('',#3538,#3539);
#3538 = CARTESIAN_POINT('',(-0.608243103516,1.359121551758,1.2));
#3539 = VECTOR('',#3540,1.);
#3540 = DIRECTION('',(0.707106781187,0.707106781187,0.));
#3541 = ORIENTED_EDGE('',*,*,#3500,.F.);
#3542 = B_SPLINE_SURFACE_WITH_KNOTS('',1,1,(
    (#3543,#3544)
    ,(#3545,#3546
    )),.UNSPECIFIED.,.F.,.F.,.F.,(2,2),(2,2),(0.,0.116672618896),(0.,1.)
  ,.PIECEWISE_BEZIER_KNOTS.);
#3543 = CARTESIAN_POINT('',(-0.675,1.3925,0.725));
#3544 = CARTESIAN_POINT('',(-0.608243103516,1.359121551758,1.2));
#3545 = CARTESIAN_POINT('',(-0.5925,1.475,0.725));
#3546 = CARTESIAN_POINT('',(-0.559121551758,1.408243103516,1.2));
#3547 = ADVANCED_FACE('',(#3548),#3565,.F.);
#3548 = FACE_BOUND('',#3549,.F.);
#3549 = EDGE_LOOP('',(#3550,#3551,#3558,#3564));
#3550 = ORIENTED_EDGE('',*,*,#3096,.T.);
#3551 = ORIENTED_EDGE('',*,*,#3552,.T.);
#3552 = EDGE_CURVE('',#3089,#3553,#3555,.T.);
#3553 = VERTEX_POINT('',#3554);
#3554 = CARTESIAN_POINT('',(0.559121551758,1.408243103516,1.2));
#3555 = B_SPLINE_CURVE_WITH_KNOTS('',1,(#3556,#3557),.UNSPECIFIED.,.F.,
  .F.,(2,2),(0.,1.),.PIECEWISE_BEZIER_KNOTS.);
#3556 = CARTESIAN_POINT('',(0.5925,1.475,0.725));
#3557 = CARTESIAN_POINT('',(0.559121551758,1.408243103516,1.2));
#3558 = ORIENTED_EDGE('',*,*,#3559,.F.);
#3559 = EDGE_CURVE('',#3530,#3553,#3560,.T.);
#3560 = LINE('',#3561,#3562);
#3561 = CARTESIAN_POINT('',(-0.559121551758,1.408243103516,1.2));
#3562 = VECTOR('',#3563,1.);
#3563 = DIRECTION('',(1.,1.110223024625E-16,0.));
#3564 = ORIENTED_EDGE('',*,*,#3529,.F.);
#3565 = B_SPLINE_SURFACE_WITH_KNOTS('',1,1,(
    (#3566,#3567)
    ,(#3568,#3569
    )),.UNSPECIFIED.,.F.,.F.,.F.,(2,2),(2,2),(0.,1.185),(0.,1.),
  .PIECEWISE_BEZIER_KNOTS.);
#3566 = CARTESIAN_POINT('',(-0.5925,1.475,0.725));
#3567 = CARTESIAN_POINT('',(-0.559121551758,1.408243103516,1.2));
#3568 = CARTESIAN_POINT('',(0.5925,1.475,0.725));
#3569 = CARTESIAN_POINT('',(0.559121551758,1.408243103516,1.2));
#3570 = ADVANCED_FACE('',(#3571),#3588,.F.);
#3571 = FACE_BOUND('',#3572,.F.);
#3572 = EDGE_LOOP('',(#3573,#3574,#3581,#3587));
#3573 = ORIENTED_EDGE('',*,*,#3088,.T.);
#3574 = ORIENTED_EDGE('',*,*,#3575,.T.);
#3575 = EDGE_CURVE('',#3081,#3576,#3578,.T.);
#3576 = VERTEX_POINT('',#3577);
#3577 = CARTESIAN_POINT('',(0.608243103516,1.359121551758,1.2));
#3578 = B_SPLINE_CURVE_WITH_KNOTS('',1,(#3579,#3580),.UNSPECIFIED.,.F.,
  .F.,(2,2),(0.,1.),.PIECEWISE_BEZIER_KNOTS.);
#3579 = CARTESIAN_POINT('',(0.675,1.3925,0.725));
#3580 = CARTESIAN_POINT('',(0.608243103516,1.359121551758,1.2));
#3581 = ORIENTED_EDGE('',*,*,#3582,.F.);
#3582 = EDGE_CURVE('',#3553,#3576,#3583,.T.);
#3583 = LINE('',#3584,#3585);
#3584 = CARTESIAN_POINT('',(0.559121551758,1.408243103516,1.2));
#3585 = VECTOR('',#3586,1.);
#3586 = DIRECTION('',(0.707106781187,-0.707106781187,0.));
#3587 = ORIENTED_EDGE('',*,*,#3552,.F.);
#3588 = B_SPLINE_SURFACE_WITH_KNOTS('',1,1,(
    (#3589,#3590)
    ,(#3591,#3592
    )),.UNSPECIFIED.,.F.,.F.,.F.,(2,2),(2,2),(0.,0.116672618896),(0.,1.)
  ,.PIECEWISE_BEZIER_KNOTS.);
#3589 = CARTESIAN_POINT('',(0.5925,1.475,0.725));
#3590 = CARTESIAN_POINT('',(0.559121551758,1.408243103516,1.2));
#3591 = CARTESIAN_POINT('',(0.675,1.3925,0.725));
#3592 = CARTESIAN_POINT('',(0.608243103516,1.359121551758,1.2));
#3593 = ADVANCED_FACE('',(#3594),#3627,.F.);
#3594 = FACE_BOUND('',#3595,.F.);
#3595 = EDGE_LOOP('',(#3596,#3597,#3605,#3613,#3620,#3626));
#3596 = ORIENTED_EDGE('',*,*,#3080,.T.);
#3597 = ORIENTED_EDGE('',*,*,#3598,.T.);
#3598 = EDGE_CURVE('',#3073,#3599,#3601,.T.);
#3599 = VERTEX_POINT('',#3600);
#3600 = CARTESIAN_POINT('',(0.675,-0.2,0.725));
#3601 = LINE('',#3602,#3603);
#3602 = CARTESIAN_POINT('',(0.675,1.3925,0.725));
#3603 = VECTOR('',#3604,1.);
#3604 = DIRECTION('',(1.110223024625E-16,-1.,0.));
#3605 = ORIENTED_EDGE('',*,*,#3606,.T.);
#3606 = EDGE_CURVE('',#3599,#3607,#3609,.T.);
#3607 = VERTEX_POINT('',#3608);
#3608 = CARTESIAN_POINT('',(0.675,-1.3925,0.725));
#3609 = LINE('',#3610,#3611);
#3610 = CARTESIAN_POINT('',(0.675,1.3925,0.725));
#3611 = VECTOR('',#3612,1.);
#3612 = DIRECTION('',(1.110223024625E-16,-1.,0.));
#3613 = ORIENTED_EDGE('',*,*,#3614,.T.);
#3614 = EDGE_CURVE('',#3607,#3615,#3617,.T.);
#3615 = VERTEX_POINT('',#3616);
#3616 = CARTESIAN_POINT('',(0.608243103516,-1.359121551758,1.2));
#3617 = B_SPLINE_CURVE_WITH_KNOTS('',1,(#3618,#3619),.UNSPECIFIED.,.F.,
  .F.,(2,2),(0.,1.),.PIECEWISE_BEZIER_KNOTS.);
#3618 = CARTESIAN_POINT('',(0.675,-1.3925,0.725));
#3619 = CARTESIAN_POINT('',(0.608243103516,-1.359121551758,1.2));
#3620 = ORIENTED_EDGE('',*,*,#3621,.F.);
#3621 = EDGE_CURVE('',#3576,#3615,#3622,.T.);
#3622 = LINE('',#3623,#3624);
#3623 = CARTESIAN_POINT('',(0.608243103516,1.359121551758,1.2));
#3624 = VECTOR('',#3625,1.);
#3625 = DIRECTION('',(1.110223024625E-16,-1.,0.));
#3626 = ORIENTED_EDGE('',*,*,#3575,.F.);
#3627 = B_SPLINE_SURFACE_WITH_KNOTS('',1,1,(
    (#3628,#3629)
    ,(#3630,#3631
    )),.UNSPECIFIED.,.F.,.F.,.F.,(2,2),(2,2),(0.,2.785),(0.,1.),
  .PIECEWISE_BEZIER_KNOTS.);
#3628 = CARTESIAN_POINT('',(0.675,1.3925,0.725));
#3629 = CARTESIAN_POINT('',(0.608243103516,1.359121551758,1.2));
#3630 = CARTESIAN_POINT('',(0.675,-1.3925,0.725));
#3631 = CARTESIAN_POINT('',(0.608243103516,-1.359121551758,1.2));
#3632 = ADVANCED_FACE('',(#3633),#3649,.F.);
#3633 = FACE_BOUND('',#3634,.F.);
#3634 = EDGE_LOOP('',(#3635,#3636,#3642,#3648));
#3635 = ORIENTED_EDGE('',*,*,#3072,.F.);
#3636 = ORIENTED_EDGE('',*,*,#3637,.T.);
#3637 = EDGE_CURVE('',#3065,#3353,#3638,.T.);
#3638 = LINE('',#3639,#3640);
#3639 = CARTESIAN_POINT('',(0.7,0.2,0.725));
#3640 = VECTOR('',#3641,1.);
#3641 = DIRECTION('',(1.110223024625E-16,-1.,0.));
#3642 = ORIENTED_EDGE('',*,*,#3643,.T.);
#3643 = EDGE_CURVE('',#3353,#3599,#3644,.T.);
#3644 = LINE('',#3645,#3646);
#3645 = CARTESIAN_POINT('',(0.7,-0.2,0.725));
#3646 = VECTOR('',#3647,1.);
#3647 = DIRECTION('',(-1.,-1.110223024625E-16,0.));
#3648 = ORIENTED_EDGE('',*,*,#3598,.F.);
#3649 = PLANE('',#3650);
#3650 = AXIS2_PLACEMENT_3D('',#3651,#3652,#3653);
#3651 = CARTESIAN_POINT('',(0.7,0.2,0.725));
#3652 = DIRECTION('',(0.,0.,-1.));
#3653 = DIRECTION('',(-1.,-1.110223024625E-16,-0.));
#3654 = ADVANCED_FACE('',(#3655),#3693,.F.);
#3655 = FACE_BOUND('',#3656,.F.);
#3656 = EDGE_LOOP('',(#3657,#3658,#3659,#3660,#3661,#3662,#3663,#3669,
    #3670,#3678,#3686,#3692));
#3657 = ORIENTED_EDGE('',*,*,#3643,.F.);
#3658 = ORIENTED_EDGE('',*,*,#3368,.T.);
#3659 = ORIENTED_EDGE('',*,*,#3413,.T.);
#3660 = ORIENTED_EDGE('',*,*,#3430,.T.);
#3661 = ORIENTED_EDGE('',*,*,#3384,.T.);
#3662 = ORIENTED_EDGE('',*,*,#3174,.T.);
#3663 = ORIENTED_EDGE('',*,*,#3664,.T.);
#3664 = EDGE_CURVE('',#3167,#3477,#3665,.T.);
#3665 = LINE('',#3666,#3667);
#3666 = CARTESIAN_POINT('',(-0.7,-1.15,0.725));
#3667 = VECTOR('',#3668,1.);
#3668 = DIRECTION('',(1.,-1.144237745222E-17,0.));
#3669 = ORIENTED_EDGE('',*,*,#3474,.F.);
#3670 = ORIENTED_EDGE('',*,*,#3671,.F.);
#3671 = EDGE_CURVE('',#3672,#3475,#3674,.T.);
#3672 = VERTEX_POINT('',#3673);
#3673 = CARTESIAN_POINT('',(-0.5925,-1.475,0.725));
#3674 = LINE('',#3675,#3676);
#3675 = CARTESIAN_POINT('',(-0.5925,-1.475,0.725));
#3676 = VECTOR('',#3677,1.);
#3677 = DIRECTION('',(-0.707106781187,0.707106781187,0.));
#3678 = ORIENTED_EDGE('',*,*,#3679,.F.);
#3679 = EDGE_CURVE('',#3680,#3672,#3682,.T.);
#3680 = VERTEX_POINT('',#3681);
#3681 = CARTESIAN_POINT('',(0.5925,-1.475,0.725));
#3682 = LINE('',#3683,#3684);
#3683 = CARTESIAN_POINT('',(0.5925,-1.475,0.725));
#3684 = VECTOR('',#3685,1.);
#3685 = DIRECTION('',(-1.,-1.110223024625E-16,0.));
#3686 = ORIENTED_EDGE('',*,*,#3687,.F.);
#3687 = EDGE_CURVE('',#3607,#3680,#3688,.T.);
#3688 = LINE('',#3689,#3690);
#3689 = CARTESIAN_POINT('',(0.675,-1.3925,0.725));
#3690 = VECTOR('',#3691,1.);
#3691 = DIRECTION('',(-0.707106781187,-0.707106781187,0.));
#3692 = ORIENTED_EDGE('',*,*,#3606,.F.);
#3693 = PLANE('',#3694);
#3694 = AXIS2_PLACEMENT_3D('',#3695,#3696,#3697);
#3695 = CARTESIAN_POINT('',(-1.486299604971E-16,1.4875,0.725));
#3696 = DIRECTION('',(1.022886882533E-31,-6.310887241768E-27,-1.));
#3697 = DIRECTION('',(1.,1.217738924546E-16,1.022886882525E-31));
#3698 = ADVANCED_FACE('',(#3699),#3768,.F.);
#3699 = FACE_BOUND('',#3700,.F.);
#3700 = EDGE_LOOP('',(#3701,#3702,#3703,#3711,#3720,#3728,#3736,#3744,
    #3753,#3761));
#3701 = ORIENTED_EDGE('',*,*,#3166,.F.);
#3702 = ORIENTED_EDGE('',*,*,#3206,.T.);
#3703 = ORIENTED_EDGE('',*,*,#3704,.T.);
#3704 = EDGE_CURVE('',#3199,#3705,#3707,.T.);
#3705 = VERTEX_POINT('',#3706);
#3706 = CARTESIAN_POINT('',(-0.843471632406,-1.15,0.206587955583));
#3707 = LINE('',#3708,#3709);
#3708 = CARTESIAN_POINT('',(-0.798480775301,-1.15,0.492364817767));
#3709 = VECTOR('',#3710,1.);
#3710 = DIRECTION('',(-0.155518033909,1.779496044609E-18,-0.987833053268
    ));
#3711 = ORIENTED_EDGE('',*,*,#3712,.T.);
#3712 = EDGE_CURVE('',#3705,#3713,#3715,.T.);
#3713 = VERTEX_POINT('',#3714);
#3714 = CARTESIAN_POINT('',(-1.089673570659,-1.15,5.551115123126E-17));
#3715 = CIRCLE('',#3716,0.25);
#3716 = AXIS2_PLACEMENT_3D('',#3717,#3718,#3719);
#3717 = CARTESIAN_POINT('',(-1.089673570659,-1.15,0.25));
#3718 = DIRECTION('',(1.144237745222E-17,1.,4.885826546933E-34));
#3719 = DIRECTION('',(0.984807753012,-1.126854202784E-17,-0.173648177667
    ));
#3720 = ORIENTED_EDGE('',*,*,#3721,.T.);
#3721 = EDGE_CURVE('',#3713,#3722,#3724,.T.);
#3722 = VERTEX_POINT('',#3723);
#3723 = CARTESIAN_POINT('',(-1.25,-1.15,5.551115123126E-17));
#3724 = LINE('',#3725,#3726);
#3725 = CARTESIAN_POINT('',(-1.089673570659,-1.15,5.551115123126E-17));
#3726 = VECTOR('',#3727,1.);
#3727 = DIRECTION('',(-1.,1.144237745222E-17,0.));
#3728 = ORIENTED_EDGE('',*,*,#3729,.T.);
#3729 = EDGE_CURVE('',#3722,#3730,#3732,.T.);
#3730 = VERTEX_POINT('',#3731);
#3731 = CARTESIAN_POINT('',(-1.25,-1.15,0.15));
#3732 = LINE('',#3733,#3734);
#3733 = CARTESIAN_POINT('',(-1.25,-1.15,5.551115123126E-17));
#3734 = VECTOR('',#3735,1.);
#3735 = DIRECTION('',(0.,0.,1.));
#3736 = ORIENTED_EDGE('',*,*,#3737,.T.);
#3737 = EDGE_CURVE('',#3730,#3738,#3740,.T.);
#3738 = VERTEX_POINT('',#3739);
#3739 = CARTESIAN_POINT('',(-1.089673570659,-1.15,0.15));
#3740 = LINE('',#3741,#3742);
#3741 = CARTESIAN_POINT('',(-1.25,-1.15,0.15));
#3742 = VECTOR('',#3743,1.);
#3743 = DIRECTION('',(1.,-1.144237745222E-17,0.));
#3744 = ORIENTED_EDGE('',*,*,#3745,.T.);
#3745 = EDGE_CURVE('',#3738,#3746,#3748,.T.);
#3746 = VERTEX_POINT('',#3747);
#3747 = CARTESIAN_POINT('',(-0.991192795358,-1.15,0.232635182233));
#3748 = CIRCLE('',#3749,0.1);
#3749 = AXIS2_PLACEMENT_3D('',#3750,#3751,#3752);
#3750 = CARTESIAN_POINT('',(-1.089673570659,-1.15,0.25));
#3751 = DIRECTION('',(-1.144237745222E-17,-1.,1.280277572762E-47));
#3752 = DIRECTION('',(-2.22044604925E-15,2.540718180781E-32,-1.));
#3753 = ORIENTED_EDGE('',*,*,#3754,.T.);
#3754 = EDGE_CURVE('',#3746,#3755,#3757,.T.);
#3755 = VERTEX_POINT('',#3756);
#3756 = CARTESIAN_POINT('',(-0.946201938253,-1.15,0.518412044417));
#3757 = LINE('',#3758,#3759);
#3758 = CARTESIAN_POINT('',(-0.991192795358,-1.15,0.232635182233));
#3759 = VECTOR('',#3760,1.);
#3760 = DIRECTION('',(0.155518033909,-1.779496044609E-18,0.987833053268)
  );
#3761 = ORIENTED_EDGE('',*,*,#3762,.T.);
#3762 = EDGE_CURVE('',#3755,#3167,#3763,.T.);
#3763 = CIRCLE('',#3764,0.25);
#3764 = AXIS2_PLACEMENT_3D('',#3765,#3766,#3767);
#3765 = CARTESIAN_POINT('',(-0.7,-1.15,0.475));
#3766 = DIRECTION('',(1.144237745222E-17,1.,1.092485064951E-34));
#3767 = DIRECTION('',(-0.984807753012,1.126854202784E-17,0.173648177667)
  );
#3768 = PLANE('',#3769);
#3769 = AXIS2_PLACEMENT_3D('',#3770,#3771,#3772);
#3770 = CARTESIAN_POINT('',(-0.931323080229,-1.15,0.33452717391));
#3771 = DIRECTION('',(1.144237745222E-17,1.,0.));
#3772 = DIRECTION('',(0.,-0.,1.));
#3773 = ADVANCED_FACE('',(#3774),#3792,.F.);
#3774 = FACE_BOUND('',#3775,.F.);
#3775 = EDGE_LOOP('',(#3776,#3777,#3785,#3791));
#3776 = ORIENTED_EDGE('',*,*,#3198,.T.);
#3777 = ORIENTED_EDGE('',*,*,#3778,.T.);
#3778 = EDGE_CURVE('',#3190,#3779,#3781,.T.);
#3779 = VERTEX_POINT('',#3780);
#3780 = CARTESIAN_POINT('',(-0.843471632406,-0.75,0.206587955583));
#3781 = LINE('',#3782,#3783);
#3782 = CARTESIAN_POINT('',(-0.798480775301,-0.75,0.492364817767));
#3783 = VECTOR('',#3784,1.);
#3784 = DIRECTION('',(-0.155518033909,1.779496044609E-18,-0.987833053268
    ));
#3785 = ORIENTED_EDGE('',*,*,#3786,.F.);
#3786 = EDGE_CURVE('',#3705,#3779,#3787,.T.);
#3787 = LINE('',#3788,#3789);
#3788 = CARTESIAN_POINT('',(-0.843471632406,-1.15,0.206587955583));
#3789 = VECTOR('',#3790,1.);
#3790 = DIRECTION('',(1.144237745222E-17,1.,0.));
#3791 = ORIENTED_EDGE('',*,*,#3704,.F.);
#3792 = PLANE('',#3793);
#3793 = AXIS2_PLACEMENT_3D('',#3794,#3795,#3796);
#3794 = CARTESIAN_POINT('',(-0.798480775301,-1.15,0.492364817767));
#3795 = DIRECTION('',(-0.987833053268,1.130315865527E-17,0.155518033909)
  );
#3796 = DIRECTION('',(-0.155518033909,1.779496044609E-18,-0.987833053268
    ));
#3797 = ADVANCED_FACE('',(#3798),#3860,.T.);
#3798 = FACE_BOUND('',#3799,.T.);
#3799 = EDGE_LOOP('',(#3800,#3801,#3802,#3803,#3812,#3820,#3828,#3836,
    #3845,#3853));
#3800 = ORIENTED_EDGE('',*,*,#3221,.F.);
#3801 = ORIENTED_EDGE('',*,*,#3189,.T.);
#3802 = ORIENTED_EDGE('',*,*,#3778,.T.);
#3803 = ORIENTED_EDGE('',*,*,#3804,.T.);
#3804 = EDGE_CURVE('',#3779,#3805,#3807,.T.);
#3805 = VERTEX_POINT('',#3806);
#3806 = CARTESIAN_POINT('',(-1.089673570659,-0.75,5.551115123126E-17));
#3807 = CIRCLE('',#3808,0.25);
#3808 = AXIS2_PLACEMENT_3D('',#3809,#3810,#3811);
#3809 = CARTESIAN_POINT('',(-1.089673570659,-0.75,0.25));
#3810 = DIRECTION('',(1.144237745222E-17,1.,4.885826546933E-34));
#3811 = DIRECTION('',(0.984807753012,-1.126854202784E-17,-0.173648177667
    ));
#3812 = ORIENTED_EDGE('',*,*,#3813,.T.);
#3813 = EDGE_CURVE('',#3805,#3814,#3816,.T.);
#3814 = VERTEX_POINT('',#3815);
#3815 = CARTESIAN_POINT('',(-1.25,-0.75,5.551115123126E-17));
#3816 = LINE('',#3817,#3818);
#3817 = CARTESIAN_POINT('',(-1.089673570659,-0.75,5.551115123126E-17));
#3818 = VECTOR('',#3819,1.);
#3819 = DIRECTION('',(-1.,1.144237745222E-17,0.));
#3820 = ORIENTED_EDGE('',*,*,#3821,.T.);
#3821 = EDGE_CURVE('',#3814,#3822,#3824,.T.);
#3822 = VERTEX_POINT('',#3823);
#3823 = CARTESIAN_POINT('',(-1.25,-0.75,0.15));
#3824 = LINE('',#3825,#3826);
#3825 = CARTESIAN_POINT('',(-1.25,-0.75,5.551115123126E-17));
#3826 = VECTOR('',#3827,1.);
#3827 = DIRECTION('',(0.,0.,1.));
#3828 = ORIENTED_EDGE('',*,*,#3829,.T.);
#3829 = EDGE_CURVE('',#3822,#3830,#3832,.T.);
#3830 = VERTEX_POINT('',#3831);
#3831 = CARTESIAN_POINT('',(-1.089673570659,-0.75,0.15));
#3832 = LINE('',#3833,#3834);
#3833 = CARTESIAN_POINT('',(-1.25,-0.75,0.15));
#3834 = VECTOR('',#3835,1.);
#3835 = DIRECTION('',(1.,-1.144237745222E-17,0.));
#3836 = ORIENTED_EDGE('',*,*,#3837,.T.);
#3837 = EDGE_CURVE('',#3830,#3838,#3840,.T.);
#3838 = VERTEX_POINT('',#3839);
#3839 = CARTESIAN_POINT('',(-0.991192795358,-0.75,0.232635182233));
#3840 = CIRCLE('',#3841,0.1);
#3841 = AXIS2_PLACEMENT_3D('',#3842,#3843,#3844);
#3842 = CARTESIAN_POINT('',(-1.089673570659,-0.75,0.25));
#3843 = DIRECTION('',(-1.144237745222E-17,-1.,1.280277572762E-47));
#3844 = DIRECTION('',(-2.22044604925E-15,2.540718180781E-32,-1.));
#3845 = ORIENTED_EDGE('',*,*,#3846,.T.);
#3846 = EDGE_CURVE('',#3838,#3847,#3849,.T.);
#3847 = VERTEX_POINT('',#3848);
#3848 = CARTESIAN_POINT('',(-0.946201938253,-0.75,0.518412044417));
#3849 = LINE('',#3850,#3851);
#3850 = CARTESIAN_POINT('',(-0.991192795358,-0.75,0.232635182233));
#3851 = VECTOR('',#3852,1.);
#3852 = DIRECTION('',(0.155518033909,-1.779496044609E-18,0.987833053268)
  );
#3853 = ORIENTED_EDGE('',*,*,#3854,.T.);
#3854 = EDGE_CURVE('',#3847,#3222,#3855,.T.);
#3855 = CIRCLE('',#3856,0.25);
#3856 = AXIS2_PLACEMENT_3D('',#3857,#3858,#3859);
#3857 = CARTESIAN_POINT('',(-0.7,-0.75,0.475));
#3858 = DIRECTION('',(1.144237745222E-17,1.,1.092485064951E-34));
#3859 = DIRECTION('',(-0.984807753012,1.126854202784E-17,0.173648177667)
  );
#3860 = PLANE('',#3861);
#3861 = AXIS2_PLACEMENT_3D('',#3862,#3863,#3864);
#3862 = CARTESIAN_POINT('',(-0.931323080229,-0.75,0.33452717391));
#3863 = DIRECTION('',(1.144237745222E-17,1.,0.));
#3864 = DIRECTION('',(0.,-0.,1.));
#3865 = ADVANCED_FACE('',(#3866),#3877,.F.);
#3866 = FACE_BOUND('',#3867,.F.);
#3867 = EDGE_LOOP('',(#3868,#3869,#3870,#3871));
#3868 = ORIENTED_EDGE('',*,*,#3238,.T.);
#3869 = ORIENTED_EDGE('',*,*,#3445,.T.);
#3870 = ORIENTED_EDGE('',*,*,#3492,.F.);
#3871 = ORIENTED_EDGE('',*,*,#3872,.F.);
#3872 = EDGE_CURVE('',#3222,#3485,#3873,.T.);
#3873 = LINE('',#3874,#3875);
#3874 = CARTESIAN_POINT('',(-0.7,-0.75,0.725));
#3875 = VECTOR('',#3876,1.);
#3876 = DIRECTION('',(1.,-1.144237745222E-17,0.));
#3877 = PLANE('',#3878);
#3878 = AXIS2_PLACEMENT_3D('',#3879,#3880,#3881);
#3879 = CARTESIAN_POINT('',(-1.486299604971E-16,1.4875,0.725));
#3880 = DIRECTION('',(1.022886882533E-31,-6.310887241768E-27,-1.));
#3881 = DIRECTION('',(1.,1.217738924546E-16,1.022886882525E-31));
#3882 = ADVANCED_FACE('',(#3883),#3952,.F.);
#3883 = FACE_BOUND('',#3884,.F.);
#3884 = EDGE_LOOP('',(#3885,#3886,#3887,#3895,#3904,#3912,#3920,#3928,
    #3937,#3945));
#3885 = ORIENTED_EDGE('',*,*,#3230,.F.);
#3886 = ORIENTED_EDGE('',*,*,#3270,.T.);
#3887 = ORIENTED_EDGE('',*,*,#3888,.T.);
#3888 = EDGE_CURVE('',#3263,#3889,#3891,.T.);
#3889 = VERTEX_POINT('',#3890);
#3890 = CARTESIAN_POINT('',(-0.843471632406,0.75,0.206587955583));
#3891 = LINE('',#3892,#3893);
#3892 = CARTESIAN_POINT('',(-0.798480775301,0.75,0.492364817767));
#3893 = VECTOR('',#3894,1.);
#3894 = DIRECTION('',(-0.155518033909,1.779496044609E-18,-0.987833053268
    ));
#3895 = ORIENTED_EDGE('',*,*,#3896,.T.);
#3896 = EDGE_CURVE('',#3889,#3897,#3899,.T.);
#3897 = VERTEX_POINT('',#3898);
#3898 = CARTESIAN_POINT('',(-1.089673570659,0.75,5.551115123126E-17));
#3899 = CIRCLE('',#3900,0.25);
#3900 = AXIS2_PLACEMENT_3D('',#3901,#3902,#3903);
#3901 = CARTESIAN_POINT('',(-1.089673570659,0.75,0.25));
#3902 = DIRECTION('',(1.144237745222E-17,1.,4.885826546933E-34));
#3903 = DIRECTION('',(0.984807753012,-1.126854202784E-17,-0.173648177667
    ));
#3904 = ORIENTED_EDGE('',*,*,#3905,.T.);
#3905 = EDGE_CURVE('',#3897,#3906,#3908,.T.);
#3906 = VERTEX_POINT('',#3907);
#3907 = CARTESIAN_POINT('',(-1.25,0.75,5.551115123126E-17));
#3908 = LINE('',#3909,#3910);
#3909 = CARTESIAN_POINT('',(-1.089673570659,0.75,5.551115123126E-17));
#3910 = VECTOR('',#3911,1.);
#3911 = DIRECTION('',(-1.,1.144237745222E-17,0.));
#3912 = ORIENTED_EDGE('',*,*,#3913,.T.);
#3913 = EDGE_CURVE('',#3906,#3914,#3916,.T.);
#3914 = VERTEX_POINT('',#3915);
#3915 = CARTESIAN_POINT('',(-1.25,0.75,0.15));
#3916 = LINE('',#3917,#3918);
#3917 = CARTESIAN_POINT('',(-1.25,0.75,5.551115123126E-17));
#3918 = VECTOR('',#3919,1.);
#3919 = DIRECTION('',(0.,0.,1.));
#3920 = ORIENTED_EDGE('',*,*,#3921,.T.);
#3921 = EDGE_CURVE('',#3914,#3922,#3924,.T.);
#3922 = VERTEX_POINT('',#3923);
#3923 = CARTESIAN_POINT('',(-1.089673570659,0.75,0.15));
#3924 = LINE('',#3925,#3926);
#3925 = CARTESIAN_POINT('',(-1.25,0.75,0.15));
#3926 = VECTOR('',#3927,1.);
#3927 = DIRECTION('',(1.,-1.144237745222E-17,0.));
#3928 = ORIENTED_EDGE('',*,*,#3929,.T.);
#3929 = EDGE_CURVE('',#3922,#3930,#3932,.T.);
#3930 = VERTEX_POINT('',#3931);
#3931 = CARTESIAN_POINT('',(-0.991192795358,0.75,0.232635182233));
#3932 = CIRCLE('',#3933,0.1);
#3933 = AXIS2_PLACEMENT_3D('',#3934,#3935,#3936);
#3934 = CARTESIAN_POINT('',(-1.089673570659,0.75,0.25));
#3935 = DIRECTION('',(-1.144237745222E-17,-1.,1.280277572762E-47));
#3936 = DIRECTION('',(-2.22044604925E-15,2.540718180781E-32,-1.));
#3937 = ORIENTED_EDGE('',*,*,#3938,.T.);
#3938 = EDGE_CURVE('',#3930,#3939,#3941,.T.);
#3939 = VERTEX_POINT('',#3940);
#3940 = CARTESIAN_POINT('',(-0.946201938253,0.75,0.518412044417));
#3941 = LINE('',#3942,#3943);
#3942 = CARTESIAN_POINT('',(-0.991192795358,0.75,0.232635182233));
#3943 = VECTOR('',#3944,1.);
#3944 = DIRECTION('',(0.155518033909,-1.779496044609E-18,0.987833053268)
  );
#3945 = ORIENTED_EDGE('',*,*,#3946,.T.);
#3946 = EDGE_CURVE('',#3939,#3231,#3947,.T.);
#3947 = CIRCLE('',#3948,0.25);
#3948 = AXIS2_PLACEMENT_3D('',#3949,#3950,#3951);
#3949 = CARTESIAN_POINT('',(-0.7,0.75,0.475));
#3950 = DIRECTION('',(1.144237745222E-17,1.,1.092485064951E-34));
#3951 = DIRECTION('',(-0.984807753012,1.126854202784E-17,0.173648177667)
  );
#3952 = PLANE('',#3953);
#3953 = AXIS2_PLACEMENT_3D('',#3954,#3955,#3956);
#3954 = CARTESIAN_POINT('',(-0.931323080229,0.75,0.33452717391));
#3955 = DIRECTION('',(1.144237745222E-17,1.,0.));
#3956 = DIRECTION('',(0.,-0.,1.));
#3957 = ADVANCED_FACE('',(#3958),#3976,.F.);
#3958 = FACE_BOUND('',#3959,.F.);
#3959 = EDGE_LOOP('',(#3960,#3961,#3969,#3975));
#3960 = ORIENTED_EDGE('',*,*,#3262,.T.);
#3961 = ORIENTED_EDGE('',*,*,#3962,.T.);
#3962 = EDGE_CURVE('',#3254,#3963,#3965,.T.);
#3963 = VERTEX_POINT('',#3964);
#3964 = CARTESIAN_POINT('',(-0.843471632406,1.15,0.206587955583));
#3965 = LINE('',#3966,#3967);
#3966 = CARTESIAN_POINT('',(-0.798480775301,1.15,0.492364817767));
#3967 = VECTOR('',#3968,1.);
#3968 = DIRECTION('',(-0.155518033909,1.779496044609E-18,-0.987833053268
    ));
#3969 = ORIENTED_EDGE('',*,*,#3970,.F.);
#3970 = EDGE_CURVE('',#3889,#3963,#3971,.T.);
#3971 = LINE('',#3972,#3973);
#3972 = CARTESIAN_POINT('',(-0.843471632406,0.75,0.206587955583));
#3973 = VECTOR('',#3974,1.);
#3974 = DIRECTION('',(1.144237745222E-17,1.,0.));
#3975 = ORIENTED_EDGE('',*,*,#3888,.F.);
#3976 = PLANE('',#3977);
#3977 = AXIS2_PLACEMENT_3D('',#3978,#3979,#3980);
#3978 = CARTESIAN_POINT('',(-0.798480775301,0.75,0.492364817767));
#3979 = DIRECTION('',(-0.987833053268,1.130315865527E-17,0.155518033909)
  );
#3980 = DIRECTION('',(-0.155518033909,1.779496044609E-18,-0.987833053268
    ));
#3981 = ADVANCED_FACE('',(#3982),#4044,.T.);
#3982 = FACE_BOUND('',#3983,.T.);
#3983 = EDGE_LOOP('',(#3984,#3985,#3986,#3987,#3996,#4004,#4012,#4020,
    #4029,#4037));
#3984 = ORIENTED_EDGE('',*,*,#3285,.F.);
#3985 = ORIENTED_EDGE('',*,*,#3253,.T.);
#3986 = ORIENTED_EDGE('',*,*,#3962,.T.);
#3987 = ORIENTED_EDGE('',*,*,#3988,.T.);
#3988 = EDGE_CURVE('',#3963,#3989,#3991,.T.);
#3989 = VERTEX_POINT('',#3990);
#3990 = CARTESIAN_POINT('',(-1.089673570659,1.15,5.551115123126E-17));
#3991 = CIRCLE('',#3992,0.25);
#3992 = AXIS2_PLACEMENT_3D('',#3993,#3994,#3995);
#3993 = CARTESIAN_POINT('',(-1.089673570659,1.15,0.25));
#3994 = DIRECTION('',(1.144237745222E-17,1.,4.885826546933E-34));
#3995 = DIRECTION('',(0.984807753012,-1.126854202784E-17,-0.173648177667
    ));
#3996 = ORIENTED_EDGE('',*,*,#3997,.T.);
#3997 = EDGE_CURVE('',#3989,#3998,#4000,.T.);
#3998 = VERTEX_POINT('',#3999);
#3999 = CARTESIAN_POINT('',(-1.25,1.15,5.551115123126E-17));
#4000 = LINE('',#4001,#4002);
#4001 = CARTESIAN_POINT('',(-1.089673570659,1.15,5.551115123126E-17));
#4002 = VECTOR('',#4003,1.);
#4003 = DIRECTION('',(-1.,1.144237745222E-17,0.));
#4004 = ORIENTED_EDGE('',*,*,#4005,.T.);
#4005 = EDGE_CURVE('',#3998,#4006,#4008,.T.);
#4006 = VERTEX_POINT('',#4007);
#4007 = CARTESIAN_POINT('',(-1.25,1.15,0.15));
#4008 = LINE('',#4009,#4010);
#4009 = CARTESIAN_POINT('',(-1.25,1.15,5.551115123126E-17));
#4010 = VECTOR('',#4011,1.);
#4011 = DIRECTION('',(0.,0.,1.));
#4012 = ORIENTED_EDGE('',*,*,#4013,.T.);
#4013 = EDGE_CURVE('',#4006,#4014,#4016,.T.);
#4014 = VERTEX_POINT('',#4015);
#4015 = CARTESIAN_POINT('',(-1.089673570659,1.15,0.15));
#4016 = LINE('',#4017,#4018);
#4017 = CARTESIAN_POINT('',(-1.25,1.15,0.15));
#4018 = VECTOR('',#4019,1.);
#4019 = DIRECTION('',(1.,-1.144237745222E-17,0.));
#4020 = ORIENTED_EDGE('',*,*,#4021,.T.);
#4021 = EDGE_CURVE('',#4014,#4022,#4024,.T.);
#4022 = VERTEX_POINT('',#4023);
#4023 = CARTESIAN_POINT('',(-0.991192795358,1.15,0.232635182233));
#4024 = CIRCLE('',#4025,0.1);
#4025 = AXIS2_PLACEMENT_3D('',#4026,#4027,#4028);
#4026 = CARTESIAN_POINT('',(-1.089673570659,1.15,0.25));
#4027 = DIRECTION('',(-1.144237745222E-17,-1.,1.280277572762E-47));
#4028 = DIRECTION('',(-2.22044604925E-15,2.540718180781E-32,-1.));
#4029 = ORIENTED_EDGE('',*,*,#4030,.T.);
#4030 = EDGE_CURVE('',#4022,#4031,#4033,.T.);
#4031 = VERTEX_POINT('',#4032);
#4032 = CARTESIAN_POINT('',(-0.946201938253,1.15,0.518412044417));
#4033 = LINE('',#4034,#4035);
#4034 = CARTESIAN_POINT('',(-0.991192795358,1.15,0.232635182233));
#4035 = VECTOR('',#4036,1.);
#4036 = DIRECTION('',(0.155518033909,-1.779496044609E-18,0.987833053268)
  );
#4037 = ORIENTED_EDGE('',*,*,#4038,.T.);
#4038 = EDGE_CURVE('',#4031,#3121,#4039,.T.);
#4039 = CIRCLE('',#4040,0.25);
#4040 = AXIS2_PLACEMENT_3D('',#4041,#4042,#4043);
#4041 = CARTESIAN_POINT('',(-0.7,1.15,0.475));
#4042 = DIRECTION('',(1.144237745222E-17,1.,1.092485064951E-34));
#4043 = DIRECTION('',(-0.984807753012,1.126854202784E-17,0.173648177667)
  );
#4044 = PLANE('',#4045);
#4045 = AXIS2_PLACEMENT_3D('',#4046,#4047,#4048);
#4046 = CARTESIAN_POINT('',(-0.931323080229,1.15,0.33452717391));
#4047 = DIRECTION('',(1.144237745222E-17,1.,0.));
#4048 = DIRECTION('',(0.,-0.,1.));
#4049 = ADVANCED_FACE('',(#4050),#4119,.F.);
#4050 = FACE_BOUND('',#4051,.F.);
#4051 = EDGE_LOOP('',(#4052,#4053,#4054,#4062,#4071,#4079,#4087,#4095,
    #4104,#4112));
#4052 = ORIENTED_EDGE('',*,*,#3304,.F.);
#4053 = ORIENTED_EDGE('',*,*,#3337,.T.);
#4054 = ORIENTED_EDGE('',*,*,#4055,.T.);
#4055 = EDGE_CURVE('',#3330,#4056,#4058,.T.);
#4056 = VERTEX_POINT('',#4057);
#4057 = CARTESIAN_POINT('',(0.843471632406,0.2,0.206587955583));
#4058 = LINE('',#4059,#4060);
#4059 = CARTESIAN_POINT('',(0.798480775301,0.2,0.492364817767));
#4060 = VECTOR('',#4061,1.);
#4061 = DIRECTION('',(0.155518033909,1.726597019897E-17,-0.987833053268)
  );
#4062 = ORIENTED_EDGE('',*,*,#4063,.T.);
#4063 = EDGE_CURVE('',#4056,#4064,#4066,.T.);
#4064 = VERTEX_POINT('',#4065);
#4065 = CARTESIAN_POINT('',(1.089673570659,0.2,5.551115123126E-17));
#4066 = CIRCLE('',#4067,0.25);
#4067 = AXIS2_PLACEMENT_3D('',#4068,#4069,#4070);
#4068 = CARTESIAN_POINT('',(1.089673570659,0.2,0.25));
#4069 = DIRECTION('',(1.110223024625E-16,-1.,-6.255634725081E-34));
#4070 = DIRECTION('',(-0.984807753012,-1.093356242223E-16,
    -0.173648177667));
#4071 = ORIENTED_EDGE('',*,*,#4072,.T.);
#4072 = EDGE_CURVE('',#4064,#4073,#4075,.T.);
#4073 = VERTEX_POINT('',#4074);
#4074 = CARTESIAN_POINT('',(1.25,0.2,5.551115123126E-17));
#4075 = LINE('',#4076,#4077);
#4076 = CARTESIAN_POINT('',(1.089673570659,0.2,5.551115123126E-17));
#4077 = VECTOR('',#4078,1.);
#4078 = DIRECTION('',(1.,1.110223024625E-16,0.));
#4079 = ORIENTED_EDGE('',*,*,#4080,.T.);
#4080 = EDGE_CURVE('',#4073,#4081,#4083,.T.);
#4081 = VERTEX_POINT('',#4082);
#4082 = CARTESIAN_POINT('',(1.25,0.2,0.15));
#4083 = LINE('',#4084,#4085);
#4084 = CARTESIAN_POINT('',(1.25,0.2,5.551115123126E-17));
#4085 = VECTOR('',#4086,1.);
#4086 = DIRECTION('',(0.,0.,1.));
#4087 = ORIENTED_EDGE('',*,*,#4088,.T.);
#4088 = EDGE_CURVE('',#4081,#4089,#4091,.T.);
#4089 = VERTEX_POINT('',#4090);
#4090 = CARTESIAN_POINT('',(1.089673570659,0.2,0.15));
#4091 = LINE('',#4092,#4093);
#4092 = CARTESIAN_POINT('',(1.25,0.2,0.15));
#4093 = VECTOR('',#4094,1.);
#4094 = DIRECTION('',(-1.,-1.110223024625E-16,0.));
#4095 = ORIENTED_EDGE('',*,*,#4096,.T.);
#4096 = EDGE_CURVE('',#4089,#4097,#4099,.T.);
#4097 = VERTEX_POINT('',#4098);
#4098 = CARTESIAN_POINT('',(0.991192795358,0.2,0.232635182233));
#4099 = CIRCLE('',#4100,0.1);
#4100 = AXIS2_PLACEMENT_3D('',#4101,#4102,#4103);
#4101 = CARTESIAN_POINT('',(1.089673570659,0.2,0.25));
#4102 = DIRECTION('',(-1.110223024625E-16,1.,-1.094764425744E-47));
#4103 = DIRECTION('',(2.22044604925E-15,2.465190328815E-31,-1.));
#4104 = ORIENTED_EDGE('',*,*,#4105,.T.);
#4105 = EDGE_CURVE('',#4097,#4106,#4108,.T.);
#4106 = VERTEX_POINT('',#4107);
#4107 = CARTESIAN_POINT('',(0.946201938253,0.2,0.518412044417));
#4108 = LINE('',#4109,#4110);
#4109 = CARTESIAN_POINT('',(0.991192795358,0.2,0.232635182233));
#4110 = VECTOR('',#4111,1.);
#4111 = DIRECTION('',(-0.155518033909,-1.726597019897E-17,0.987833053268
    ));
#4112 = ORIENTED_EDGE('',*,*,#4113,.T.);
#4113 = EDGE_CURVE('',#4106,#3065,#4114,.T.);
#4114 = CIRCLE('',#4115,0.25);
#4115 = AXIS2_PLACEMENT_3D('',#4116,#4117,#4118);
#4116 = CARTESIAN_POINT('',(0.7,0.2,0.475));
#4117 = DIRECTION('',(1.110223024625E-16,-1.,-6.255634725081E-34));
#4118 = DIRECTION('',(0.984807753012,1.093356242223E-16,0.173648177667)
  );
#4119 = PLANE('',#4120);
#4120 = AXIS2_PLACEMENT_3D('',#4121,#4122,#4123);
#4121 = CARTESIAN_POINT('',(0.931323080229,0.2,0.33452717391));
#4122 = DIRECTION('',(1.110223024625E-16,-1.,0.));
#4123 = DIRECTION('',(0.,0.,1.));
#4124 = ADVANCED_FACE('',(#4125),#4143,.F.);
#4125 = FACE_BOUND('',#4126,.F.);
#4126 = EDGE_LOOP('',(#4127,#4128,#4136,#4142));
#4127 = ORIENTED_EDGE('',*,*,#3329,.T.);
#4128 = ORIENTED_EDGE('',*,*,#4129,.T.);
#4129 = EDGE_CURVE('',#3321,#4130,#4132,.T.);
#4130 = VERTEX_POINT('',#4131);
#4131 = CARTESIAN_POINT('',(0.843471632406,-0.2,0.206587955583));
#4132 = LINE('',#4133,#4134);
#4133 = CARTESIAN_POINT('',(0.798480775301,-0.2,0.492364817767));
#4134 = VECTOR('',#4135,1.);
#4135 = DIRECTION('',(0.155518033909,1.726597019897E-17,-0.987833053268)
  );
#4136 = ORIENTED_EDGE('',*,*,#4137,.F.);
#4137 = EDGE_CURVE('',#4056,#4130,#4138,.T.);
#4138 = LINE('',#4139,#4140);
#4139 = CARTESIAN_POINT('',(0.843471632406,0.2,0.206587955583));
#4140 = VECTOR('',#4141,1.);
#4141 = DIRECTION('',(1.110223024625E-16,-1.,0.));
#4142 = ORIENTED_EDGE('',*,*,#4055,.F.);
#4143 = PLANE('',#4144);
#4144 = AXIS2_PLACEMENT_3D('',#4145,#4146,#4147);
#4145 = CARTESIAN_POINT('',(0.798480775301,0.2,0.492364817767));
#4146 = DIRECTION('',(0.987833053268,1.096715000224E-16,0.155518033909)
  );
#4147 = DIRECTION('',(0.155518033909,1.726597019897E-17,-0.987833053268)
  );
#4148 = ADVANCED_FACE('',(#4149),#4211,.T.);
#4149 = FACE_BOUND('',#4150,.T.);
#4150 = EDGE_LOOP('',(#4151,#4152,#4153,#4154,#4163,#4171,#4179,#4187,
    #4196,#4204));
#4151 = ORIENTED_EDGE('',*,*,#3352,.F.);
#4152 = ORIENTED_EDGE('',*,*,#3320,.T.);
#4153 = ORIENTED_EDGE('',*,*,#4129,.T.);
#4154 = ORIENTED_EDGE('',*,*,#4155,.T.);
#4155 = EDGE_CURVE('',#4130,#4156,#4158,.T.);
#4156 = VERTEX_POINT('',#4157);
#4157 = CARTESIAN_POINT('',(1.089673570659,-0.2,5.551115123126E-17));
#4158 = CIRCLE('',#4159,0.25);
#4159 = AXIS2_PLACEMENT_3D('',#4160,#4161,#4162);
#4160 = CARTESIAN_POINT('',(1.089673570659,-0.2,0.25));
#4161 = DIRECTION('',(1.110223024625E-16,-1.,-6.255634725081E-34));
#4162 = DIRECTION('',(-0.984807753012,-1.093356242223E-16,
    -0.173648177667));
#4163 = ORIENTED_EDGE('',*,*,#4164,.T.);
#4164 = EDGE_CURVE('',#4156,#4165,#4167,.T.);
#4165 = VERTEX_POINT('',#4166);
#4166 = CARTESIAN_POINT('',(1.25,-0.2,5.551115123126E-17));
#4167 = LINE('',#4168,#4169);
#4168 = CARTESIAN_POINT('',(1.089673570659,-0.2,5.551115123126E-17));
#4169 = VECTOR('',#4170,1.);
#4170 = DIRECTION('',(1.,1.110223024625E-16,0.));
#4171 = ORIENTED_EDGE('',*,*,#4172,.T.);
#4172 = EDGE_CURVE('',#4165,#4173,#4175,.T.);
#4173 = VERTEX_POINT('',#4174);
#4174 = CARTESIAN_POINT('',(1.25,-0.2,0.15));
#4175 = LINE('',#4176,#4177);
#4176 = CARTESIAN_POINT('',(1.25,-0.2,5.551115123126E-17));
#4177 = VECTOR('',#4178,1.);
#4178 = DIRECTION('',(0.,0.,1.));
#4179 = ORIENTED_EDGE('',*,*,#4180,.T.);
#4180 = EDGE_CURVE('',#4173,#4181,#4183,.T.);
#4181 = VERTEX_POINT('',#4182);
#4182 = CARTESIAN_POINT('',(1.089673570659,-0.2,0.15));
#4183 = LINE('',#4184,#4185);
#4184 = CARTESIAN_POINT('',(1.25,-0.2,0.15));
#4185 = VECTOR('',#4186,1.);
#4186 = DIRECTION('',(-1.,-1.110223024625E-16,0.));
#4187 = ORIENTED_EDGE('',*,*,#4188,.T.);
#4188 = EDGE_CURVE('',#4181,#4189,#4191,.T.);
#4189 = VERTEX_POINT('',#4190);
#4190 = CARTESIAN_POINT('',(0.991192795358,-0.2,0.232635182233));
#4191 = CIRCLE('',#4192,0.1);
#4192 = AXIS2_PLACEMENT_3D('',#4193,#4194,#4195);
#4193 = CARTESIAN_POINT('',(1.089673570659,-0.2,0.25));
#4194 = DIRECTION('',(-1.110223024625E-16,1.,-1.094764425744E-47));
#4195 = DIRECTION('',(2.22044604925E-15,2.465190328815E-31,-1.));
#4196 = ORIENTED_EDGE('',*,*,#4197,.T.);
#4197 = EDGE_CURVE('',#4189,#4198,#4200,.T.);
#4198 = VERTEX_POINT('',#4199);
#4199 = CARTESIAN_POINT('',(0.946201938253,-0.2,0.518412044417));
#4200 = LINE('',#4201,#4202);
#4201 = CARTESIAN_POINT('',(0.991192795358,-0.2,0.232635182233));
#4202 = VECTOR('',#4203,1.);
#4203 = DIRECTION('',(-0.155518033909,-1.726597019897E-17,0.987833053268
    ));
#4204 = ORIENTED_EDGE('',*,*,#4205,.T.);
#4205 = EDGE_CURVE('',#4198,#3353,#4206,.T.);
#4206 = CIRCLE('',#4207,0.25);
#4207 = AXIS2_PLACEMENT_3D('',#4208,#4209,#4210);
#4208 = CARTESIAN_POINT('',(0.7,-0.2,0.475));
#4209 = DIRECTION('',(1.110223024625E-16,-1.,-6.255634725081E-34));
#4210 = DIRECTION('',(0.984807753012,1.093356242223E-16,0.173648177667)
  );
#4211 = PLANE('',#4212);
#4212 = AXIS2_PLACEMENT_3D('',#4213,#4214,#4215);
#4213 = CARTESIAN_POINT('',(0.931323080229,-0.2,0.33452717391));
#4214 = DIRECTION('',(1.110223024625E-16,-1.,0.));
#4215 = DIRECTION('',(0.,0.,1.));
#4216 = ADVANCED_FACE('',(#4217),#4228,.T.);
#4217 = FACE_BOUND('',#4218,.T.);
#4218 = EDGE_LOOP('',(#4219,#4220,#4221,#4222));
#4219 = ORIENTED_EDGE('',*,*,#3946,.T.);
#4220 = ORIENTED_EDGE('',*,*,#3453,.T.);
#4221 = ORIENTED_EDGE('',*,*,#4038,.F.);
#4222 = ORIENTED_EDGE('',*,*,#4223,.F.);
#4223 = EDGE_CURVE('',#3939,#4031,#4224,.T.);
#4224 = LINE('',#4225,#4226);
#4225 = CARTESIAN_POINT('',(-0.946201938253,0.75,0.518412044417));
#4226 = VECTOR('',#4227,1.);
#4227 = DIRECTION('',(1.144237745222E-17,1.,0.));
#4228 = CYLINDRICAL_SURFACE('',#4229,0.25);
#4229 = AXIS2_PLACEMENT_3D('',#4230,#4231,#4232);
#4230 = CARTESIAN_POINT('',(-0.7,0.75,0.475));
#4231 = DIRECTION('',(-1.144237745222E-17,-1.,0.));
#4232 = DIRECTION('',(-0.984807753012,1.126854202784E-17,0.173648177667)
  );
#4233 = ADVANCED_FACE('',(#4234),#4245,.F.);
#4234 = FACE_BOUND('',#4235,.F.);
#4235 = EDGE_LOOP('',(#4236,#4237,#4243,#4244));
#4236 = ORIENTED_EDGE('',*,*,#3664,.F.);
#4237 = ORIENTED_EDGE('',*,*,#4238,.T.);
#4238 = EDGE_CURVE('',#3167,#3222,#4239,.T.);
#4239 = LINE('',#4240,#4241);
#4240 = CARTESIAN_POINT('',(-0.7,-1.15,0.725));
#4241 = VECTOR('',#4242,1.);
#4242 = DIRECTION('',(1.144237745222E-17,1.,0.));
#4243 = ORIENTED_EDGE('',*,*,#3872,.T.);
#4244 = ORIENTED_EDGE('',*,*,#3484,.F.);
#4245 = PLANE('',#4246);
#4246 = AXIS2_PLACEMENT_3D('',#4247,#4248,#4249);
#4247 = CARTESIAN_POINT('',(-0.7,-1.15,0.725));
#4248 = DIRECTION('',(0.,0.,-1.));
#4249 = DIRECTION('',(1.,-1.144237745222E-17,0.));
#4250 = ADVANCED_FACE('',(#4251,#4280),#4291,.T.);
#4251 = FACE_BOUND('',#4252,.T.);
#4252 = EDGE_LOOP('',(#4253,#4254,#4255,#4256,#4264,#4272,#4278,#4279));
#4253 = ORIENTED_EDGE('',*,*,#3559,.F.);
#4254 = ORIENTED_EDGE('',*,*,#3536,.F.);
#4255 = ORIENTED_EDGE('',*,*,#3507,.F.);
#4256 = ORIENTED_EDGE('',*,*,#4257,.F.);
#4257 = EDGE_CURVE('',#4258,#3508,#4260,.T.);
#4258 = VERTEX_POINT('',#4259);
#4259 = CARTESIAN_POINT('',(-0.559121551758,-1.408243103516,1.2));
#4260 = LINE('',#4261,#4262);
#4261 = CARTESIAN_POINT('',(-0.559121551758,-1.408243103516,1.2));
#4262 = VECTOR('',#4263,1.);
#4263 = DIRECTION('',(-0.707106781187,0.707106781187,0.));
#4264 = ORIENTED_EDGE('',*,*,#4265,.F.);
#4265 = EDGE_CURVE('',#4266,#4258,#4268,.T.);
#4266 = VERTEX_POINT('',#4267);
#4267 = CARTESIAN_POINT('',(0.559121551758,-1.408243103516,1.2));
#4268 = LINE('',#4269,#4270);
#4269 = CARTESIAN_POINT('',(0.559121551758,-1.408243103516,1.2));
#4270 = VECTOR('',#4271,1.);
#4271 = DIRECTION('',(-1.,-1.110223024625E-16,0.));
#4272 = ORIENTED_EDGE('',*,*,#4273,.F.);
#4273 = EDGE_CURVE('',#3615,#4266,#4274,.T.);
#4274 = LINE('',#4275,#4276);
#4275 = CARTESIAN_POINT('',(0.608243103516,-1.359121551758,1.2));
#4276 = VECTOR('',#4277,1.);
#4277 = DIRECTION('',(-0.707106781187,-0.707106781187,0.));
#4278 = ORIENTED_EDGE('',*,*,#3621,.F.);
#4279 = ORIENTED_EDGE('',*,*,#3582,.F.);
#4280 = FACE_BOUND('',#4281,.T.);
#4281 = EDGE_LOOP('',(#4282));
#4282 = ORIENTED_EDGE('',*,*,#4283,.T.);
#4283 = EDGE_CURVE('',#4284,#4284,#4286,.T.);
#4284 = VERTEX_POINT('',#4285);
#4285 = CARTESIAN_POINT('',(-0.428243103516,1.178243103516,1.2));
#4286 = CIRCLE('',#4287,5.E-02);
#4287 = AXIS2_PLACEMENT_3D('',#4288,#4289,#4290);
#4288 = CARTESIAN_POINT('',(-0.428243103516,1.228243103516,1.2));
#4289 = DIRECTION('',(0.,-0.,-1.));
#4290 = DIRECTION('',(1.110223024625E-16,-1.,0.));
#4291 = PLANE('',#4292);
#4292 = AXIS2_PLACEMENT_3D('',#4293,#4294,#4295);
#4293 = CARTESIAN_POINT('',(-0.559121551758,1.408243103516,1.2));
#4294 = DIRECTION('',(0.,0.,1.));
#4295 = DIRECTION('',(0.369013679242,-0.929423963825,0.));
#4296 = ADVANCED_FACE('',(#4297),#4307,.F.);
#4297 = FACE_BOUND('',#4298,.F.);
#4298 = EDGE_LOOP('',(#4299,#4300,#4301,#4302));
#4299 = ORIENTED_EDGE('',*,*,#3671,.T.);
#4300 = ORIENTED_EDGE('',*,*,#3515,.T.);
#4301 = ORIENTED_EDGE('',*,*,#4257,.F.);
#4302 = ORIENTED_EDGE('',*,*,#4303,.F.);
#4303 = EDGE_CURVE('',#3672,#4258,#4304,.T.);
#4304 = B_SPLINE_CURVE_WITH_KNOTS('',1,(#4305,#4306),.UNSPECIFIED.,.F.,
  .F.,(2,2),(0.,1.),.PIECEWISE_BEZIER_KNOTS.);
#4305 = CARTESIAN_POINT('',(-0.5925,-1.475,0.725));
#4306 = CARTESIAN_POINT('',(-0.559121551758,-1.408243103516,1.2));
#4307 = B_SPLINE_SURFACE_WITH_KNOTS('',1,1,(
    (#4308,#4309)
    ,(#4310,#4311
    )),.UNSPECIFIED.,.F.,.F.,.F.,(2,2),(2,2),(0.,0.116672618896),(0.,1.)
  ,.PIECEWISE_BEZIER_KNOTS.);
#4308 = CARTESIAN_POINT('',(-0.5925,-1.475,0.725));
#4309 = CARTESIAN_POINT('',(-0.559121551758,-1.408243103516,1.2));
#4310 = CARTESIAN_POINT('',(-0.675,-1.3925,0.725));
#4311 = CARTESIAN_POINT('',(-0.608243103516,-1.359121551758,1.2));
#4312 = ADVANCED_FACE('',(#4313),#4323,.F.);
#4313 = FACE_BOUND('',#4314,.F.);
#4314 = EDGE_LOOP('',(#4315,#4316,#4321,#4322));
#4315 = ORIENTED_EDGE('',*,*,#3687,.T.);
#4316 = ORIENTED_EDGE('',*,*,#4317,.T.);
#4317 = EDGE_CURVE('',#3680,#4266,#4318,.T.);
#4318 = B_SPLINE_CURVE_WITH_KNOTS('',1,(#4319,#4320),.UNSPECIFIED.,.F.,
  .F.,(2,2),(0.,1.),.PIECEWISE_BEZIER_KNOTS.);
#4319 = CARTESIAN_POINT('',(0.5925,-1.475,0.725));
#4320 = CARTESIAN_POINT('',(0.559121551758,-1.408243103516,1.2));
#4321 = ORIENTED_EDGE('',*,*,#4273,.F.);
#4322 = ORIENTED_EDGE('',*,*,#3614,.F.);
#4323 = B_SPLINE_SURFACE_WITH_KNOTS('',1,1,(
    (#4324,#4325)
    ,(#4326,#4327
    )),.UNSPECIFIED.,.F.,.F.,.F.,(2,2),(2,2),(0.,0.116672618896),(0.,1.)
  ,.PIECEWISE_BEZIER_KNOTS.);
#4324 = CARTESIAN_POINT('',(0.675,-1.3925,0.725));
#4325 = CARTESIAN_POINT('',(0.608243103516,-1.359121551758,1.2));
#4326 = CARTESIAN_POINT('',(0.5925,-1.475,0.725));
#4327 = CARTESIAN_POINT('',(0.559121551758,-1.408243103516,1.2));
#4328 = ADVANCED_FACE('',(#4329),#4340,.T.);
#4329 = FACE_BOUND('',#4330,.T.);
#4330 = EDGE_LOOP('',(#4331,#4332,#4333,#4334));
#4331 = ORIENTED_EDGE('',*,*,#4113,.T.);
#4332 = ORIENTED_EDGE('',*,*,#3637,.T.);
#4333 = ORIENTED_EDGE('',*,*,#4205,.F.);
#4334 = ORIENTED_EDGE('',*,*,#4335,.F.);
#4335 = EDGE_CURVE('',#4106,#4198,#4336,.T.);
#4336 = LINE('',#4337,#4338);
#4337 = CARTESIAN_POINT('',(0.946201938253,0.2,0.518412044417));
#4338 = VECTOR('',#4339,1.);
#4339 = DIRECTION('',(1.110223024625E-16,-1.,0.));
#4340 = CYLINDRICAL_SURFACE('',#4341,0.25);
#4341 = AXIS2_PLACEMENT_3D('',#4342,#4343,#4344);
#4342 = CARTESIAN_POINT('',(0.7,0.2,0.475));
#4343 = DIRECTION('',(-1.110223024625E-16,1.,0.));
#4344 = DIRECTION('',(0.984807753012,1.093356242223E-16,0.173648177667)
  );
#4345 = ADVANCED_FACE('',(#4346),#4352,.F.);
#4346 = FACE_BOUND('',#4347,.F.);
#4347 = EDGE_LOOP('',(#4348,#4349,#4350,#4351));
#4348 = ORIENTED_EDGE('',*,*,#3679,.T.);
#4349 = ORIENTED_EDGE('',*,*,#4303,.T.);
#4350 = ORIENTED_EDGE('',*,*,#4265,.F.);
#4351 = ORIENTED_EDGE('',*,*,#4317,.F.);
#4352 = B_SPLINE_SURFACE_WITH_KNOTS('',1,1,(
    (#4353,#4354)
    ,(#4355,#4356
    )),.UNSPECIFIED.,.F.,.F.,.F.,(2,2),(2,2),(0.,1.185),(0.,1.),
  .PIECEWISE_BEZIER_KNOTS.);
#4353 = CARTESIAN_POINT('',(0.5925,-1.475,0.725));
#4354 = CARTESIAN_POINT('',(0.559121551758,-1.408243103516,1.2));
#4355 = CARTESIAN_POINT('',(-0.5925,-1.475,0.725));
#4356 = CARTESIAN_POINT('',(-0.559121551758,-1.408243103516,1.2));
#4357 = ADVANCED_FACE('',(#4358),#4369,.T.);
#4358 = FACE_BOUND('',#4359,.T.);
#4359 = EDGE_LOOP('',(#4360,#4361,#4362,#4363));
#4360 = ORIENTED_EDGE('',*,*,#3762,.T.);
#4361 = ORIENTED_EDGE('',*,*,#4238,.T.);
#4362 = ORIENTED_EDGE('',*,*,#3854,.F.);
#4363 = ORIENTED_EDGE('',*,*,#4364,.F.);
#4364 = EDGE_CURVE('',#3755,#3847,#4365,.T.);
#4365 = LINE('',#4366,#4367);
#4366 = CARTESIAN_POINT('',(-0.946201938253,-1.15,0.518412044417));
#4367 = VECTOR('',#4368,1.);
#4368 = DIRECTION('',(1.144237745222E-17,1.,0.));
#4369 = CYLINDRICAL_SURFACE('',#4370,0.25);
#4370 = AXIS2_PLACEMENT_3D('',#4371,#4372,#4373);
#4371 = CARTESIAN_POINT('',(-0.7,-1.15,0.475));
#4372 = DIRECTION('',(-1.144237745222E-17,-1.,0.));
#4373 = DIRECTION('',(-0.984807753012,1.126854202784E-17,0.173648177667)
  );
#4374 = ADVANCED_FACE('',(#4375),#4386,.F.);
#4375 = FACE_BOUND('',#4376,.F.);
#4376 = EDGE_LOOP('',(#4377,#4383,#4384,#4385));
#4377 = ORIENTED_EDGE('',*,*,#4378,.T.);
#4378 = EDGE_CURVE('',#3746,#3838,#4379,.T.);
#4379 = LINE('',#4380,#4381);
#4380 = CARTESIAN_POINT('',(-0.991192795358,-1.15,0.232635182233));
#4381 = VECTOR('',#4382,1.);
#4382 = DIRECTION('',(1.144237745222E-17,1.,0.));
#4383 = ORIENTED_EDGE('',*,*,#3846,.T.);
#4384 = ORIENTED_EDGE('',*,*,#4364,.F.);
#4385 = ORIENTED_EDGE('',*,*,#3754,.F.);
#4386 = PLANE('',#4387);
#4387 = AXIS2_PLACEMENT_3D('',#4388,#4389,#4390);
#4388 = CARTESIAN_POINT('',(-0.991192795358,-1.15,0.232635182233));
#4389 = DIRECTION('',(0.987833053268,-1.130315865527E-17,-0.155518033909
    ));
#4390 = DIRECTION('',(0.155518033909,-1.779496044609E-18,0.987833053268)
  );
#4391 = ADVANCED_FACE('',(#4392),#4403,.F.);
#4392 = FACE_BOUND('',#4393,.F.);
#4393 = EDGE_LOOP('',(#4394,#4400,#4401,#4402));
#4394 = ORIENTED_EDGE('',*,*,#4395,.T.);
#4395 = EDGE_CURVE('',#3738,#3830,#4396,.T.);
#4396 = LINE('',#4397,#4398);
#4397 = CARTESIAN_POINT('',(-1.089673570659,-1.15,0.15));
#4398 = VECTOR('',#4399,1.);
#4399 = DIRECTION('',(1.144237745222E-17,1.,0.));
#4400 = ORIENTED_EDGE('',*,*,#3837,.T.);
#4401 = ORIENTED_EDGE('',*,*,#4378,.F.);
#4402 = ORIENTED_EDGE('',*,*,#3745,.F.);
#4403 = CYLINDRICAL_SURFACE('',#4404,0.1);
#4404 = AXIS2_PLACEMENT_3D('',#4405,#4406,#4407);
#4405 = CARTESIAN_POINT('',(-1.089673570659,-1.15,0.25));
#4406 = DIRECTION('',(-1.144237745222E-17,-1.,0.));
#4407 = DIRECTION('',(-2.22044604925E-15,2.540718180781E-32,-1.));
#4408 = ADVANCED_FACE('',(#4409),#4420,.F.);
#4409 = FACE_BOUND('',#4410,.F.);
#4410 = EDGE_LOOP('',(#4411,#4417,#4418,#4419));
#4411 = ORIENTED_EDGE('',*,*,#4412,.T.);
#4412 = EDGE_CURVE('',#3730,#3822,#4413,.T.);
#4413 = LINE('',#4414,#4415);
#4414 = CARTESIAN_POINT('',(-1.25,-1.15,0.15));
#4415 = VECTOR('',#4416,1.);
#4416 = DIRECTION('',(1.144237745222E-17,1.,0.));
#4417 = ORIENTED_EDGE('',*,*,#3829,.T.);
#4418 = ORIENTED_EDGE('',*,*,#4395,.F.);
#4419 = ORIENTED_EDGE('',*,*,#3737,.F.);
#4420 = PLANE('',#4421);
#4421 = AXIS2_PLACEMENT_3D('',#4422,#4423,#4424);
#4422 = CARTESIAN_POINT('',(-1.25,-1.15,0.15));
#4423 = DIRECTION('',(0.,0.,-1.));
#4424 = DIRECTION('',(1.,-1.144237745222E-17,0.));
#4425 = ADVANCED_FACE('',(#4426),#4437,.F.);
#4426 = FACE_BOUND('',#4427,.F.);
#4427 = EDGE_LOOP('',(#4428,#4434,#4435,#4436));
#4428 = ORIENTED_EDGE('',*,*,#4429,.T.);
#4429 = EDGE_CURVE('',#3722,#3814,#4430,.T.);
#4430 = LINE('',#4431,#4432);
#4431 = CARTESIAN_POINT('',(-1.25,-1.15,5.551115123126E-17));
#4432 = VECTOR('',#4433,1.);
#4433 = DIRECTION('',(1.144237745222E-17,1.,0.));
#4434 = ORIENTED_EDGE('',*,*,#3821,.T.);
#4435 = ORIENTED_EDGE('',*,*,#4412,.F.);
#4436 = ORIENTED_EDGE('',*,*,#3729,.F.);
#4437 = PLANE('',#4438);
#4438 = AXIS2_PLACEMENT_3D('',#4439,#4440,#4441);
#4439 = CARTESIAN_POINT('',(-1.25,-1.15,5.551115123126E-17));
#4440 = DIRECTION('',(1.,-1.144237745222E-17,0.));
#4441 = DIRECTION('',(0.,0.,1.));
#4442 = ADVANCED_FACE('',(#4443),#4454,.F.);
#4443 = FACE_BOUND('',#4444,.F.);
#4444 = EDGE_LOOP('',(#4445,#4451,#4452,#4453));
#4445 = ORIENTED_EDGE('',*,*,#4446,.T.);
#4446 = EDGE_CURVE('',#3713,#3805,#4447,.T.);
#4447 = LINE('',#4448,#4449);
#4448 = CARTESIAN_POINT('',(-1.089673570659,-1.15,5.551115123126E-17));
#4449 = VECTOR('',#4450,1.);
#4450 = DIRECTION('',(1.144237745222E-17,1.,0.));
#4451 = ORIENTED_EDGE('',*,*,#3813,.T.);
#4452 = ORIENTED_EDGE('',*,*,#4429,.F.);
#4453 = ORIENTED_EDGE('',*,*,#3721,.F.);
#4454 = PLANE('',#4455);
#4455 = AXIS2_PLACEMENT_3D('',#4456,#4457,#4458);
#4456 = CARTESIAN_POINT('',(-1.089673570659,-1.15,5.551115123126E-17));
#4457 = DIRECTION('',(0.,0.,1.));
#4458 = DIRECTION('',(-1.,1.144237745222E-17,0.));
#4459 = ADVANCED_FACE('',(#4460),#4466,.T.);
#4460 = FACE_BOUND('',#4461,.T.);
#4461 = EDGE_LOOP('',(#4462,#4463,#4464,#4465));
#4462 = ORIENTED_EDGE('',*,*,#3712,.T.);
#4463 = ORIENTED_EDGE('',*,*,#4446,.T.);
#4464 = ORIENTED_EDGE('',*,*,#3804,.F.);
#4465 = ORIENTED_EDGE('',*,*,#3786,.F.);
#4466 = CYLINDRICAL_SURFACE('',#4467,0.25);
#4467 = AXIS2_PLACEMENT_3D('',#4468,#4469,#4470);
#4468 = CARTESIAN_POINT('',(-1.089673570659,-1.15,0.25));
#4469 = DIRECTION('',(-1.144237745222E-17,-1.,0.));
#4470 = DIRECTION('',(0.984807753012,-1.126854202784E-17,-0.173648177667
    ));
#4471 = ADVANCED_FACE('',(#4472),#4483,.F.);
#4472 = FACE_BOUND('',#4473,.F.);
#4473 = EDGE_LOOP('',(#4474,#4480,#4481,#4482));
#4474 = ORIENTED_EDGE('',*,*,#4475,.T.);
#4475 = EDGE_CURVE('',#3930,#4022,#4476,.T.);
#4476 = LINE('',#4477,#4478);
#4477 = CARTESIAN_POINT('',(-0.991192795358,0.75,0.232635182233));
#4478 = VECTOR('',#4479,1.);
#4479 = DIRECTION('',(1.144237745222E-17,1.,0.));
#4480 = ORIENTED_EDGE('',*,*,#4030,.T.);
#4481 = ORIENTED_EDGE('',*,*,#4223,.F.);
#4482 = ORIENTED_EDGE('',*,*,#3938,.F.);
#4483 = PLANE('',#4484);
#4484 = AXIS2_PLACEMENT_3D('',#4485,#4486,#4487);
#4485 = CARTESIAN_POINT('',(-0.991192795358,0.75,0.232635182233));
#4486 = DIRECTION('',(0.987833053268,-1.130315865527E-17,-0.155518033909
    ));
#4487 = DIRECTION('',(0.155518033909,-1.779496044609E-18,0.987833053268)
  );
#4488 = ADVANCED_FACE('',(#4489),#4500,.F.);
#4489 = FACE_BOUND('',#4490,.F.);
#4490 = EDGE_LOOP('',(#4491,#4497,#4498,#4499));
#4491 = ORIENTED_EDGE('',*,*,#4492,.T.);
#4492 = EDGE_CURVE('',#3922,#4014,#4493,.T.);
#4493 = LINE('',#4494,#4495);
#4494 = CARTESIAN_POINT('',(-1.089673570659,0.75,0.15));
#4495 = VECTOR('',#4496,1.);
#4496 = DIRECTION('',(1.144237745222E-17,1.,0.));
#4497 = ORIENTED_EDGE('',*,*,#4021,.T.);
#4498 = ORIENTED_EDGE('',*,*,#4475,.F.);
#4499 = ORIENTED_EDGE('',*,*,#3929,.F.);
#4500 = CYLINDRICAL_SURFACE('',#4501,0.1);
#4501 = AXIS2_PLACEMENT_3D('',#4502,#4503,#4504);
#4502 = CARTESIAN_POINT('',(-1.089673570659,0.75,0.25));
#4503 = DIRECTION('',(-1.144237745222E-17,-1.,0.));
#4504 = DIRECTION('',(-2.22044604925E-15,2.540718180781E-32,-1.));
#4505 = ADVANCED_FACE('',(#4506),#4517,.F.);
#4506 = FACE_BOUND('',#4507,.F.);
#4507 = EDGE_LOOP('',(#4508,#4514,#4515,#4516));
#4508 = ORIENTED_EDGE('',*,*,#4509,.T.);
#4509 = EDGE_CURVE('',#3914,#4006,#4510,.T.);
#4510 = LINE('',#4511,#4512);
#4511 = CARTESIAN_POINT('',(-1.25,0.75,0.15));
#4512 = VECTOR('',#4513,1.);
#4513 = DIRECTION('',(1.144237745222E-17,1.,0.));
#4514 = ORIENTED_EDGE('',*,*,#4013,.T.);
#4515 = ORIENTED_EDGE('',*,*,#4492,.F.);
#4516 = ORIENTED_EDGE('',*,*,#3921,.F.);
#4517 = PLANE('',#4518);
#4518 = AXIS2_PLACEMENT_3D('',#4519,#4520,#4521);
#4519 = CARTESIAN_POINT('',(-1.25,0.75,0.15));
#4520 = DIRECTION('',(0.,0.,-1.));
#4521 = DIRECTION('',(1.,-1.144237745222E-17,0.));
#4522 = ADVANCED_FACE('',(#4523),#4534,.F.);
#4523 = FACE_BOUND('',#4524,.F.);
#4524 = EDGE_LOOP('',(#4525,#4531,#4532,#4533));
#4525 = ORIENTED_EDGE('',*,*,#4526,.T.);
#4526 = EDGE_CURVE('',#3906,#3998,#4527,.T.);
#4527 = LINE('',#4528,#4529);
#4528 = CARTESIAN_POINT('',(-1.25,0.75,5.551115123126E-17));
#4529 = VECTOR('',#4530,1.);
#4530 = DIRECTION('',(1.144237745222E-17,1.,0.));
#4531 = ORIENTED_EDGE('',*,*,#4005,.T.);
#4532 = ORIENTED_EDGE('',*,*,#4509,.F.);
#4533 = ORIENTED_EDGE('',*,*,#3913,.F.);
#4534 = PLANE('',#4535);
#4535 = AXIS2_PLACEMENT_3D('',#4536,#4537,#4538);
#4536 = CARTESIAN_POINT('',(-1.25,0.75,5.551115123126E-17));
#4537 = DIRECTION('',(1.,-1.144237745222E-17,0.));
#4538 = DIRECTION('',(0.,0.,1.));
#4539 = ADVANCED_FACE('',(#4540),#4551,.F.);
#4540 = FACE_BOUND('',#4541,.F.);
#4541 = EDGE_LOOP('',(#4542,#4548,#4549,#4550));
#4542 = ORIENTED_EDGE('',*,*,#4543,.T.);
#4543 = EDGE_CURVE('',#3897,#3989,#4544,.T.);
#4544 = LINE('',#4545,#4546);
#4545 = CARTESIAN_POINT('',(-1.089673570659,0.75,5.551115123126E-17));
#4546 = VECTOR('',#4547,1.);
#4547 = DIRECTION('',(1.144237745222E-17,1.,0.));
#4548 = ORIENTED_EDGE('',*,*,#3997,.T.);
#4549 = ORIENTED_EDGE('',*,*,#4526,.F.);
#4550 = ORIENTED_EDGE('',*,*,#3905,.F.);
#4551 = PLANE('',#4552);
#4552 = AXIS2_PLACEMENT_3D('',#4553,#4554,#4555);
#4553 = CARTESIAN_POINT('',(-1.089673570659,0.75,5.551115123126E-17));
#4554 = DIRECTION('',(0.,0.,1.));
#4555 = DIRECTION('',(-1.,1.144237745222E-17,0.));
#4556 = ADVANCED_FACE('',(#4557),#4563,.T.);
#4557 = FACE_BOUND('',#4558,.T.);
#4558 = EDGE_LOOP('',(#4559,#4560,#4561,#4562));
#4559 = ORIENTED_EDGE('',*,*,#3896,.T.);
#4560 = ORIENTED_EDGE('',*,*,#4543,.T.);
#4561 = ORIENTED_EDGE('',*,*,#3988,.F.);
#4562 = ORIENTED_EDGE('',*,*,#3970,.F.);
#4563 = CYLINDRICAL_SURFACE('',#4564,0.25);
#4564 = AXIS2_PLACEMENT_3D('',#4565,#4566,#4567);
#4565 = CARTESIAN_POINT('',(-1.089673570659,0.75,0.25));
#4566 = DIRECTION('',(-1.144237745222E-17,-1.,0.));
#4567 = DIRECTION('',(0.984807753012,-1.126854202784E-17,-0.173648177667
    ));
#4568 = ADVANCED_FACE('',(#4569),#4580,.F.);
#4569 = FACE_BOUND('',#4570,.F.);
#4570 = EDGE_LOOP('',(#4571,#4577,#4578,#4579));
#4571 = ORIENTED_EDGE('',*,*,#4572,.T.);
#4572 = EDGE_CURVE('',#4097,#4189,#4573,.T.);
#4573 = LINE('',#4574,#4575);
#4574 = CARTESIAN_POINT('',(0.991192795358,0.2,0.232635182233));
#4575 = VECTOR('',#4576,1.);
#4576 = DIRECTION('',(1.110223024625E-16,-1.,0.));
#4577 = ORIENTED_EDGE('',*,*,#4197,.T.);
#4578 = ORIENTED_EDGE('',*,*,#4335,.F.);
#4579 = ORIENTED_EDGE('',*,*,#4105,.F.);
#4580 = PLANE('',#4581);
#4581 = AXIS2_PLACEMENT_3D('',#4582,#4583,#4584);
#4582 = CARTESIAN_POINT('',(0.991192795358,0.2,0.232635182233));
#4583 = DIRECTION('',(-0.987833053268,-1.096715000224E-16,
    -0.155518033909));
#4584 = DIRECTION('',(-0.155518033909,-1.726597019897E-17,0.987833053268
    ));
#4585 = ADVANCED_FACE('',(#4586),#4597,.F.);
#4586 = FACE_BOUND('',#4587,.F.);
#4587 = EDGE_LOOP('',(#4588,#4594,#4595,#4596));
#4588 = ORIENTED_EDGE('',*,*,#4589,.T.);
#4589 = EDGE_CURVE('',#4089,#4181,#4590,.T.);
#4590 = LINE('',#4591,#4592);
#4591 = CARTESIAN_POINT('',(1.089673570659,0.2,0.15));
#4592 = VECTOR('',#4593,1.);
#4593 = DIRECTION('',(1.110223024625E-16,-1.,0.));
#4594 = ORIENTED_EDGE('',*,*,#4188,.T.);
#4595 = ORIENTED_EDGE('',*,*,#4572,.F.);
#4596 = ORIENTED_EDGE('',*,*,#4096,.F.);
#4597 = CYLINDRICAL_SURFACE('',#4598,0.1);
#4598 = AXIS2_PLACEMENT_3D('',#4599,#4600,#4601);
#4599 = CARTESIAN_POINT('',(1.089673570659,0.2,0.25));
#4600 = DIRECTION('',(-1.110223024625E-16,1.,0.));
#4601 = DIRECTION('',(2.22044604925E-15,2.465190328815E-31,-1.));
#4602 = ADVANCED_FACE('',(#4603),#4614,.F.);
#4603 = FACE_BOUND('',#4604,.F.);
#4604 = EDGE_LOOP('',(#4605,#4611,#4612,#4613));
#4605 = ORIENTED_EDGE('',*,*,#4606,.T.);
#4606 = EDGE_CURVE('',#4081,#4173,#4607,.T.);
#4607 = LINE('',#4608,#4609);
#4608 = CARTESIAN_POINT('',(1.25,0.2,0.15));
#4609 = VECTOR('',#4610,1.);
#4610 = DIRECTION('',(1.110223024625E-16,-1.,0.));
#4611 = ORIENTED_EDGE('',*,*,#4180,.T.);
#4612 = ORIENTED_EDGE('',*,*,#4589,.F.);
#4613 = ORIENTED_EDGE('',*,*,#4088,.F.);
#4614 = PLANE('',#4615);
#4615 = AXIS2_PLACEMENT_3D('',#4616,#4617,#4618);
#4616 = CARTESIAN_POINT('',(1.25,0.2,0.15));
#4617 = DIRECTION('',(0.,0.,-1.));
#4618 = DIRECTION('',(-1.,-1.110223024625E-16,-0.));
#4619 = ADVANCED_FACE('',(#4620),#4631,.F.);
#4620 = FACE_BOUND('',#4621,.F.);
#4621 = EDGE_LOOP('',(#4622,#4628,#4629,#4630));
#4622 = ORIENTED_EDGE('',*,*,#4623,.T.);
#4623 = EDGE_CURVE('',#4073,#4165,#4624,.T.);
#4624 = LINE('',#4625,#4626);
#4625 = CARTESIAN_POINT('',(1.25,0.2,5.551115123126E-17));
#4626 = VECTOR('',#4627,1.);
#4627 = DIRECTION('',(1.110223024625E-16,-1.,0.));
#4628 = ORIENTED_EDGE('',*,*,#4172,.T.);
#4629 = ORIENTED_EDGE('',*,*,#4606,.F.);
#4630 = ORIENTED_EDGE('',*,*,#4080,.F.);
#4631 = PLANE('',#4632);
#4632 = AXIS2_PLACEMENT_3D('',#4633,#4634,#4635);
#4633 = CARTESIAN_POINT('',(1.25,0.2,5.551115123126E-17));
#4634 = DIRECTION('',(-1.,-1.110223024625E-16,0.));
#4635 = DIRECTION('',(0.,0.,1.));
#4636 = ADVANCED_FACE('',(#4637),#4648,.F.);
#4637 = FACE_BOUND('',#4638,.F.);
#4638 = EDGE_LOOP('',(#4639,#4645,#4646,#4647));
#4639 = ORIENTED_EDGE('',*,*,#4640,.T.);
#4640 = EDGE_CURVE('',#4064,#4156,#4641,.T.);
#4641 = LINE('',#4642,#4643);
#4642 = CARTESIAN_POINT('',(1.089673570659,0.2,5.551115123126E-17));
#4643 = VECTOR('',#4644,1.);
#4644 = DIRECTION('',(1.110223024625E-16,-1.,0.));
#4645 = ORIENTED_EDGE('',*,*,#4164,.T.);
#4646 = ORIENTED_EDGE('',*,*,#4623,.F.);
#4647 = ORIENTED_EDGE('',*,*,#4072,.F.);
#4648 = PLANE('',#4649);
#4649 = AXIS2_PLACEMENT_3D('',#4650,#4651,#4652);
#4650 = CARTESIAN_POINT('',(1.089673570659,0.2,5.551115123126E-17));
#4651 = DIRECTION('',(0.,0.,1.));
#4652 = DIRECTION('',(1.,1.110223024625E-16,-0.));
#4653 = ADVANCED_FACE('',(#4654),#4660,.T.);
#4654 = FACE_BOUND('',#4655,.T.);
#4655 = EDGE_LOOP('',(#4656,#4657,#4658,#4659));
#4656 = ORIENTED_EDGE('',*,*,#4063,.T.);
#4657 = ORIENTED_EDGE('',*,*,#4640,.T.);
#4658 = ORIENTED_EDGE('',*,*,#4155,.F.);
#4659 = ORIENTED_EDGE('',*,*,#4137,.F.);
#4660 = CYLINDRICAL_SURFACE('',#4661,0.25);
#4661 = AXIS2_PLACEMENT_3D('',#4662,#4663,#4664);
#4662 = CARTESIAN_POINT('',(1.089673570659,0.2,0.25));
#4663 = DIRECTION('',(-1.110223024625E-16,1.,0.));
#4664 = DIRECTION('',(-0.984807753012,-1.093356242223E-16,
    -0.173648177667));
#4665 = ADVANCED_FACE('',(#4666),#4669,.F.);
#4666 = FACE_BOUND('',#4667,.T.);
#4667 = EDGE_LOOP('',(#4668));
#4668 = ORIENTED_EDGE('',*,*,#4283,.F.);
#4669 = PLANE('',#4670);
#4670 = AXIS2_PLACEMENT_3D('',#4671,#4672,#4673);
#4671 = CARTESIAN_POINT('',(-0.428243103516,1.228243103516,1.2));
#4672 = DIRECTION('',(0.,0.,-1.));
#4673 = DIRECTION('',(1.110223024625E-16,-1.,0.));
#4674 = ( GEOMETRIC_REPRESENTATION_CONTEXT(3) 
GLOBAL_UNCERTAINTY_ASSIGNED_CONTEXT((#4678)) 
GLOBAL_UNIT_ASSIGNED_CONTEXT((#4675,#4676,#4677)) REPRESENTATION_CONTEXT
('Context #1','3D Context with UNIT and UNCERTAINTY') );
#4675 = ( LENGTH_UNIT() NAMED_UNIT(*) SI_UNIT(.MILLI.,.METRE.) );
#4676 = ( NAMED_UNIT(*) PLANE_ANGLE_UNIT() SI_UNIT($,.RADIAN.) );
#4677 = ( NAMED_UNIT(*) SI_UNIT($,.STERADIAN.) SOLID_ANGLE_UNIT() );
#4678 = UNCERTAINTY_MEASURE_WITH_UNIT(LENGTH_MEASURE(1.E-07),#4675,
  'distance_accuracy_value','confusion accuracy');
#4679 = CONTEXT_DEPENDENT_SHAPE_REPRESENTATION(#4680,#4682);
#4680 = ( REPRESENTATION_RELATIONSHIP('','',#2691,#10) 
REPRESENTATION_RELATIONSHIP_WITH_TRANSFORMATION(#4681) 
SHAPE_REPRESENTATION_RELATIONSHIP() );
#4681 = ITEM_DEFINED_TRANSFORMATION('','',#11,#59);
#4682 = PRODUCT_DEFINITION_SHAPE('Placement','Placement of an item',
  #4683);
#4683 = NEXT_ASSEMBLY_USAGE_OCCURRENCE('12','Q1','',#5,#2686,$);
#4684 = PRODUCT_RELATED_PRODUCT_CATEGORY('part',$,(#2688));
#4685 = CONTEXT_DEPENDENT_SHAPE_REPRESENTATION(#4686,#4688);
#4686 = ( REPRESENTATION_RELATIONSHIP('','',#1842,#10) 
REPRESENTATION_RELATIONSHIP_WITH_TRANSFORMATION(#4687) 
SHAPE_REPRESENTATION_RELATIONSHIP() );
#4687 = ITEM_DEFINED_TRANSFORMATION('','',#11,#63);
#4688 = PRODUCT_DEFINITION_SHAPE('Placement','Placement of an item',
  #4689);
#4689 = NEXT_ASSEMBLY_USAGE_OCCURRENCE('13','R5','',#5,#1837,$);
#4690 = SHAPE_DEFINITION_REPRESENTATION(#4691,#4697);
#4691 = PRODUCT_DEFINITION_SHAPE('','',#4692);
#4692 = PRODUCT_DEFINITION('design','',#4693,#4696);
#4693 = PRODUCT_DEFINITION_FORMATION('','',#4694);
#4694 = PRODUCT('SOT-23-6','SOT-23-6','',(#4695));
#4695 = PRODUCT_CONTEXT('',#2,'mechanical');
#4696 = PRODUCT_DEFINITION_CONTEXT('part definition',#2,'design');
#4697 = ADVANCED_BREP_SHAPE_REPRESENTATION('',(#11,#4698),#8234);
#4698 = MANIFOLD_SOLID_BREP('',#4699);
#4699 = CLOSED_SHELL('',(#4700,#4738,#4801,#4824,#4853,#4876,#4947,#5018
    ,#5041,#5064,#5081,#5104,#5192,#5208,#5238,#5269,#5300,#5331,#5362,
    #5393,#5410,#5427,#5458,#5489,#5520,#5551,#5582,#5612,#5635,#5658,
    #5675,#5720,#5790,#5813,#5836,#5859,#5930,#5968,#6017,#6109,#6134,
    #6218,#6240,#6332,#6357,#6441,#6458,#6543,#6568,#6645,#6730,#6755,
    #6832,#6849,#6941,#6966,#7050,#7072,#7164,#7189,#7273,#7290,#7309,
    #7328,#7374,#7390,#7409,#7428,#7444,#7461,#7473,#7490,#7507,#7524,
    #7541,#7558,#7575,#7592,#7604,#7621,#7638,#7655,#7672,#7689,#7706,
    #7723,#7735,#7752,#7769,#7786,#7803,#7820,#7837,#7849,#7866,#7883,
    #7900,#7917,#7934,#7951,#7963,#7980,#7997,#8014,#8031,#8048,#8065,
    #8082,#8094,#8111,#8128,#8145,#8162,#8179,#8196,#8213,#8225));
#4700 = ADVANCED_FACE('',(#4701),#4733,.F.);
#4701 = FACE_BOUND('',#4702,.F.);
#4702 = EDGE_LOOP('',(#4703,#4713,#4720,#4728));
#4703 = ORIENTED_EDGE('',*,*,#4704,.T.);
#4704 = EDGE_CURVE('',#4705,#4707,#4709,.T.);
#4705 = VERTEX_POINT('',#4706);
#4706 = CARTESIAN_POINT('',(-0.659324228722,1.358648457443,0.1));
#4707 = VERTEX_POINT('',#4708);
#4708 = CARTESIAN_POINT('',(0.659324228722,1.358648457443,0.1));
#4709 = LINE('',#4710,#4711);
#4710 = CARTESIAN_POINT('',(-0.659324228722,1.358648457443,0.1));
#4711 = VECTOR('',#4712,1.);
#4712 = DIRECTION('',(1.,1.110223024625E-16,0.));
#4713 = ORIENTED_EDGE('',*,*,#4714,.T.);
#4714 = EDGE_CURVE('',#4707,#4715,#4717,.T.);
#4715 = VERTEX_POINT('',#4716);
#4716 = CARTESIAN_POINT('',(0.705,1.45,0.75));
#4717 = B_SPLINE_CURVE_WITH_KNOTS('',1,(#4718,#4719),.UNSPECIFIED.,.F.,
  .F.,(2,2),(0.,1.),.PIECEWISE_BEZIER_KNOTS.);
#4718 = CARTESIAN_POINT('',(0.659324228722,1.358648457443,0.1));
#4719 = CARTESIAN_POINT('',(0.705,1.45,0.75));
#4720 = ORIENTED_EDGE('',*,*,#4721,.F.);
#4721 = EDGE_CURVE('',#4722,#4715,#4724,.T.);
#4722 = VERTEX_POINT('',#4723);
#4723 = CARTESIAN_POINT('',(-0.705,1.45,0.75));
#4724 = LINE('',#4725,#4726);
#4725 = CARTESIAN_POINT('',(-0.705,1.45,0.75));
#4726 = VECTOR('',#4727,1.);
#4727 = DIRECTION('',(1.,1.110223024625E-16,0.));
#4728 = ORIENTED_EDGE('',*,*,#4729,.F.);
#4729 = EDGE_CURVE('',#4705,#4722,#4730,.T.);
#4730 = B_SPLINE_CURVE_WITH_KNOTS('',1,(#4731,#4732),.UNSPECIFIED.,.F.,
  .F.,(2,2),(0.,1.),.PIECEWISE_BEZIER_KNOTS.);
#4731 = CARTESIAN_POINT('',(-0.659324228722,1.358648457443,0.1));
#4732 = CARTESIAN_POINT('',(-0.705,1.45,0.75));
#4733 = B_SPLINE_SURFACE_WITH_KNOTS('',1,1,(
    (#4734,#4735)
    ,(#4736,#4737
    )),.UNSPECIFIED.,.F.,.F.,.F.,(2,2),(2,2),(0.,1.41),(0.,1.),
  .PIECEWISE_BEZIER_KNOTS.);
#4734 = CARTESIAN_POINT('',(-0.659324228722,1.358648457443,0.1));
#4735 = CARTESIAN_POINT('',(-0.705,1.45,0.75));
#4736 = CARTESIAN_POINT('',(0.659324228722,1.358648457443,0.1));
#4737 = CARTESIAN_POINT('',(0.705,1.45,0.75));
#4738 = ADVANCED_FACE('',(#4739),#4796,.F.);
#4739 = FACE_BOUND('',#4740,.T.);
#4740 = EDGE_LOOP('',(#4741,#4742,#4750,#4758,#4766,#4774,#4782,#4790));
#4741 = ORIENTED_EDGE('',*,*,#4704,.T.);
#4742 = ORIENTED_EDGE('',*,*,#4743,.T.);
#4743 = EDGE_CURVE('',#4707,#4744,#4746,.T.);
#4744 = VERTEX_POINT('',#4745);
#4745 = CARTESIAN_POINT('',(0.708648457443,1.309324228722,0.1));
#4746 = LINE('',#4747,#4748);
#4747 = CARTESIAN_POINT('',(0.659324228722,1.358648457443,0.1));
#4748 = VECTOR('',#4749,1.);
#4749 = DIRECTION('',(0.707106781187,-0.707106781187,0.));
#4750 = ORIENTED_EDGE('',*,*,#4751,.T.);
#4751 = EDGE_CURVE('',#4744,#4752,#4754,.T.);
#4752 = VERTEX_POINT('',#4753);
#4753 = CARTESIAN_POINT('',(0.708648457443,-1.309324228722,0.1));
#4754 = LINE('',#4755,#4756);
#4755 = CARTESIAN_POINT('',(0.708648457443,1.309324228722,0.1));
#4756 = VECTOR('',#4757,1.);
#4757 = DIRECTION('',(1.110223024625E-16,-1.,0.));
#4758 = ORIENTED_EDGE('',*,*,#4759,.T.);
#4759 = EDGE_CURVE('',#4752,#4760,#4762,.T.);
#4760 = VERTEX_POINT('',#4761);
#4761 = CARTESIAN_POINT('',(0.659324228722,-1.358648457443,0.1));
#4762 = LINE('',#4763,#4764);
#4763 = CARTESIAN_POINT('',(0.708648457443,-1.309324228722,0.1));
#4764 = VECTOR('',#4765,1.);
#4765 = DIRECTION('',(-0.707106781187,-0.707106781187,0.));
#4766 = ORIENTED_EDGE('',*,*,#4767,.T.);
#4767 = EDGE_CURVE('',#4760,#4768,#4770,.T.);
#4768 = VERTEX_POINT('',#4769);
#4769 = CARTESIAN_POINT('',(-0.659324228722,-1.358648457443,0.1));
#4770 = LINE('',#4771,#4772);
#4771 = CARTESIAN_POINT('',(0.659324228722,-1.358648457443,0.1));
#4772 = VECTOR('',#4773,1.);
#4773 = DIRECTION('',(-1.,-1.110223024625E-16,0.));
#4774 = ORIENTED_EDGE('',*,*,#4775,.T.);
#4775 = EDGE_CURVE('',#4768,#4776,#4778,.T.);
#4776 = VERTEX_POINT('',#4777);
#4777 = CARTESIAN_POINT('',(-0.708648457443,-1.309324228722,0.1));
#4778 = LINE('',#4779,#4780);
#4779 = CARTESIAN_POINT('',(-0.659324228722,-1.358648457443,0.1));
#4780 = VECTOR('',#4781,1.);
#4781 = DIRECTION('',(-0.707106781187,0.707106781187,0.));
#4782 = ORIENTED_EDGE('',*,*,#4783,.T.);
#4783 = EDGE_CURVE('',#4776,#4784,#4786,.T.);
#4784 = VERTEX_POINT('',#4785);
#4785 = CARTESIAN_POINT('',(-0.708648457443,1.309324228722,0.1));
#4786 = LINE('',#4787,#4788);
#4787 = CARTESIAN_POINT('',(-0.708648457443,-1.309324228722,0.1));
#4788 = VECTOR('',#4789,1.);
#4789 = DIRECTION('',(-1.110223024625E-16,1.,0.));
#4790 = ORIENTED_EDGE('',*,*,#4791,.T.);
#4791 = EDGE_CURVE('',#4784,#4705,#4792,.T.);
#4792 = LINE('',#4793,#4794);
#4793 = CARTESIAN_POINT('',(-0.708648457443,1.309324228722,0.1));
#4794 = VECTOR('',#4795,1.);
#4795 = DIRECTION('',(0.707106781187,0.707106781187,0.));
#4796 = PLANE('',#4797);
#4797 = AXIS2_PLACEMENT_3D('',#4798,#4799,#4800);
#4798 = CARTESIAN_POINT('',(-0.659324228722,1.358648457443,0.1));
#4799 = DIRECTION('',(0.,0.,1.));
#4800 = DIRECTION('',(0.436587433964,-0.899661832304,0.));
#4801 = ADVANCED_FACE('',(#4802),#4819,.F.);
#4802 = FACE_BOUND('',#4803,.F.);
#4803 = EDGE_LOOP('',(#4804,#4805,#4812,#4818));
#4804 = ORIENTED_EDGE('',*,*,#4743,.T.);
#4805 = ORIENTED_EDGE('',*,*,#4806,.T.);
#4806 = EDGE_CURVE('',#4744,#4807,#4809,.T.);
#4807 = VERTEX_POINT('',#4808);
#4808 = CARTESIAN_POINT('',(0.8,1.355,0.75));
#4809 = B_SPLINE_CURVE_WITH_KNOTS('',1,(#4810,#4811),.UNSPECIFIED.,.F.,
  .F.,(2,2),(0.,1.),.PIECEWISE_BEZIER_KNOTS.);
#4810 = CARTESIAN_POINT('',(0.708648457443,1.309324228722,0.1));
#4811 = CARTESIAN_POINT('',(0.8,1.355,0.75));
#4812 = ORIENTED_EDGE('',*,*,#4813,.F.);
#4813 = EDGE_CURVE('',#4715,#4807,#4814,.T.);
#4814 = LINE('',#4815,#4816);
#4815 = CARTESIAN_POINT('',(0.705,1.45,0.75));
#4816 = VECTOR('',#4817,1.);
#4817 = DIRECTION('',(0.707106781187,-0.707106781187,0.));
#4818 = ORIENTED_EDGE('',*,*,#4714,.F.);
#4819 = B_SPLINE_SURFACE_WITH_KNOTS('',1,1,(
    (#4820,#4821)
    ,(#4822,#4823
    )),.UNSPECIFIED.,.F.,.F.,.F.,(2,2),(2,2),(0.,0.134350288425),(0.,1.)
  ,.PIECEWISE_BEZIER_KNOTS.);
#4820 = CARTESIAN_POINT('',(0.659324228722,1.358648457443,0.1));
#4821 = CARTESIAN_POINT('',(0.705,1.45,0.75));
#4822 = CARTESIAN_POINT('',(0.708648457443,1.309324228722,0.1));
#4823 = CARTESIAN_POINT('',(0.8,1.355,0.75));
#4824 = ADVANCED_FACE('',(#4825),#4848,.F.);
#4825 = FACE_BOUND('',#4826,.F.);
#4826 = EDGE_LOOP('',(#4827,#4828,#4835,#4843));
#4827 = ORIENTED_EDGE('',*,*,#4721,.T.);
#4828 = ORIENTED_EDGE('',*,*,#4829,.T.);
#4829 = EDGE_CURVE('',#4715,#4830,#4832,.T.);
#4830 = VERTEX_POINT('',#4831);
#4831 = CARTESIAN_POINT('',(0.705,1.45,0.9));
#4832 = B_SPLINE_CURVE_WITH_KNOTS('',1,(#4833,#4834),.UNSPECIFIED.,.F.,
  .F.,(2,2),(0.,1.),.PIECEWISE_BEZIER_KNOTS.);
#4833 = CARTESIAN_POINT('',(0.705,1.45,0.75));
#4834 = CARTESIAN_POINT('',(0.705,1.45,0.9));
#4835 = ORIENTED_EDGE('',*,*,#4836,.F.);
#4836 = EDGE_CURVE('',#4837,#4830,#4839,.T.);
#4837 = VERTEX_POINT('',#4838);
#4838 = CARTESIAN_POINT('',(-0.705,1.45,0.9));
#4839 = LINE('',#4840,#4841);
#4840 = CARTESIAN_POINT('',(-0.705,1.45,0.9));
#4841 = VECTOR('',#4842,1.);
#4842 = DIRECTION('',(1.,1.110223024625E-16,0.));
#4843 = ORIENTED_EDGE('',*,*,#4844,.F.);
#4844 = EDGE_CURVE('',#4722,#4837,#4845,.T.);
#4845 = B_SPLINE_CURVE_WITH_KNOTS('',1,(#4846,#4847),.UNSPECIFIED.,.F.,
  .F.,(2,2),(0.,1.),.PIECEWISE_BEZIER_KNOTS.);
#4846 = CARTESIAN_POINT('',(-0.705,1.45,0.75));
#4847 = CARTESIAN_POINT('',(-0.705,1.45,0.9));
#4848 = PLANE('',#4849);
#4849 = AXIS2_PLACEMENT_3D('',#4850,#4851,#4852);
#4850 = CARTESIAN_POINT('',(-0.705,1.45,0.9));
#4851 = DIRECTION('',(1.110223024625E-16,-1.,0.));
#4852 = DIRECTION('',(1.,1.110223024625E-16,0.));
#4853 = ADVANCED_FACE('',(#4854),#4871,.F.);
#4854 = FACE_BOUND('',#4855,.F.);
#4855 = EDGE_LOOP('',(#4856,#4857,#4858,#4866));
#4856 = ORIENTED_EDGE('',*,*,#4791,.T.);
#4857 = ORIENTED_EDGE('',*,*,#4729,.T.);
#4858 = ORIENTED_EDGE('',*,*,#4859,.F.);
#4859 = EDGE_CURVE('',#4860,#4722,#4862,.T.);
#4860 = VERTEX_POINT('',#4861);
#4861 = CARTESIAN_POINT('',(-0.8,1.355,0.75));
#4862 = LINE('',#4863,#4864);
#4863 = CARTESIAN_POINT('',(-0.8,1.355,0.75));
#4864 = VECTOR('',#4865,1.);
#4865 = DIRECTION('',(0.707106781187,0.707106781187,0.));
#4866 = ORIENTED_EDGE('',*,*,#4867,.F.);
#4867 = EDGE_CURVE('',#4784,#4860,#4868,.T.);
#4868 = B_SPLINE_CURVE_WITH_KNOTS('',1,(#4869,#4870),.UNSPECIFIED.,.F.,
  .F.,(2,2),(0.,1.),.PIECEWISE_BEZIER_KNOTS.);
#4869 = CARTESIAN_POINT('',(-0.708648457443,1.309324228722,0.1));
#4870 = CARTESIAN_POINT('',(-0.8,1.355,0.75));
#4871 = B_SPLINE_SURFACE_WITH_KNOTS('',1,1,(
    (#4872,#4873)
    ,(#4874,#4875
    )),.UNSPECIFIED.,.F.,.F.,.F.,(2,2),(2,2),(0.,0.134350288425),(0.,1.)
  ,.PIECEWISE_BEZIER_KNOTS.);
#4872 = CARTESIAN_POINT('',(-0.708648457443,1.309324228722,0.1));
#4873 = CARTESIAN_POINT('',(-0.8,1.355,0.75));
#4874 = CARTESIAN_POINT('',(-0.659324228722,1.358648457443,0.1));
#4875 = CARTESIAN_POINT('',(-0.705,1.45,0.75));
#4876 = ADVANCED_FACE('',(#4877),#4942,.F.);
#4877 = FACE_BOUND('',#4878,.F.);
#4878 = EDGE_LOOP('',(#4879,#4880,#4881,#4889,#4897,#4905,#4913,#4921,
    #4929,#4937));
#4879 = ORIENTED_EDGE('',*,*,#4783,.T.);
#4880 = ORIENTED_EDGE('',*,*,#4867,.T.);
#4881 = ORIENTED_EDGE('',*,*,#4882,.F.);
#4882 = EDGE_CURVE('',#4883,#4860,#4885,.T.);
#4883 = VERTEX_POINT('',#4884);
#4884 = CARTESIAN_POINT('',(-0.8,1.2,0.75));
#4885 = LINE('',#4886,#4887);
#4886 = CARTESIAN_POINT('',(-0.8,-1.355,0.75));
#4887 = VECTOR('',#4888,1.);
#4888 = DIRECTION('',(-1.110223024625E-16,1.,0.));
#4889 = ORIENTED_EDGE('',*,*,#4890,.F.);
#4890 = EDGE_CURVE('',#4891,#4883,#4893,.T.);
#4891 = VERTEX_POINT('',#4892);
#4892 = CARTESIAN_POINT('',(-0.8,0.7,0.75));
#4893 = LINE('',#4894,#4895);
#4894 = CARTESIAN_POINT('',(-0.8,-1.355,0.75));
#4895 = VECTOR('',#4896,1.);
#4896 = DIRECTION('',(-1.110223024625E-16,1.,0.));
#4897 = ORIENTED_EDGE('',*,*,#4898,.F.);
#4898 = EDGE_CURVE('',#4899,#4891,#4901,.T.);
#4899 = VERTEX_POINT('',#4900);
#4900 = CARTESIAN_POINT('',(-0.8,0.25,0.75));
#4901 = LINE('',#4902,#4903);
#4902 = CARTESIAN_POINT('',(-0.8,-1.355,0.75));
#4903 = VECTOR('',#4904,1.);
#4904 = DIRECTION('',(-1.110223024625E-16,1.,0.));
#4905 = ORIENTED_EDGE('',*,*,#4906,.F.);
#4906 = EDGE_CURVE('',#4907,#4899,#4909,.T.);
#4907 = VERTEX_POINT('',#4908);
#4908 = CARTESIAN_POINT('',(-0.8,-0.25,0.75));
#4909 = LINE('',#4910,#4911);
#4910 = CARTESIAN_POINT('',(-0.8,-1.355,0.75));
#4911 = VECTOR('',#4912,1.);
#4912 = DIRECTION('',(-1.110223024625E-16,1.,0.));
#4913 = ORIENTED_EDGE('',*,*,#4914,.F.);
#4914 = EDGE_CURVE('',#4915,#4907,#4917,.T.);
#4915 = VERTEX_POINT('',#4916);
#4916 = CARTESIAN_POINT('',(-0.8,-0.7,0.75));
#4917 = LINE('',#4918,#4919);
#4918 = CARTESIAN_POINT('',(-0.8,-1.355,0.75));
#4919 = VECTOR('',#4920,1.);
#4920 = DIRECTION('',(-1.110223024625E-16,1.,0.));
#4921 = ORIENTED_EDGE('',*,*,#4922,.F.);
#4922 = EDGE_CURVE('',#4923,#4915,#4925,.T.);
#4923 = VERTEX_POINT('',#4924);
#4924 = CARTESIAN_POINT('',(-0.8,-1.2,0.75));
#4925 = LINE('',#4926,#4927);
#4926 = CARTESIAN_POINT('',(-0.8,-1.355,0.75));
#4927 = VECTOR('',#4928,1.);
#4928 = DIRECTION('',(-1.110223024625E-16,1.,0.));
#4929 = ORIENTED_EDGE('',*,*,#4930,.F.);
#4930 = EDGE_CURVE('',#4931,#4923,#4933,.T.);
#4931 = VERTEX_POINT('',#4932);
#4932 = CARTESIAN_POINT('',(-0.8,-1.355,0.75));
#4933 = LINE('',#4934,#4935);
#4934 = CARTESIAN_POINT('',(-0.8,-1.355,0.75));
#4935 = VECTOR('',#4936,1.);
#4936 = DIRECTION('',(-1.110223024625E-16,1.,0.));
#4937 = ORIENTED_EDGE('',*,*,#4938,.F.);
#4938 = EDGE_CURVE('',#4776,#4931,#4939,.T.);
#4939 = B_SPLINE_CURVE_WITH_KNOTS('',1,(#4940,#4941),.UNSPECIFIED.,.F.,
  .F.,(2,2),(0.,1.),.PIECEWISE_BEZIER_KNOTS.);
#4940 = CARTESIAN_POINT('',(-0.708648457443,-1.309324228722,0.1));
#4941 = CARTESIAN_POINT('',(-0.8,-1.355,0.75));
#4942 = B_SPLINE_SURFACE_WITH_KNOTS('',1,1,(
    (#4943,#4944)
    ,(#4945,#4946
    )),.UNSPECIFIED.,.F.,.F.,.F.,(2,2),(2,2),(0.,2.71),(0.,1.),
  .PIECEWISE_BEZIER_KNOTS.);
#4943 = CARTESIAN_POINT('',(-0.708648457443,-1.309324228722,0.1));
#4944 = CARTESIAN_POINT('',(-0.8,-1.355,0.75));
#4945 = CARTESIAN_POINT('',(-0.708648457443,1.309324228722,0.1));
#4946 = CARTESIAN_POINT('',(-0.8,1.355,0.75));
#4947 = ADVANCED_FACE('',(#4948),#5013,.F.);
#4948 = FACE_BOUND('',#4949,.F.);
#4949 = EDGE_LOOP('',(#4950,#4951,#4958,#4966,#4974,#4982,#4990,#4998,
    #5006,#5012));
#4950 = ORIENTED_EDGE('',*,*,#4751,.T.);
#4951 = ORIENTED_EDGE('',*,*,#4952,.T.);
#4952 = EDGE_CURVE('',#4752,#4953,#4955,.T.);
#4953 = VERTEX_POINT('',#4954);
#4954 = CARTESIAN_POINT('',(0.8,-1.355,0.75));
#4955 = B_SPLINE_CURVE_WITH_KNOTS('',1,(#4956,#4957),.UNSPECIFIED.,.F.,
  .F.,(2,2),(0.,1.),.PIECEWISE_BEZIER_KNOTS.);
#4956 = CARTESIAN_POINT('',(0.708648457443,-1.309324228722,0.1));
#4957 = CARTESIAN_POINT('',(0.8,-1.355,0.75));
#4958 = ORIENTED_EDGE('',*,*,#4959,.F.);
#4959 = EDGE_CURVE('',#4960,#4953,#4962,.T.);
#4960 = VERTEX_POINT('',#4961);
#4961 = CARTESIAN_POINT('',(0.8,-1.2,0.75));
#4962 = LINE('',#4963,#4964);
#4963 = CARTESIAN_POINT('',(0.8,1.355,0.75));
#4964 = VECTOR('',#4965,1.);
#4965 = DIRECTION('',(1.110223024625E-16,-1.,0.));
#4966 = ORIENTED_EDGE('',*,*,#4967,.F.);
#4967 = EDGE_CURVE('',#4968,#4960,#4970,.T.);
#4968 = VERTEX_POINT('',#4969);
#4969 = CARTESIAN_POINT('',(0.8,-0.7,0.75));
#4970 = LINE('',#4971,#4972);
#4971 = CARTESIAN_POINT('',(0.8,1.355,0.75));
#4972 = VECTOR('',#4973,1.);
#4973 = DIRECTION('',(1.110223024625E-16,-1.,0.));
#4974 = ORIENTED_EDGE('',*,*,#4975,.F.);
#4975 = EDGE_CURVE('',#4976,#4968,#4978,.T.);
#4976 = VERTEX_POINT('',#4977);
#4977 = CARTESIAN_POINT('',(0.8,-0.25,0.75));
#4978 = LINE('',#4979,#4980);
#4979 = CARTESIAN_POINT('',(0.8,1.355,0.75));
#4980 = VECTOR('',#4981,1.);
#4981 = DIRECTION('',(1.110223024625E-16,-1.,0.));
#4982 = ORIENTED_EDGE('',*,*,#4983,.F.);
#4983 = EDGE_CURVE('',#4984,#4976,#4986,.T.);
#4984 = VERTEX_POINT('',#4985);
#4985 = CARTESIAN_POINT('',(0.8,0.25,0.75));
#4986 = LINE('',#4987,#4988);
#4987 = CARTESIAN_POINT('',(0.8,1.355,0.75));
#4988 = VECTOR('',#4989,1.);
#4989 = DIRECTION('',(1.110223024625E-16,-1.,0.));
#4990 = ORIENTED_EDGE('',*,*,#4991,.F.);
#4991 = EDGE_CURVE('',#4992,#4984,#4994,.T.);
#4992 = VERTEX_POINT('',#4993);
#4993 = CARTESIAN_POINT('',(0.8,0.7,0.75));
#4994 = LINE('',#4995,#4996);
#4995 = CARTESIAN_POINT('',(0.8,1.355,0.75));
#4996 = VECTOR('',#4997,1.);
#4997 = DIRECTION('',(1.110223024625E-16,-1.,0.));
#4998 = ORIENTED_EDGE('',*,*,#4999,.F.);
#4999 = EDGE_CURVE('',#5000,#4992,#5002,.T.);
#5000 = VERTEX_POINT('',#5001);
#5001 = CARTESIAN_POINT('',(0.8,1.2,0.75));
#5002 = LINE('',#5003,#5004);
#5003 = CARTESIAN_POINT('',(0.8,1.355,0.75));
#5004 = VECTOR('',#5005,1.);
#5005 = DIRECTION('',(1.110223024625E-16,-1.,0.));
#5006 = ORIENTED_EDGE('',*,*,#5007,.F.);
#5007 = EDGE_CURVE('',#4807,#5000,#5008,.T.);
#5008 = LINE('',#5009,#5010);
#5009 = CARTESIAN_POINT('',(0.8,1.355,0.75));
#5010 = VECTOR('',#5011,1.);
#5011 = DIRECTION('',(1.110223024625E-16,-1.,0.));
#5012 = ORIENTED_EDGE('',*,*,#4806,.F.);
#5013 = B_SPLINE_SURFACE_WITH_KNOTS('',1,1,(
    (#5014,#5015)
    ,(#5016,#5017
    )),.UNSPECIFIED.,.F.,.F.,.F.,(2,2),(2,2),(0.,2.71),(0.,1.),
  .PIECEWISE_BEZIER_KNOTS.);
#5014 = CARTESIAN_POINT('',(0.708648457443,1.309324228722,0.1));
#5015 = CARTESIAN_POINT('',(0.8,1.355,0.75));
#5016 = CARTESIAN_POINT('',(0.708648457443,-1.309324228722,0.1));
#5017 = CARTESIAN_POINT('',(0.8,-1.355,0.75));
#5018 = ADVANCED_FACE('',(#5019),#5036,.F.);
#5019 = FACE_BOUND('',#5020,.F.);
#5020 = EDGE_LOOP('',(#5021,#5022,#5023,#5031));
#5021 = ORIENTED_EDGE('',*,*,#4775,.T.);
#5022 = ORIENTED_EDGE('',*,*,#4938,.T.);
#5023 = ORIENTED_EDGE('',*,*,#5024,.F.);
#5024 = EDGE_CURVE('',#5025,#4931,#5027,.T.);
#5025 = VERTEX_POINT('',#5026);
#5026 = CARTESIAN_POINT('',(-0.705,-1.45,0.75));
#5027 = LINE('',#5028,#5029);
#5028 = CARTESIAN_POINT('',(-0.705,-1.45,0.75));
#5029 = VECTOR('',#5030,1.);
#5030 = DIRECTION('',(-0.707106781187,0.707106781187,0.));
#5031 = ORIENTED_EDGE('',*,*,#5032,.F.);
#5032 = EDGE_CURVE('',#4768,#5025,#5033,.T.);
#5033 = B_SPLINE_CURVE_WITH_KNOTS('',1,(#5034,#5035),.UNSPECIFIED.,.F.,
  .F.,(2,2),(0.,1.),.PIECEWISE_BEZIER_KNOTS.);
#5034 = CARTESIAN_POINT('',(-0.659324228722,-1.358648457443,0.1));
#5035 = CARTESIAN_POINT('',(-0.705,-1.45,0.75));
#5036 = B_SPLINE_SURFACE_WITH_KNOTS('',1,1,(
    (#5037,#5038)
    ,(#5039,#5040
    )),.UNSPECIFIED.,.F.,.F.,.F.,(2,2),(2,2),(0.,0.134350288425),(0.,1.)
  ,.PIECEWISE_BEZIER_KNOTS.);
#5037 = CARTESIAN_POINT('',(-0.659324228722,-1.358648457443,0.1));
#5038 = CARTESIAN_POINT('',(-0.705,-1.45,0.75));
#5039 = CARTESIAN_POINT('',(-0.708648457443,-1.309324228722,0.1));
#5040 = CARTESIAN_POINT('',(-0.8,-1.355,0.75));
#5041 = ADVANCED_FACE('',(#5042),#5059,.F.);
#5042 = FACE_BOUND('',#5043,.F.);
#5043 = EDGE_LOOP('',(#5044,#5045,#5052,#5058));
#5044 = ORIENTED_EDGE('',*,*,#4759,.T.);
#5045 = ORIENTED_EDGE('',*,*,#5046,.T.);
#5046 = EDGE_CURVE('',#4760,#5047,#5049,.T.);
#5047 = VERTEX_POINT('',#5048);
#5048 = CARTESIAN_POINT('',(0.705,-1.45,0.75));
#5049 = B_SPLINE_CURVE_WITH_KNOTS('',1,(#5050,#5051),.UNSPECIFIED.,.F.,
  .F.,(2,2),(0.,1.),.PIECEWISE_BEZIER_KNOTS.);
#5050 = CARTESIAN_POINT('',(0.659324228722,-1.358648457443,0.1));
#5051 = CARTESIAN_POINT('',(0.705,-1.45,0.75));
#5052 = ORIENTED_EDGE('',*,*,#5053,.F.);
#5053 = EDGE_CURVE('',#4953,#5047,#5054,.T.);
#5054 = LINE('',#5055,#5056);
#5055 = CARTESIAN_POINT('',(0.8,-1.355,0.75));
#5056 = VECTOR('',#5057,1.);
#5057 = DIRECTION('',(-0.707106781187,-0.707106781187,0.));
#5058 = ORIENTED_EDGE('',*,*,#4952,.F.);
#5059 = B_SPLINE_SURFACE_WITH_KNOTS('',1,1,(
    (#5060,#5061)
    ,(#5062,#5063
    )),.UNSPECIFIED.,.F.,.F.,.F.,(2,2),(2,2),(0.,0.134350288425),(0.,1.)
  ,.PIECEWISE_BEZIER_KNOTS.);
#5060 = CARTESIAN_POINT('',(0.708648457443,-1.309324228722,0.1));
#5061 = CARTESIAN_POINT('',(0.8,-1.355,0.75));
#5062 = CARTESIAN_POINT('',(0.659324228722,-1.358648457443,0.1));
#5063 = CARTESIAN_POINT('',(0.705,-1.45,0.75));
#5064 = ADVANCED_FACE('',(#5065),#5076,.F.);
#5065 = FACE_BOUND('',#5066,.F.);
#5066 = EDGE_LOOP('',(#5067,#5068,#5069,#5075));
#5067 = ORIENTED_EDGE('',*,*,#4767,.T.);
#5068 = ORIENTED_EDGE('',*,*,#5032,.T.);
#5069 = ORIENTED_EDGE('',*,*,#5070,.F.);
#5070 = EDGE_CURVE('',#5047,#5025,#5071,.T.);
#5071 = LINE('',#5072,#5073);
#5072 = CARTESIAN_POINT('',(0.705,-1.45,0.75));
#5073 = VECTOR('',#5074,1.);
#5074 = DIRECTION('',(-1.,-1.110223024625E-16,0.));
#5075 = ORIENTED_EDGE('',*,*,#5046,.F.);
#5076 = B_SPLINE_SURFACE_WITH_KNOTS('',1,1,(
    (#5077,#5078)
    ,(#5079,#5080
    )),.UNSPECIFIED.,.F.,.F.,.F.,(2,2),(2,2),(0.,1.41),(0.,1.),
  .PIECEWISE_BEZIER_KNOTS.);
#5077 = CARTESIAN_POINT('',(0.659324228722,-1.358648457443,0.1));
#5078 = CARTESIAN_POINT('',(0.705,-1.45,0.75));
#5079 = CARTESIAN_POINT('',(-0.659324228722,-1.358648457443,0.1));
#5080 = CARTESIAN_POINT('',(-0.705,-1.45,0.75));
#5081 = ADVANCED_FACE('',(#5082),#5099,.F.);
#5082 = FACE_BOUND('',#5083,.F.);
#5083 = EDGE_LOOP('',(#5084,#5085,#5092,#5098));
#5084 = ORIENTED_EDGE('',*,*,#4813,.T.);
#5085 = ORIENTED_EDGE('',*,*,#5086,.T.);
#5086 = EDGE_CURVE('',#4807,#5087,#5089,.T.);
#5087 = VERTEX_POINT('',#5088);
#5088 = CARTESIAN_POINT('',(0.8,1.355,0.9));
#5089 = B_SPLINE_CURVE_WITH_KNOTS('',1,(#5090,#5091),.UNSPECIFIED.,.F.,
  .F.,(2,2),(0.,1.),.PIECEWISE_BEZIER_KNOTS.);
#5090 = CARTESIAN_POINT('',(0.8,1.355,0.75));
#5091 = CARTESIAN_POINT('',(0.8,1.355,0.9));
#5092 = ORIENTED_EDGE('',*,*,#5093,.F.);
#5093 = EDGE_CURVE('',#4830,#5087,#5094,.T.);
#5094 = LINE('',#5095,#5096);
#5095 = CARTESIAN_POINT('',(0.705,1.45,0.9));
#5096 = VECTOR('',#5097,1.);
#5097 = DIRECTION('',(0.707106781187,-0.707106781187,0.));
#5098 = ORIENTED_EDGE('',*,*,#4829,.F.);
#5099 = PLANE('',#5100);
#5100 = AXIS2_PLACEMENT_3D('',#5101,#5102,#5103);
#5101 = CARTESIAN_POINT('',(0.705,1.45,0.9));
#5102 = DIRECTION('',(-0.707106781187,-0.707106781187,0.));
#5103 = DIRECTION('',(0.707106781187,-0.707106781187,0.));
#5104 = ADVANCED_FACE('',(#5105),#5187,.F.);
#5105 = FACE_BOUND('',#5106,.F.);
#5106 = EDGE_LOOP('',(#5107,#5115,#5116,#5117,#5125,#5133,#5141,#5149,
    #5157,#5165,#5173,#5181));
#5107 = ORIENTED_EDGE('',*,*,#5108,.T.);
#5108 = EDGE_CURVE('',#5109,#4837,#5111,.T.);
#5109 = VERTEX_POINT('',#5110);
#5110 = CARTESIAN_POINT('',(-0.8,1.355,0.9));
#5111 = LINE('',#5112,#5113);
#5112 = CARTESIAN_POINT('',(-0.8,1.355,0.9));
#5113 = VECTOR('',#5114,1.);
#5114 = DIRECTION('',(0.707106781187,0.707106781187,0.));
#5115 = ORIENTED_EDGE('',*,*,#4836,.T.);
#5116 = ORIENTED_EDGE('',*,*,#5093,.T.);
#5117 = ORIENTED_EDGE('',*,*,#5118,.T.);
#5118 = EDGE_CURVE('',#5087,#5119,#5121,.T.);
#5119 = VERTEX_POINT('',#5120);
#5120 = CARTESIAN_POINT('',(0.8,1.2,0.9));
#5121 = LINE('',#5122,#5123);
#5122 = CARTESIAN_POINT('',(0.8,1.355,0.9));
#5123 = VECTOR('',#5124,1.);
#5124 = DIRECTION('',(1.110223024625E-16,-1.,0.));
#5125 = ORIENTED_EDGE('',*,*,#5126,.T.);
#5126 = EDGE_CURVE('',#5119,#5127,#5129,.T.);
#5127 = VERTEX_POINT('',#5128);
#5128 = CARTESIAN_POINT('',(0.775,1.2,0.9));
#5129 = LINE('',#5130,#5131);
#5130 = CARTESIAN_POINT('',(0.85,1.2,0.9));
#5131 = VECTOR('',#5132,1.);
#5132 = DIRECTION('',(-1.,-1.110223024625E-16,0.));
#5133 = ORIENTED_EDGE('',*,*,#5134,.F.);
#5134 = EDGE_CURVE('',#5135,#5127,#5137,.T.);
#5135 = VERTEX_POINT('',#5136);
#5136 = CARTESIAN_POINT('',(0.775,1.3425,0.9));
#5137 = LINE('',#5138,#5139);
#5138 = CARTESIAN_POINT('',(0.775,1.3425,0.9));
#5139 = VECTOR('',#5140,1.);
#5140 = DIRECTION('',(1.110223024625E-16,-1.,0.));
#5141 = ORIENTED_EDGE('',*,*,#5142,.F.);
#5142 = EDGE_CURVE('',#5143,#5135,#5145,.T.);
#5143 = VERTEX_POINT('',#5144);
#5144 = CARTESIAN_POINT('',(0.6925,1.425,0.9));
#5145 = LINE('',#5146,#5147);
#5146 = CARTESIAN_POINT('',(0.6925,1.425,0.9));
#5147 = VECTOR('',#5148,1.);
#5148 = DIRECTION('',(0.707106781187,-0.707106781187,0.));
#5149 = ORIENTED_EDGE('',*,*,#5150,.F.);
#5150 = EDGE_CURVE('',#5151,#5143,#5153,.T.);
#5151 = VERTEX_POINT('',#5152);
#5152 = CARTESIAN_POINT('',(-0.6925,1.425,0.9));
#5153 = LINE('',#5154,#5155);
#5154 = CARTESIAN_POINT('',(-0.6925,1.425,0.9));
#5155 = VECTOR('',#5156,1.);
#5156 = DIRECTION('',(1.,1.110223024625E-16,0.));
#5157 = ORIENTED_EDGE('',*,*,#5158,.F.);
#5158 = EDGE_CURVE('',#5159,#5151,#5161,.T.);
#5159 = VERTEX_POINT('',#5160);
#5160 = CARTESIAN_POINT('',(-0.775,1.3425,0.9));
#5161 = LINE('',#5162,#5163);
#5162 = CARTESIAN_POINT('',(-0.775,1.3425,0.9));
#5163 = VECTOR('',#5164,1.);
#5164 = DIRECTION('',(0.707106781187,0.707106781187,0.));
#5165 = ORIENTED_EDGE('',*,*,#5166,.F.);
#5166 = EDGE_CURVE('',#5167,#5159,#5169,.T.);
#5167 = VERTEX_POINT('',#5168);
#5168 = CARTESIAN_POINT('',(-0.775,1.2,0.9));
#5169 = LINE('',#5170,#5171);
#5170 = CARTESIAN_POINT('',(-0.775,-1.3425,0.9));
#5171 = VECTOR('',#5172,1.);
#5172 = DIRECTION('',(-1.110223024625E-16,1.,0.));
#5173 = ORIENTED_EDGE('',*,*,#5174,.F.);
#5174 = EDGE_CURVE('',#5175,#5167,#5177,.T.);
#5175 = VERTEX_POINT('',#5176);
#5176 = CARTESIAN_POINT('',(-0.8,1.2,0.9));
#5177 = LINE('',#5178,#5179);
#5178 = CARTESIAN_POINT('',(-0.85,1.2,0.9));
#5179 = VECTOR('',#5180,1.);
#5180 = DIRECTION('',(1.,-1.144237745222E-17,0.));
#5181 = ORIENTED_EDGE('',*,*,#5182,.T.);
#5182 = EDGE_CURVE('',#5175,#5109,#5183,.T.);
#5183 = LINE('',#5184,#5185);
#5184 = CARTESIAN_POINT('',(-0.8,-1.355,0.9));
#5185 = VECTOR('',#5186,1.);
#5186 = DIRECTION('',(-1.110223024625E-16,1.,0.));
#5187 = PLANE('',#5188);
#5188 = AXIS2_PLACEMENT_3D('',#5189,#5190,#5191);
#5189 = CARTESIAN_POINT('',(-2.091417030376E-16,1.4375,0.9));
#5190 = DIRECTION('',(4.595758349624E-18,6.551522493592E-27,-1.));
#5191 = DIRECTION('',(1.,1.51922136901E-16,4.595758349624E-18));
#5192 = ADVANCED_FACE('',(#5193),#5203,.F.);
#5193 = FACE_BOUND('',#5194,.F.);
#5194 = EDGE_LOOP('',(#5195,#5196,#5197,#5198));
#5195 = ORIENTED_EDGE('',*,*,#4859,.T.);
#5196 = ORIENTED_EDGE('',*,*,#4844,.T.);
#5197 = ORIENTED_EDGE('',*,*,#5108,.F.);
#5198 = ORIENTED_EDGE('',*,*,#5199,.F.);
#5199 = EDGE_CURVE('',#4860,#5109,#5200,.T.);
#5200 = B_SPLINE_CURVE_WITH_KNOTS('',1,(#5201,#5202),.UNSPECIFIED.,.F.,
  .F.,(2,2),(0.,1.),.PIECEWISE_BEZIER_KNOTS.);
#5201 = CARTESIAN_POINT('',(-0.8,1.355,0.75));
#5202 = CARTESIAN_POINT('',(-0.8,1.355,0.9));
#5203 = PLANE('',#5204);
#5204 = AXIS2_PLACEMENT_3D('',#5205,#5206,#5207);
#5205 = CARTESIAN_POINT('',(-0.8,1.355,0.9));
#5206 = DIRECTION('',(0.707106781187,-0.707106781187,0.));
#5207 = DIRECTION('',(0.707106781187,0.707106781187,0.));
#5208 = ADVANCED_FACE('',(#5209),#5233,.F.);
#5209 = FACE_BOUND('',#5210,.F.);
#5210 = EDGE_LOOP('',(#5211,#5218,#5219,#5227));
#5211 = ORIENTED_EDGE('',*,*,#5212,.F.);
#5212 = EDGE_CURVE('',#4931,#5213,#5215,.T.);
#5213 = VERTEX_POINT('',#5214);
#5214 = CARTESIAN_POINT('',(-0.8,-1.355,0.9));
#5215 = B_SPLINE_CURVE_WITH_KNOTS('',1,(#5216,#5217),.UNSPECIFIED.,.F.,
  .F.,(2,2),(0.,1.),.PIECEWISE_BEZIER_KNOTS.);
#5216 = CARTESIAN_POINT('',(-0.8,-1.355,0.75));
#5217 = CARTESIAN_POINT('',(-0.8,-1.355,0.9));
#5218 = ORIENTED_EDGE('',*,*,#4930,.T.);
#5219 = ORIENTED_EDGE('',*,*,#5220,.T.);
#5220 = EDGE_CURVE('',#4923,#5221,#5223,.T.);
#5221 = VERTEX_POINT('',#5222);
#5222 = CARTESIAN_POINT('',(-0.8,-1.2,0.9));
#5223 = LINE('',#5224,#5225);
#5224 = CARTESIAN_POINT('',(-0.8,-1.2,0.670847817658));
#5225 = VECTOR('',#5226,1.);
#5226 = DIRECTION('',(0.,0.,1.));
#5227 = ORIENTED_EDGE('',*,*,#5228,.F.);
#5228 = EDGE_CURVE('',#5213,#5221,#5229,.T.);
#5229 = LINE('',#5230,#5231);
#5230 = CARTESIAN_POINT('',(-0.8,-1.355,0.9));
#5231 = VECTOR('',#5232,1.);
#5232 = DIRECTION('',(-1.110223024625E-16,1.,0.));
#5233 = PLANE('',#5234);
#5234 = AXIS2_PLACEMENT_3D('',#5235,#5236,#5237);
#5235 = CARTESIAN_POINT('',(-0.8,-1.355,0.9));
#5236 = DIRECTION('',(1.,1.110223024625E-16,0.));
#5237 = DIRECTION('',(-1.110223024625E-16,1.,0.));
#5238 = ADVANCED_FACE('',(#5239),#5264,.F.);
#5239 = FACE_BOUND('',#5240,.F.);
#5240 = EDGE_LOOP('',(#5241,#5249,#5250,#5258));
#5241 = ORIENTED_EDGE('',*,*,#5242,.F.);
#5242 = EDGE_CURVE('',#4923,#5243,#5245,.T.);
#5243 = VERTEX_POINT('',#5244);
#5244 = CARTESIAN_POINT('',(-0.85,-1.2,0.75));
#5245 = LINE('',#5246,#5247);
#5246 = CARTESIAN_POINT('',(-0.75,-1.2,0.75));
#5247 = VECTOR('',#5248,1.);
#5248 = DIRECTION('',(-1.,1.144237745222E-17,0.));
#5249 = ORIENTED_EDGE('',*,*,#4922,.T.);
#5250 = ORIENTED_EDGE('',*,*,#5251,.T.);
#5251 = EDGE_CURVE('',#4915,#5252,#5254,.T.);
#5252 = VERTEX_POINT('',#5253);
#5253 = CARTESIAN_POINT('',(-0.85,-0.7,0.75));
#5254 = LINE('',#5255,#5256);
#5255 = CARTESIAN_POINT('',(-0.75,-0.7,0.75));
#5256 = VECTOR('',#5257,1.);
#5257 = DIRECTION('',(-1.,1.144237745222E-17,0.));
#5258 = ORIENTED_EDGE('',*,*,#5259,.F.);
#5259 = EDGE_CURVE('',#5243,#5252,#5260,.T.);
#5260 = LINE('',#5261,#5262);
#5261 = CARTESIAN_POINT('',(-0.85,-1.2,0.75));
#5262 = VECTOR('',#5263,1.);
#5263 = DIRECTION('',(1.144237745222E-17,1.,0.));
#5264 = PLANE('',#5265);
#5265 = AXIS2_PLACEMENT_3D('',#5266,#5267,#5268);
#5266 = CARTESIAN_POINT('',(-0.75,-1.2,0.75));
#5267 = DIRECTION('',(0.,0.,1.));
#5268 = DIRECTION('',(-1.,1.144237745222E-17,0.));
#5269 = ADVANCED_FACE('',(#5270),#5295,.F.);
#5270 = FACE_BOUND('',#5271,.F.);
#5271 = EDGE_LOOP('',(#5272,#5280,#5281,#5289));
#5272 = ORIENTED_EDGE('',*,*,#5273,.F.);
#5273 = EDGE_CURVE('',#4915,#5274,#5276,.T.);
#5274 = VERTEX_POINT('',#5275);
#5275 = CARTESIAN_POINT('',(-0.8,-0.7,0.9));
#5276 = LINE('',#5277,#5278);
#5277 = CARTESIAN_POINT('',(-0.8,-0.7,0.670847817658));
#5278 = VECTOR('',#5279,1.);
#5279 = DIRECTION('',(0.,0.,1.));
#5280 = ORIENTED_EDGE('',*,*,#4914,.T.);
#5281 = ORIENTED_EDGE('',*,*,#5282,.T.);
#5282 = EDGE_CURVE('',#4907,#5283,#5285,.T.);
#5283 = VERTEX_POINT('',#5284);
#5284 = CARTESIAN_POINT('',(-0.8,-0.25,0.9));
#5285 = LINE('',#5286,#5287);
#5286 = CARTESIAN_POINT('',(-0.8,-0.25,0.670847817658));
#5287 = VECTOR('',#5288,1.);
#5288 = DIRECTION('',(0.,0.,1.));
#5289 = ORIENTED_EDGE('',*,*,#5290,.F.);
#5290 = EDGE_CURVE('',#5274,#5283,#5291,.T.);
#5291 = LINE('',#5292,#5293);
#5292 = CARTESIAN_POINT('',(-0.8,-1.355,0.9));
#5293 = VECTOR('',#5294,1.);
#5294 = DIRECTION('',(-1.110223024625E-16,1.,0.));
#5295 = PLANE('',#5296);
#5296 = AXIS2_PLACEMENT_3D('',#5297,#5298,#5299);
#5297 = CARTESIAN_POINT('',(-0.8,-1.355,0.9));
#5298 = DIRECTION('',(1.,1.110223024625E-16,0.));
#5299 = DIRECTION('',(-1.110223024625E-16,1.,0.));
#5300 = ADVANCED_FACE('',(#5301),#5326,.F.);
#5301 = FACE_BOUND('',#5302,.F.);
#5302 = EDGE_LOOP('',(#5303,#5311,#5312,#5320));
#5303 = ORIENTED_EDGE('',*,*,#5304,.F.);
#5304 = EDGE_CURVE('',#4907,#5305,#5307,.T.);
#5305 = VERTEX_POINT('',#5306);
#5306 = CARTESIAN_POINT('',(-0.85,-0.25,0.75));
#5307 = LINE('',#5308,#5309);
#5308 = CARTESIAN_POINT('',(-0.75,-0.25,0.75));
#5309 = VECTOR('',#5310,1.);
#5310 = DIRECTION('',(-1.,1.144237745222E-17,0.));
#5311 = ORIENTED_EDGE('',*,*,#4906,.T.);
#5312 = ORIENTED_EDGE('',*,*,#5313,.T.);
#5313 = EDGE_CURVE('',#4899,#5314,#5316,.T.);
#5314 = VERTEX_POINT('',#5315);
#5315 = CARTESIAN_POINT('',(-0.85,0.25,0.75));
#5316 = LINE('',#5317,#5318);
#5317 = CARTESIAN_POINT('',(-0.75,0.25,0.75));
#5318 = VECTOR('',#5319,1.);
#5319 = DIRECTION('',(-1.,1.144237745222E-17,0.));
#5320 = ORIENTED_EDGE('',*,*,#5321,.F.);
#5321 = EDGE_CURVE('',#5305,#5314,#5322,.T.);
#5322 = LINE('',#5323,#5324);
#5323 = CARTESIAN_POINT('',(-0.85,-0.25,0.75));
#5324 = VECTOR('',#5325,1.);
#5325 = DIRECTION('',(1.144237745222E-17,1.,0.));
#5326 = PLANE('',#5327);
#5327 = AXIS2_PLACEMENT_3D('',#5328,#5329,#5330);
#5328 = CARTESIAN_POINT('',(-0.75,-0.25,0.75));
#5329 = DIRECTION('',(0.,0.,1.));
#5330 = DIRECTION('',(-1.,1.144237745222E-17,0.));
#5331 = ADVANCED_FACE('',(#5332),#5357,.F.);
#5332 = FACE_BOUND('',#5333,.F.);
#5333 = EDGE_LOOP('',(#5334,#5342,#5343,#5351));
#5334 = ORIENTED_EDGE('',*,*,#5335,.F.);
#5335 = EDGE_CURVE('',#4899,#5336,#5338,.T.);
#5336 = VERTEX_POINT('',#5337);
#5337 = CARTESIAN_POINT('',(-0.8,0.25,0.9));
#5338 = LINE('',#5339,#5340);
#5339 = CARTESIAN_POINT('',(-0.8,0.25,0.670847817658));
#5340 = VECTOR('',#5341,1.);
#5341 = DIRECTION('',(0.,0.,1.));
#5342 = ORIENTED_EDGE('',*,*,#4898,.T.);
#5343 = ORIENTED_EDGE('',*,*,#5344,.T.);
#5344 = EDGE_CURVE('',#4891,#5345,#5347,.T.);
#5345 = VERTEX_POINT('',#5346);
#5346 = CARTESIAN_POINT('',(-0.8,0.7,0.9));
#5347 = LINE('',#5348,#5349);
#5348 = CARTESIAN_POINT('',(-0.8,0.7,0.670847817658));
#5349 = VECTOR('',#5350,1.);
#5350 = DIRECTION('',(0.,0.,1.));
#5351 = ORIENTED_EDGE('',*,*,#5352,.F.);
#5352 = EDGE_CURVE('',#5336,#5345,#5353,.T.);
#5353 = LINE('',#5354,#5355);
#5354 = CARTESIAN_POINT('',(-0.8,-1.355,0.9));
#5355 = VECTOR('',#5356,1.);
#5356 = DIRECTION('',(-1.110223024625E-16,1.,0.));
#5357 = PLANE('',#5358);
#5358 = AXIS2_PLACEMENT_3D('',#5359,#5360,#5361);
#5359 = CARTESIAN_POINT('',(-0.8,-1.355,0.9));
#5360 = DIRECTION('',(1.,1.110223024625E-16,0.));
#5361 = DIRECTION('',(-1.110223024625E-16,1.,0.));
#5362 = ADVANCED_FACE('',(#5363),#5388,.F.);
#5363 = FACE_BOUND('',#5364,.F.);
#5364 = EDGE_LOOP('',(#5365,#5373,#5374,#5382));
#5365 = ORIENTED_EDGE('',*,*,#5366,.F.);
#5366 = EDGE_CURVE('',#4891,#5367,#5369,.T.);
#5367 = VERTEX_POINT('',#5368);
#5368 = CARTESIAN_POINT('',(-0.85,0.7,0.75));
#5369 = LINE('',#5370,#5371);
#5370 = CARTESIAN_POINT('',(-0.75,0.7,0.75));
#5371 = VECTOR('',#5372,1.);
#5372 = DIRECTION('',(-1.,1.144237745222E-17,0.));
#5373 = ORIENTED_EDGE('',*,*,#4890,.T.);
#5374 = ORIENTED_EDGE('',*,*,#5375,.T.);
#5375 = EDGE_CURVE('',#4883,#5376,#5378,.T.);
#5376 = VERTEX_POINT('',#5377);
#5377 = CARTESIAN_POINT('',(-0.85,1.2,0.75));
#5378 = LINE('',#5379,#5380);
#5379 = CARTESIAN_POINT('',(-0.75,1.2,0.75));
#5380 = VECTOR('',#5381,1.);
#5381 = DIRECTION('',(-1.,1.144237745222E-17,0.));
#5382 = ORIENTED_EDGE('',*,*,#5383,.F.);
#5383 = EDGE_CURVE('',#5367,#5376,#5384,.T.);
#5384 = LINE('',#5385,#5386);
#5385 = CARTESIAN_POINT('',(-0.85,0.7,0.75));
#5386 = VECTOR('',#5387,1.);
#5387 = DIRECTION('',(1.144237745222E-17,1.,0.));
#5388 = PLANE('',#5389);
#5389 = AXIS2_PLACEMENT_3D('',#5390,#5391,#5392);
#5390 = CARTESIAN_POINT('',(-0.75,0.7,0.75));
#5391 = DIRECTION('',(0.,0.,1.));
#5392 = DIRECTION('',(-1.,1.144237745222E-17,0.));
#5393 = ADVANCED_FACE('',(#5394),#5405,.F.);
#5394 = FACE_BOUND('',#5395,.F.);
#5395 = EDGE_LOOP('',(#5396,#5402,#5403,#5404));
#5396 = ORIENTED_EDGE('',*,*,#5397,.F.);
#5397 = EDGE_CURVE('',#4883,#5175,#5398,.T.);
#5398 = LINE('',#5399,#5400);
#5399 = CARTESIAN_POINT('',(-0.8,1.2,0.670847817658));
#5400 = VECTOR('',#5401,1.);
#5401 = DIRECTION('',(0.,0.,1.));
#5402 = ORIENTED_EDGE('',*,*,#4882,.T.);
#5403 = ORIENTED_EDGE('',*,*,#5199,.T.);
#5404 = ORIENTED_EDGE('',*,*,#5182,.F.);
#5405 = PLANE('',#5406);
#5406 = AXIS2_PLACEMENT_3D('',#5407,#5408,#5409);
#5407 = CARTESIAN_POINT('',(-0.8,-1.355,0.9));
#5408 = DIRECTION('',(1.,1.110223024625E-16,0.));
#5409 = DIRECTION('',(-1.110223024625E-16,1.,0.));
#5410 = ADVANCED_FACE('',(#5411),#5422,.F.);
#5411 = FACE_BOUND('',#5412,.F.);
#5412 = EDGE_LOOP('',(#5413,#5414,#5415,#5421));
#5413 = ORIENTED_EDGE('',*,*,#5086,.F.);
#5414 = ORIENTED_EDGE('',*,*,#5007,.T.);
#5415 = ORIENTED_EDGE('',*,*,#5416,.T.);
#5416 = EDGE_CURVE('',#5000,#5119,#5417,.T.);
#5417 = LINE('',#5418,#5419);
#5418 = CARTESIAN_POINT('',(0.8,1.2,0.670847817658));
#5419 = VECTOR('',#5420,1.);
#5420 = DIRECTION('',(0.,0.,1.));
#5421 = ORIENTED_EDGE('',*,*,#5118,.F.);
#5422 = PLANE('',#5423);
#5423 = AXIS2_PLACEMENT_3D('',#5424,#5425,#5426);
#5424 = CARTESIAN_POINT('',(0.8,1.355,0.9));
#5425 = DIRECTION('',(-1.,-1.110223024625E-16,0.));
#5426 = DIRECTION('',(1.110223024625E-16,-1.,0.));
#5427 = ADVANCED_FACE('',(#5428),#5453,.F.);
#5428 = FACE_BOUND('',#5429,.F.);
#5429 = EDGE_LOOP('',(#5430,#5438,#5439,#5447));
#5430 = ORIENTED_EDGE('',*,*,#5431,.F.);
#5431 = EDGE_CURVE('',#5000,#5432,#5434,.T.);
#5432 = VERTEX_POINT('',#5433);
#5433 = CARTESIAN_POINT('',(0.85,1.2,0.75));
#5434 = LINE('',#5435,#5436);
#5435 = CARTESIAN_POINT('',(0.75,1.2,0.75));
#5436 = VECTOR('',#5437,1.);
#5437 = DIRECTION('',(1.,1.110223024625E-16,0.));
#5438 = ORIENTED_EDGE('',*,*,#4999,.T.);
#5439 = ORIENTED_EDGE('',*,*,#5440,.T.);
#5440 = EDGE_CURVE('',#4992,#5441,#5443,.T.);
#5441 = VERTEX_POINT('',#5442);
#5442 = CARTESIAN_POINT('',(0.85,0.7,0.75));
#5443 = LINE('',#5444,#5445);
#5444 = CARTESIAN_POINT('',(0.75,0.7,0.75));
#5445 = VECTOR('',#5446,1.);
#5446 = DIRECTION('',(1.,1.110223024625E-16,0.));
#5447 = ORIENTED_EDGE('',*,*,#5448,.F.);
#5448 = EDGE_CURVE('',#5432,#5441,#5449,.T.);
#5449 = LINE('',#5450,#5451);
#5450 = CARTESIAN_POINT('',(0.85,1.2,0.75));
#5451 = VECTOR('',#5452,1.);
#5452 = DIRECTION('',(1.110223024625E-16,-1.,0.));
#5453 = PLANE('',#5454);
#5454 = AXIS2_PLACEMENT_3D('',#5455,#5456,#5457);
#5455 = CARTESIAN_POINT('',(0.75,1.2,0.75));
#5456 = DIRECTION('',(0.,0.,1.));
#5457 = DIRECTION('',(1.,1.110223024625E-16,-0.));
#5458 = ADVANCED_FACE('',(#5459),#5484,.F.);
#5459 = FACE_BOUND('',#5460,.F.);
#5460 = EDGE_LOOP('',(#5461,#5469,#5470,#5478));
#5461 = ORIENTED_EDGE('',*,*,#5462,.F.);
#5462 = EDGE_CURVE('',#4992,#5463,#5465,.T.);
#5463 = VERTEX_POINT('',#5464);
#5464 = CARTESIAN_POINT('',(0.8,0.7,0.9));
#5465 = LINE('',#5466,#5467);
#5466 = CARTESIAN_POINT('',(0.8,0.7,0.670847817658));
#5467 = VECTOR('',#5468,1.);
#5468 = DIRECTION('',(0.,0.,1.));
#5469 = ORIENTED_EDGE('',*,*,#4991,.T.);
#5470 = ORIENTED_EDGE('',*,*,#5471,.T.);
#5471 = EDGE_CURVE('',#4984,#5472,#5474,.T.);
#5472 = VERTEX_POINT('',#5473);
#5473 = CARTESIAN_POINT('',(0.8,0.25,0.9));
#5474 = LINE('',#5475,#5476);
#5475 = CARTESIAN_POINT('',(0.8,0.25,0.670847817658));
#5476 = VECTOR('',#5477,1.);
#5477 = DIRECTION('',(0.,0.,1.));
#5478 = ORIENTED_EDGE('',*,*,#5479,.F.);
#5479 = EDGE_CURVE('',#5463,#5472,#5480,.T.);
#5480 = LINE('',#5481,#5482);
#5481 = CARTESIAN_POINT('',(0.8,1.355,0.9));
#5482 = VECTOR('',#5483,1.);
#5483 = DIRECTION('',(1.110223024625E-16,-1.,0.));
#5484 = PLANE('',#5485);
#5485 = AXIS2_PLACEMENT_3D('',#5486,#5487,#5488);
#5486 = CARTESIAN_POINT('',(0.8,1.355,0.9));
#5487 = DIRECTION('',(-1.,-1.110223024625E-16,0.));
#5488 = DIRECTION('',(1.110223024625E-16,-1.,0.));
#5489 = ADVANCED_FACE('',(#5490),#5515,.F.);
#5490 = FACE_BOUND('',#5491,.F.);
#5491 = EDGE_LOOP('',(#5492,#5500,#5501,#5509));
#5492 = ORIENTED_EDGE('',*,*,#5493,.F.);
#5493 = EDGE_CURVE('',#4984,#5494,#5496,.T.);
#5494 = VERTEX_POINT('',#5495);
#5495 = CARTESIAN_POINT('',(0.85,0.25,0.75));
#5496 = LINE('',#5497,#5498);
#5497 = CARTESIAN_POINT('',(0.75,0.25,0.75));
#5498 = VECTOR('',#5499,1.);
#5499 = DIRECTION('',(1.,1.110223024625E-16,0.));
#5500 = ORIENTED_EDGE('',*,*,#4983,.T.);
#5501 = ORIENTED_EDGE('',*,*,#5502,.T.);
#5502 = EDGE_CURVE('',#4976,#5503,#5505,.T.);
#5503 = VERTEX_POINT('',#5504);
#5504 = CARTESIAN_POINT('',(0.85,-0.25,0.75));
#5505 = LINE('',#5506,#5507);
#5506 = CARTESIAN_POINT('',(0.75,-0.25,0.75));
#5507 = VECTOR('',#5508,1.);
#5508 = DIRECTION('',(1.,1.110223024625E-16,0.));
#5509 = ORIENTED_EDGE('',*,*,#5510,.F.);
#5510 = EDGE_CURVE('',#5494,#5503,#5511,.T.);
#5511 = LINE('',#5512,#5513);
#5512 = CARTESIAN_POINT('',(0.85,0.25,0.75));
#5513 = VECTOR('',#5514,1.);
#5514 = DIRECTION('',(1.110223024625E-16,-1.,0.));
#5515 = PLANE('',#5516);
#5516 = AXIS2_PLACEMENT_3D('',#5517,#5518,#5519);
#5517 = CARTESIAN_POINT('',(0.75,0.25,0.75));
#5518 = DIRECTION('',(0.,0.,1.));
#5519 = DIRECTION('',(1.,1.110223024625E-16,-0.));
#5520 = ADVANCED_FACE('',(#5521),#5546,.F.);
#5521 = FACE_BOUND('',#5522,.F.);
#5522 = EDGE_LOOP('',(#5523,#5531,#5532,#5540));
#5523 = ORIENTED_EDGE('',*,*,#5524,.F.);
#5524 = EDGE_CURVE('',#4976,#5525,#5527,.T.);
#5525 = VERTEX_POINT('',#5526);
#5526 = CARTESIAN_POINT('',(0.8,-0.25,0.9));
#5527 = LINE('',#5528,#5529);
#5528 = CARTESIAN_POINT('',(0.8,-0.25,0.670847817658));
#5529 = VECTOR('',#5530,1.);
#5530 = DIRECTION('',(0.,0.,1.));
#5531 = ORIENTED_EDGE('',*,*,#4975,.T.);
#5532 = ORIENTED_EDGE('',*,*,#5533,.T.);
#5533 = EDGE_CURVE('',#4968,#5534,#5536,.T.);
#5534 = VERTEX_POINT('',#5535);
#5535 = CARTESIAN_POINT('',(0.8,-0.7,0.9));
#5536 = LINE('',#5537,#5538);
#5537 = CARTESIAN_POINT('',(0.8,-0.7,0.670847817658));
#5538 = VECTOR('',#5539,1.);
#5539 = DIRECTION('',(0.,0.,1.));
#5540 = ORIENTED_EDGE('',*,*,#5541,.F.);
#5541 = EDGE_CURVE('',#5525,#5534,#5542,.T.);
#5542 = LINE('',#5543,#5544);
#5543 = CARTESIAN_POINT('',(0.8,1.355,0.9));
#5544 = VECTOR('',#5545,1.);
#5545 = DIRECTION('',(1.110223024625E-16,-1.,0.));
#5546 = PLANE('',#5547);
#5547 = AXIS2_PLACEMENT_3D('',#5548,#5549,#5550);
#5548 = CARTESIAN_POINT('',(0.8,1.355,0.9));
#5549 = DIRECTION('',(-1.,-1.110223024625E-16,0.));
#5550 = DIRECTION('',(1.110223024625E-16,-1.,0.));
#5551 = ADVANCED_FACE('',(#5552),#5577,.F.);
#5552 = FACE_BOUND('',#5553,.F.);
#5553 = EDGE_LOOP('',(#5554,#5562,#5563,#5571));
#5554 = ORIENTED_EDGE('',*,*,#5555,.F.);
#5555 = EDGE_CURVE('',#4968,#5556,#5558,.T.);
#5556 = VERTEX_POINT('',#5557);
#5557 = CARTESIAN_POINT('',(0.85,-0.7,0.75));
#5558 = LINE('',#5559,#5560);
#5559 = CARTESIAN_POINT('',(0.75,-0.7,0.75));
#5560 = VECTOR('',#5561,1.);
#5561 = DIRECTION('',(1.,1.110223024625E-16,0.));
#5562 = ORIENTED_EDGE('',*,*,#4967,.T.);
#5563 = ORIENTED_EDGE('',*,*,#5564,.T.);
#5564 = EDGE_CURVE('',#4960,#5565,#5567,.T.);
#5565 = VERTEX_POINT('',#5566);
#5566 = CARTESIAN_POINT('',(0.85,-1.2,0.75));
#5567 = LINE('',#5568,#5569);
#5568 = CARTESIAN_POINT('',(0.75,-1.2,0.75));
#5569 = VECTOR('',#5570,1.);
#5570 = DIRECTION('',(1.,1.110223024625E-16,0.));
#5571 = ORIENTED_EDGE('',*,*,#5572,.F.);
#5572 = EDGE_CURVE('',#5556,#5565,#5573,.T.);
#5573 = LINE('',#5574,#5575);
#5574 = CARTESIAN_POINT('',(0.85,-0.7,0.75));
#5575 = VECTOR('',#5576,1.);
#5576 = DIRECTION('',(1.110223024625E-16,-1.,0.));
#5577 = PLANE('',#5578);
#5578 = AXIS2_PLACEMENT_3D('',#5579,#5580,#5581);
#5579 = CARTESIAN_POINT('',(0.75,-0.7,0.75));
#5580 = DIRECTION('',(0.,0.,1.));
#5581 = DIRECTION('',(1.,1.110223024625E-16,-0.));
#5582 = ADVANCED_FACE('',(#5583),#5607,.F.);
#5583 = FACE_BOUND('',#5584,.F.);
#5584 = EDGE_LOOP('',(#5585,#5593,#5594,#5601));
#5585 = ORIENTED_EDGE('',*,*,#5586,.F.);
#5586 = EDGE_CURVE('',#4960,#5587,#5589,.T.);
#5587 = VERTEX_POINT('',#5588);
#5588 = CARTESIAN_POINT('',(0.8,-1.2,0.9));
#5589 = LINE('',#5590,#5591);
#5590 = CARTESIAN_POINT('',(0.8,-1.2,0.670847817658));
#5591 = VECTOR('',#5592,1.);
#5592 = DIRECTION('',(0.,0.,1.));
#5593 = ORIENTED_EDGE('',*,*,#4959,.T.);
#5594 = ORIENTED_EDGE('',*,*,#5595,.T.);
#5595 = EDGE_CURVE('',#4953,#5596,#5598,.T.);
#5596 = VERTEX_POINT('',#5597);
#5597 = CARTESIAN_POINT('',(0.8,-1.355,0.9));
#5598 = B_SPLINE_CURVE_WITH_KNOTS('',1,(#5599,#5600),.UNSPECIFIED.,.F.,
  .F.,(2,2),(0.,1.),.PIECEWISE_BEZIER_KNOTS.);
#5599 = CARTESIAN_POINT('',(0.8,-1.355,0.75));
#5600 = CARTESIAN_POINT('',(0.8,-1.355,0.9));
#5601 = ORIENTED_EDGE('',*,*,#5602,.F.);
#5602 = EDGE_CURVE('',#5587,#5596,#5603,.T.);
#5603 = LINE('',#5604,#5605);
#5604 = CARTESIAN_POINT('',(0.8,1.355,0.9));
#5605 = VECTOR('',#5606,1.);
#5606 = DIRECTION('',(1.110223024625E-16,-1.,0.));
#5607 = PLANE('',#5608);
#5608 = AXIS2_PLACEMENT_3D('',#5609,#5610,#5611);
#5609 = CARTESIAN_POINT('',(0.8,1.355,0.9));
#5610 = DIRECTION('',(-1.,-1.110223024625E-16,0.));
#5611 = DIRECTION('',(1.110223024625E-16,-1.,0.));
#5612 = ADVANCED_FACE('',(#5613),#5630,.F.);
#5613 = FACE_BOUND('',#5614,.F.);
#5614 = EDGE_LOOP('',(#5615,#5616,#5617,#5625));
#5615 = ORIENTED_EDGE('',*,*,#5024,.T.);
#5616 = ORIENTED_EDGE('',*,*,#5212,.T.);
#5617 = ORIENTED_EDGE('',*,*,#5618,.F.);
#5618 = EDGE_CURVE('',#5619,#5213,#5621,.T.);
#5619 = VERTEX_POINT('',#5620);
#5620 = CARTESIAN_POINT('',(-0.705,-1.45,0.9));
#5621 = LINE('',#5622,#5623);
#5622 = CARTESIAN_POINT('',(-0.705,-1.45,0.9));
#5623 = VECTOR('',#5624,1.);
#5624 = DIRECTION('',(-0.707106781187,0.707106781187,0.));
#5625 = ORIENTED_EDGE('',*,*,#5626,.F.);
#5626 = EDGE_CURVE('',#5025,#5619,#5627,.T.);
#5627 = B_SPLINE_CURVE_WITH_KNOTS('',1,(#5628,#5629),.UNSPECIFIED.,.F.,
  .F.,(2,2),(0.,1.),.PIECEWISE_BEZIER_KNOTS.);
#5628 = CARTESIAN_POINT('',(-0.705,-1.45,0.75));
#5629 = CARTESIAN_POINT('',(-0.705,-1.45,0.9));
#5630 = PLANE('',#5631);
#5631 = AXIS2_PLACEMENT_3D('',#5632,#5633,#5634);
#5632 = CARTESIAN_POINT('',(-0.705,-1.45,0.9));
#5633 = DIRECTION('',(0.707106781187,0.707106781187,0.));
#5634 = DIRECTION('',(-0.707106781187,0.707106781187,0.));
#5635 = ADVANCED_FACE('',(#5636),#5653,.F.);
#5636 = FACE_BOUND('',#5637,.F.);
#5637 = EDGE_LOOP('',(#5638,#5639,#5646,#5652));
#5638 = ORIENTED_EDGE('',*,*,#5053,.T.);
#5639 = ORIENTED_EDGE('',*,*,#5640,.T.);
#5640 = EDGE_CURVE('',#5047,#5641,#5643,.T.);
#5641 = VERTEX_POINT('',#5642);
#5642 = CARTESIAN_POINT('',(0.705,-1.45,0.9));
#5643 = B_SPLINE_CURVE_WITH_KNOTS('',1,(#5644,#5645),.UNSPECIFIED.,.F.,
  .F.,(2,2),(0.,1.),.PIECEWISE_BEZIER_KNOTS.);
#5644 = CARTESIAN_POINT('',(0.705,-1.45,0.75));
#5645 = CARTESIAN_POINT('',(0.705,-1.45,0.9));
#5646 = ORIENTED_EDGE('',*,*,#5647,.F.);
#5647 = EDGE_CURVE('',#5596,#5641,#5648,.T.);
#5648 = LINE('',#5649,#5650);
#5649 = CARTESIAN_POINT('',(0.8,-1.355,0.9));
#5650 = VECTOR('',#5651,1.);
#5651 = DIRECTION('',(-0.707106781187,-0.707106781187,0.));
#5652 = ORIENTED_EDGE('',*,*,#5595,.F.);
#5653 = PLANE('',#5654);
#5654 = AXIS2_PLACEMENT_3D('',#5655,#5656,#5657);
#5655 = CARTESIAN_POINT('',(0.8,-1.355,0.9));
#5656 = DIRECTION('',(-0.707106781187,0.707106781187,0.));
#5657 = DIRECTION('',(-0.707106781187,-0.707106781187,0.));
#5658 = ADVANCED_FACE('',(#5659),#5670,.F.);
#5659 = FACE_BOUND('',#5660,.F.);
#5660 = EDGE_LOOP('',(#5661,#5662,#5663,#5669));
#5661 = ORIENTED_EDGE('',*,*,#5070,.T.);
#5662 = ORIENTED_EDGE('',*,*,#5626,.T.);
#5663 = ORIENTED_EDGE('',*,*,#5664,.F.);
#5664 = EDGE_CURVE('',#5641,#5619,#5665,.T.);
#5665 = LINE('',#5666,#5667);
#5666 = CARTESIAN_POINT('',(0.705,-1.45,0.9));
#5667 = VECTOR('',#5668,1.);
#5668 = DIRECTION('',(-1.,-1.110223024625E-16,0.));
#5669 = ORIENTED_EDGE('',*,*,#5640,.F.);
#5670 = PLANE('',#5671);
#5671 = AXIS2_PLACEMENT_3D('',#5672,#5673,#5674);
#5672 = CARTESIAN_POINT('',(0.705,-1.45,0.9));
#5673 = DIRECTION('',(-1.110223024625E-16,1.,0.));
#5674 = DIRECTION('',(-1.,-1.110223024625E-16,0.));
#5675 = ADVANCED_FACE('',(#5676),#5715,.F.);
#5676 = FACE_BOUND('',#5677,.F.);
#5677 = EDGE_LOOP('',(#5678,#5686,#5694,#5700,#5701,#5709));
#5678 = ORIENTED_EDGE('',*,*,#5679,.F.);
#5679 = EDGE_CURVE('',#5680,#5345,#5682,.T.);
#5680 = VERTEX_POINT('',#5681);
#5681 = CARTESIAN_POINT('',(-0.85,0.7,0.9));
#5682 = LINE('',#5683,#5684);
#5683 = CARTESIAN_POINT('',(-0.85,0.7,0.9));
#5684 = VECTOR('',#5685,1.);
#5685 = DIRECTION('',(1.,-1.144237745222E-17,0.));
#5686 = ORIENTED_EDGE('',*,*,#5687,.T.);
#5687 = EDGE_CURVE('',#5680,#5688,#5690,.T.);
#5688 = VERTEX_POINT('',#5689);
#5689 = CARTESIAN_POINT('',(-0.85,1.2,0.9));
#5690 = LINE('',#5691,#5692);
#5691 = CARTESIAN_POINT('',(-0.85,0.7,0.9));
#5692 = VECTOR('',#5693,1.);
#5693 = DIRECTION('',(1.144237745222E-17,1.,0.));
#5694 = ORIENTED_EDGE('',*,*,#5695,.T.);
#5695 = EDGE_CURVE('',#5688,#5175,#5696,.T.);
#5696 = LINE('',#5697,#5698);
#5697 = CARTESIAN_POINT('',(-0.85,1.2,0.9));
#5698 = VECTOR('',#5699,1.);
#5699 = DIRECTION('',(1.,-1.144237745222E-17,0.));
#5700 = ORIENTED_EDGE('',*,*,#5174,.T.);
#5701 = ORIENTED_EDGE('',*,*,#5702,.F.);
#5702 = EDGE_CURVE('',#5703,#5167,#5705,.T.);
#5703 = VERTEX_POINT('',#5704);
#5704 = CARTESIAN_POINT('',(-0.775,0.7,0.9));
#5705 = LINE('',#5706,#5707);
#5706 = CARTESIAN_POINT('',(-0.775,-1.3425,0.9));
#5707 = VECTOR('',#5708,1.);
#5708 = DIRECTION('',(-1.110223024625E-16,1.,0.));
#5709 = ORIENTED_EDGE('',*,*,#5710,.F.);
#5710 = EDGE_CURVE('',#5345,#5703,#5711,.T.);
#5711 = LINE('',#5712,#5713);
#5712 = CARTESIAN_POINT('',(-0.85,0.7,0.9));
#5713 = VECTOR('',#5714,1.);
#5714 = DIRECTION('',(1.,-1.144237745222E-17,0.));
#5715 = PLANE('',#5716);
#5716 = AXIS2_PLACEMENT_3D('',#5717,#5718,#5719);
#5717 = CARTESIAN_POINT('',(-0.85,0.7,0.9));
#5718 = DIRECTION('',(0.,0.,-1.));
#5719 = DIRECTION('',(1.,-1.144237745222E-17,0.));
#5720 = ADVANCED_FACE('',(#5721),#5785,.F.);
#5721 = FACE_BOUND('',#5722,.F.);
#5722 = EDGE_LOOP('',(#5723,#5733,#5741,#5749,#5757,#5763,#5764,#5765,
    #5772,#5780));
#5723 = ORIENTED_EDGE('',*,*,#5724,.T.);
#5724 = EDGE_CURVE('',#5725,#5727,#5729,.T.);
#5725 = VERTEX_POINT('',#5726);
#5726 = CARTESIAN_POINT('',(-0.775,-1.3425,0.9));
#5727 = VERTEX_POINT('',#5728);
#5728 = CARTESIAN_POINT('',(-0.775,-1.2,0.9));
#5729 = LINE('',#5730,#5731);
#5730 = CARTESIAN_POINT('',(-0.775,-1.3425,0.9));
#5731 = VECTOR('',#5732,1.);
#5732 = DIRECTION('',(-1.110223024625E-16,1.,0.));
#5733 = ORIENTED_EDGE('',*,*,#5734,.T.);
#5734 = EDGE_CURVE('',#5727,#5735,#5737,.T.);
#5735 = VERTEX_POINT('',#5736);
#5736 = CARTESIAN_POINT('',(-0.775,-0.7,0.9));
#5737 = LINE('',#5738,#5739);
#5738 = CARTESIAN_POINT('',(-0.775,-1.3425,0.9));
#5739 = VECTOR('',#5740,1.);
#5740 = DIRECTION('',(-1.110223024625E-16,1.,0.));
#5741 = ORIENTED_EDGE('',*,*,#5742,.T.);
#5742 = EDGE_CURVE('',#5735,#5743,#5745,.T.);
#5743 = VERTEX_POINT('',#5744);
#5744 = CARTESIAN_POINT('',(-0.775,-0.25,0.9));
#5745 = LINE('',#5746,#5747);
#5746 = CARTESIAN_POINT('',(-0.775,-1.3425,0.9));
#5747 = VECTOR('',#5748,1.);
#5748 = DIRECTION('',(-1.110223024625E-16,1.,0.));
#5749 = ORIENTED_EDGE('',*,*,#5750,.T.);
#5750 = EDGE_CURVE('',#5743,#5751,#5753,.T.);
#5751 = VERTEX_POINT('',#5752);
#5752 = CARTESIAN_POINT('',(-0.775,0.25,0.9));
#5753 = LINE('',#5754,#5755);
#5754 = CARTESIAN_POINT('',(-0.775,-1.3425,0.9));
#5755 = VECTOR('',#5756,1.);
#5756 = DIRECTION('',(-1.110223024625E-16,1.,0.));
#5757 = ORIENTED_EDGE('',*,*,#5758,.T.);
#5758 = EDGE_CURVE('',#5751,#5703,#5759,.T.);
#5759 = LINE('',#5760,#5761);
#5760 = CARTESIAN_POINT('',(-0.775,-1.3425,0.9));
#5761 = VECTOR('',#5762,1.);
#5762 = DIRECTION('',(-1.110223024625E-16,1.,0.));
#5763 = ORIENTED_EDGE('',*,*,#5702,.T.);
#5764 = ORIENTED_EDGE('',*,*,#5166,.T.);
#5765 = ORIENTED_EDGE('',*,*,#5766,.T.);
#5766 = EDGE_CURVE('',#5159,#5767,#5769,.T.);
#5767 = VERTEX_POINT('',#5768);
#5768 = CARTESIAN_POINT('',(-0.683648457443,1.296824228722,1.55));
#5769 = B_SPLINE_CURVE_WITH_KNOTS('',1,(#5770,#5771),.UNSPECIFIED.,.F.,
  .F.,(2,2),(0.,1.),.PIECEWISE_BEZIER_KNOTS.);
#5770 = CARTESIAN_POINT('',(-0.775,1.3425,0.9));
#5771 = CARTESIAN_POINT('',(-0.683648457443,1.296824228722,1.55));
#5772 = ORIENTED_EDGE('',*,*,#5773,.F.);
#5773 = EDGE_CURVE('',#5774,#5767,#5776,.T.);
#5774 = VERTEX_POINT('',#5775);
#5775 = CARTESIAN_POINT('',(-0.683648457443,-1.296824228722,1.55));
#5776 = LINE('',#5777,#5778);
#5777 = CARTESIAN_POINT('',(-0.683648457443,-1.296824228722,1.55));
#5778 = VECTOR('',#5779,1.);
#5779 = DIRECTION('',(-1.110223024625E-16,1.,0.));
#5780 = ORIENTED_EDGE('',*,*,#5781,.F.);
#5781 = EDGE_CURVE('',#5725,#5774,#5782,.T.);
#5782 = B_SPLINE_CURVE_WITH_KNOTS('',1,(#5783,#5784),.UNSPECIFIED.,.F.,
  .F.,(2,2),(0.,1.),.PIECEWISE_BEZIER_KNOTS.);
#5783 = CARTESIAN_POINT('',(-0.775,-1.3425,0.9));
#5784 = CARTESIAN_POINT('',(-0.683648457443,-1.296824228722,1.55));
#5785 = B_SPLINE_SURFACE_WITH_KNOTS('',1,1,(
    (#5786,#5787)
    ,(#5788,#5789
    )),.UNSPECIFIED.,.F.,.F.,.F.,(2,2),(2,2),(0.,2.685),(0.,1.),
  .PIECEWISE_BEZIER_KNOTS.);
#5786 = CARTESIAN_POINT('',(-0.775,-1.3425,0.9));
#5787 = CARTESIAN_POINT('',(-0.683648457443,-1.296824228722,1.55));
#5788 = CARTESIAN_POINT('',(-0.775,1.3425,0.9));
#5789 = CARTESIAN_POINT('',(-0.683648457443,1.296824228722,1.55));
#5790 = ADVANCED_FACE('',(#5791),#5808,.F.);
#5791 = FACE_BOUND('',#5792,.F.);
#5792 = EDGE_LOOP('',(#5793,#5794,#5801,#5807));
#5793 = ORIENTED_EDGE('',*,*,#5158,.T.);
#5794 = ORIENTED_EDGE('',*,*,#5795,.T.);
#5795 = EDGE_CURVE('',#5151,#5796,#5798,.T.);
#5796 = VERTEX_POINT('',#5797);
#5797 = CARTESIAN_POINT('',(-0.646824228722,1.333648457443,1.55));
#5798 = B_SPLINE_CURVE_WITH_KNOTS('',1,(#5799,#5800),.UNSPECIFIED.,.F.,
  .F.,(2,2),(0.,1.),.PIECEWISE_BEZIER_KNOTS.);
#5799 = CARTESIAN_POINT('',(-0.6925,1.425,0.9));
#5800 = CARTESIAN_POINT('',(-0.646824228722,1.333648457443,1.55));
#5801 = ORIENTED_EDGE('',*,*,#5802,.F.);
#5802 = EDGE_CURVE('',#5767,#5796,#5803,.T.);
#5803 = LINE('',#5804,#5805);
#5804 = CARTESIAN_POINT('',(-0.683648457443,1.296824228722,1.55));
#5805 = VECTOR('',#5806,1.);
#5806 = DIRECTION('',(0.707106781187,0.707106781187,0.));
#5807 = ORIENTED_EDGE('',*,*,#5766,.F.);
#5808 = B_SPLINE_SURFACE_WITH_KNOTS('',1,1,(
    (#5809,#5810)
    ,(#5811,#5812
    )),.UNSPECIFIED.,.F.,.F.,.F.,(2,2),(2,2),(0.,0.116672618896),(0.,1.)
  ,.PIECEWISE_BEZIER_KNOTS.);
#5809 = CARTESIAN_POINT('',(-0.775,1.3425,0.9));
#5810 = CARTESIAN_POINT('',(-0.683648457443,1.296824228722,1.55));
#5811 = CARTESIAN_POINT('',(-0.6925,1.425,0.9));
#5812 = CARTESIAN_POINT('',(-0.646824228722,1.333648457443,1.55));
#5813 = ADVANCED_FACE('',(#5814),#5831,.F.);
#5814 = FACE_BOUND('',#5815,.F.);
#5815 = EDGE_LOOP('',(#5816,#5817,#5824,#5830));
#5816 = ORIENTED_EDGE('',*,*,#5150,.T.);
#5817 = ORIENTED_EDGE('',*,*,#5818,.T.);
#5818 = EDGE_CURVE('',#5143,#5819,#5821,.T.);
#5819 = VERTEX_POINT('',#5820);
#5820 = CARTESIAN_POINT('',(0.646824228722,1.333648457443,1.55));
#5821 = B_SPLINE_CURVE_WITH_KNOTS('',1,(#5822,#5823),.UNSPECIFIED.,.F.,
  .F.,(2,2),(0.,1.),.PIECEWISE_BEZIER_KNOTS.);
#5822 = CARTESIAN_POINT('',(0.6925,1.425,0.9));
#5823 = CARTESIAN_POINT('',(0.646824228722,1.333648457443,1.55));
#5824 = ORIENTED_EDGE('',*,*,#5825,.F.);
#5825 = EDGE_CURVE('',#5796,#5819,#5826,.T.);
#5826 = LINE('',#5827,#5828);
#5827 = CARTESIAN_POINT('',(-0.646824228722,1.333648457443,1.55));
#5828 = VECTOR('',#5829,1.);
#5829 = DIRECTION('',(1.,1.110223024625E-16,0.));
#5830 = ORIENTED_EDGE('',*,*,#5795,.F.);
#5831 = B_SPLINE_SURFACE_WITH_KNOTS('',1,1,(
    (#5832,#5833)
    ,(#5834,#5835
    )),.UNSPECIFIED.,.F.,.F.,.F.,(2,2),(2,2),(0.,1.385),(0.,1.),
  .PIECEWISE_BEZIER_KNOTS.);
#5832 = CARTESIAN_POINT('',(-0.6925,1.425,0.9));
#5833 = CARTESIAN_POINT('',(-0.646824228722,1.333648457443,1.55));
#5834 = CARTESIAN_POINT('',(0.6925,1.425,0.9));
#5835 = CARTESIAN_POINT('',(0.646824228722,1.333648457443,1.55));
#5836 = ADVANCED_FACE('',(#5837),#5854,.F.);
#5837 = FACE_BOUND('',#5838,.F.);
#5838 = EDGE_LOOP('',(#5839,#5840,#5847,#5853));
#5839 = ORIENTED_EDGE('',*,*,#5142,.T.);
#5840 = ORIENTED_EDGE('',*,*,#5841,.T.);
#5841 = EDGE_CURVE('',#5135,#5842,#5844,.T.);
#5842 = VERTEX_POINT('',#5843);
#5843 = CARTESIAN_POINT('',(0.683648457443,1.296824228722,1.55));
#5844 = B_SPLINE_CURVE_WITH_KNOTS('',1,(#5845,#5846),.UNSPECIFIED.,.F.,
  .F.,(2,2),(0.,1.),.PIECEWISE_BEZIER_KNOTS.);
#5845 = CARTESIAN_POINT('',(0.775,1.3425,0.9));
#5846 = CARTESIAN_POINT('',(0.683648457443,1.296824228722,1.55));
#5847 = ORIENTED_EDGE('',*,*,#5848,.F.);
#5848 = EDGE_CURVE('',#5819,#5842,#5849,.T.);
#5849 = LINE('',#5850,#5851);
#5850 = CARTESIAN_POINT('',(0.646824228722,1.333648457443,1.55));
#5851 = VECTOR('',#5852,1.);
#5852 = DIRECTION('',(0.707106781187,-0.707106781187,0.));
#5853 = ORIENTED_EDGE('',*,*,#5818,.F.);
#5854 = B_SPLINE_SURFACE_WITH_KNOTS('',1,1,(
    (#5855,#5856)
    ,(#5857,#5858
    )),.UNSPECIFIED.,.F.,.F.,.F.,(2,2),(2,2),(0.,0.116672618896),(0.,1.)
  ,.PIECEWISE_BEZIER_KNOTS.);
#5855 = CARTESIAN_POINT('',(0.6925,1.425,0.9));
#5856 = CARTESIAN_POINT('',(0.646824228722,1.333648457443,1.55));
#5857 = CARTESIAN_POINT('',(0.775,1.3425,0.9));
#5858 = CARTESIAN_POINT('',(0.683648457443,1.296824228722,1.55));
#5859 = ADVANCED_FACE('',(#5860),#5925,.F.);
#5860 = FACE_BOUND('',#5861,.F.);
#5861 = EDGE_LOOP('',(#5862,#5863,#5871,#5879,#5887,#5895,#5903,#5911,
    #5918,#5924));
#5862 = ORIENTED_EDGE('',*,*,#5134,.T.);
#5863 = ORIENTED_EDGE('',*,*,#5864,.T.);
#5864 = EDGE_CURVE('',#5127,#5865,#5867,.T.);
#5865 = VERTEX_POINT('',#5866);
#5866 = CARTESIAN_POINT('',(0.775,0.7,0.9));
#5867 = LINE('',#5868,#5869);
#5868 = CARTESIAN_POINT('',(0.775,1.3425,0.9));
#5869 = VECTOR('',#5870,1.);
#5870 = DIRECTION('',(1.110223024625E-16,-1.,0.));
#5871 = ORIENTED_EDGE('',*,*,#5872,.T.);
#5872 = EDGE_CURVE('',#5865,#5873,#5875,.T.);
#5873 = VERTEX_POINT('',#5874);
#5874 = CARTESIAN_POINT('',(0.775,0.25,0.9));
#5875 = LINE('',#5876,#5877);
#5876 = CARTESIAN_POINT('',(0.775,1.3425,0.9));
#5877 = VECTOR('',#5878,1.);
#5878 = DIRECTION('',(1.110223024625E-16,-1.,0.));
#5879 = ORIENTED_EDGE('',*,*,#5880,.T.);
#5880 = EDGE_CURVE('',#5873,#5881,#5883,.T.);
#5881 = VERTEX_POINT('',#5882);
#5882 = CARTESIAN_POINT('',(0.775,-0.25,0.9));
#5883 = LINE('',#5884,#5885);
#5884 = CARTESIAN_POINT('',(0.775,1.3425,0.9));
#5885 = VECTOR('',#5886,1.);
#5886 = DIRECTION('',(1.110223024625E-16,-1.,0.));
#5887 = ORIENTED_EDGE('',*,*,#5888,.T.);
#5888 = EDGE_CURVE('',#5881,#5889,#5891,.T.);
#5889 = VERTEX_POINT('',#5890);
#5890 = CARTESIAN_POINT('',(0.775,-0.7,0.9));
#5891 = LINE('',#5892,#5893);
#5892 = CARTESIAN_POINT('',(0.775,1.3425,0.9));
#5893 = VECTOR('',#5894,1.);
#5894 = DIRECTION('',(1.110223024625E-16,-1.,0.));
#5895 = ORIENTED_EDGE('',*,*,#5896,.T.);
#5896 = EDGE_CURVE('',#5889,#5897,#5899,.T.);
#5897 = VERTEX_POINT('',#5898);
#5898 = CARTESIAN_POINT('',(0.775,-1.2,0.9));
#5899 = LINE('',#5900,#5901);
#5900 = CARTESIAN_POINT('',(0.775,1.3425,0.9));
#5901 = VECTOR('',#5902,1.);
#5902 = DIRECTION('',(1.110223024625E-16,-1.,0.));
#5903 = ORIENTED_EDGE('',*,*,#5904,.T.);
#5904 = EDGE_CURVE('',#5897,#5905,#5907,.T.);
#5905 = VERTEX_POINT('',#5906);
#5906 = CARTESIAN_POINT('',(0.775,-1.3425,0.9));
#5907 = LINE('',#5908,#5909);
#5908 = CARTESIAN_POINT('',(0.775,1.3425,0.9));
#5909 = VECTOR('',#5910,1.);
#5910 = DIRECTION('',(1.110223024625E-16,-1.,0.));
#5911 = ORIENTED_EDGE('',*,*,#5912,.T.);
#5912 = EDGE_CURVE('',#5905,#5913,#5915,.T.);
#5913 = VERTEX_POINT('',#5914);
#5914 = CARTESIAN_POINT('',(0.683648457443,-1.296824228722,1.55));
#5915 = B_SPLINE_CURVE_WITH_KNOTS('',1,(#5916,#5917),.UNSPECIFIED.,.F.,
  .F.,(2,2),(0.,1.),.PIECEWISE_BEZIER_KNOTS.);
#5916 = CARTESIAN_POINT('',(0.775,-1.3425,0.9));
#5917 = CARTESIAN_POINT('',(0.683648457443,-1.296824228722,1.55));
#5918 = ORIENTED_EDGE('',*,*,#5919,.F.);
#5919 = EDGE_CURVE('',#5842,#5913,#5920,.T.);
#5920 = LINE('',#5921,#5922);
#5921 = CARTESIAN_POINT('',(0.683648457443,1.296824228722,1.55));
#5922 = VECTOR('',#5923,1.);
#5923 = DIRECTION('',(1.110223024625E-16,-1.,0.));
#5924 = ORIENTED_EDGE('',*,*,#5841,.F.);
#5925 = B_SPLINE_SURFACE_WITH_KNOTS('',1,1,(
    (#5926,#5927)
    ,(#5928,#5929
    )),.UNSPECIFIED.,.F.,.F.,.F.,(2,2),(2,2),(0.,2.685),(0.,1.),
  .PIECEWISE_BEZIER_KNOTS.);
#5926 = CARTESIAN_POINT('',(0.775,1.3425,0.9));
#5927 = CARTESIAN_POINT('',(0.683648457443,1.296824228722,1.55));
#5928 = CARTESIAN_POINT('',(0.775,-1.3425,0.9));
#5929 = CARTESIAN_POINT('',(0.683648457443,-1.296824228722,1.55));
#5930 = ADVANCED_FACE('',(#5931),#5963,.F.);
#5931 = FACE_BOUND('',#5932,.F.);
#5932 = EDGE_LOOP('',(#5933,#5941,#5949,#5955,#5961,#5962));
#5933 = ORIENTED_EDGE('',*,*,#5934,.F.);
#5934 = EDGE_CURVE('',#5935,#5119,#5937,.T.);
#5935 = VERTEX_POINT('',#5936);
#5936 = CARTESIAN_POINT('',(0.85,1.2,0.9));
#5937 = LINE('',#5938,#5939);
#5938 = CARTESIAN_POINT('',(0.85,1.2,0.9));
#5939 = VECTOR('',#5940,1.);
#5940 = DIRECTION('',(-1.,-1.110223024625E-16,0.));
#5941 = ORIENTED_EDGE('',*,*,#5942,.T.);
#5942 = EDGE_CURVE('',#5935,#5943,#5945,.T.);
#5943 = VERTEX_POINT('',#5944);
#5944 = CARTESIAN_POINT('',(0.85,0.7,0.9));
#5945 = LINE('',#5946,#5947);
#5946 = CARTESIAN_POINT('',(0.85,1.2,0.9));
#5947 = VECTOR('',#5948,1.);
#5948 = DIRECTION('',(1.110223024625E-16,-1.,0.));
#5949 = ORIENTED_EDGE('',*,*,#5950,.T.);
#5950 = EDGE_CURVE('',#5943,#5463,#5951,.T.);
#5951 = LINE('',#5952,#5953);
#5952 = CARTESIAN_POINT('',(0.85,0.7,0.9));
#5953 = VECTOR('',#5954,1.);
#5954 = DIRECTION('',(-1.,-1.110223024625E-16,0.));
#5955 = ORIENTED_EDGE('',*,*,#5956,.T.);
#5956 = EDGE_CURVE('',#5463,#5865,#5957,.T.);
#5957 = LINE('',#5958,#5959);
#5958 = CARTESIAN_POINT('',(0.85,0.7,0.9));
#5959 = VECTOR('',#5960,1.);
#5960 = DIRECTION('',(-1.,-1.110223024625E-16,0.));
#5961 = ORIENTED_EDGE('',*,*,#5864,.F.);
#5962 = ORIENTED_EDGE('',*,*,#5126,.F.);
#5963 = PLANE('',#5964);
#5964 = AXIS2_PLACEMENT_3D('',#5965,#5966,#5967);
#5965 = CARTESIAN_POINT('',(0.85,1.2,0.9));
#5966 = DIRECTION('',(0.,0.,-1.));
#5967 = DIRECTION('',(-1.,-1.110223024625E-16,-0.));
#5968 = ADVANCED_FACE('',(#5969),#6012,.F.);
#5969 = FACE_BOUND('',#5970,.F.);
#5970 = EDGE_LOOP('',(#5971,#5972,#5978,#5979,#5987,#5995,#6001,#6002,
    #6008,#6009,#6010,#6011));
#5971 = ORIENTED_EDGE('',*,*,#5228,.T.);
#5972 = ORIENTED_EDGE('',*,*,#5973,.T.);
#5973 = EDGE_CURVE('',#5221,#5727,#5974,.T.);
#5974 = LINE('',#5975,#5976);
#5975 = CARTESIAN_POINT('',(-0.85,-1.2,0.9));
#5976 = VECTOR('',#5977,1.);
#5977 = DIRECTION('',(1.,-1.144237745222E-17,0.));
#5978 = ORIENTED_EDGE('',*,*,#5724,.F.);
#5979 = ORIENTED_EDGE('',*,*,#5980,.F.);
#5980 = EDGE_CURVE('',#5981,#5725,#5983,.T.);
#5981 = VERTEX_POINT('',#5982);
#5982 = CARTESIAN_POINT('',(-0.6925,-1.425,0.9));
#5983 = LINE('',#5984,#5985);
#5984 = CARTESIAN_POINT('',(-0.6925,-1.425,0.9));
#5985 = VECTOR('',#5986,1.);
#5986 = DIRECTION('',(-0.707106781187,0.707106781187,0.));
#5987 = ORIENTED_EDGE('',*,*,#5988,.F.);
#5988 = EDGE_CURVE('',#5989,#5981,#5991,.T.);
#5989 = VERTEX_POINT('',#5990);
#5990 = CARTESIAN_POINT('',(0.6925,-1.425,0.9));
#5991 = LINE('',#5992,#5993);
#5992 = CARTESIAN_POINT('',(0.6925,-1.425,0.9));
#5993 = VECTOR('',#5994,1.);
#5994 = DIRECTION('',(-1.,-1.110223024625E-16,0.));
#5995 = ORIENTED_EDGE('',*,*,#5996,.F.);
#5996 = EDGE_CURVE('',#5905,#5989,#5997,.T.);
#5997 = LINE('',#5998,#5999);
#5998 = CARTESIAN_POINT('',(0.775,-1.3425,0.9));
#5999 = VECTOR('',#6000,1.);
#6000 = DIRECTION('',(-0.707106781187,-0.707106781187,0.));
#6001 = ORIENTED_EDGE('',*,*,#5904,.F.);
#6002 = ORIENTED_EDGE('',*,*,#6003,.F.);
#6003 = EDGE_CURVE('',#5587,#5897,#6004,.T.);
#6004 = LINE('',#6005,#6006);
#6005 = CARTESIAN_POINT('',(0.85,-1.2,0.9));
#6006 = VECTOR('',#6007,1.);
#6007 = DIRECTION('',(-1.,-1.110223024625E-16,0.));
#6008 = ORIENTED_EDGE('',*,*,#5602,.T.);
#6009 = ORIENTED_EDGE('',*,*,#5647,.T.);
#6010 = ORIENTED_EDGE('',*,*,#5664,.T.);
#6011 = ORIENTED_EDGE('',*,*,#5618,.T.);
#6012 = PLANE('',#6013);
#6013 = AXIS2_PLACEMENT_3D('',#6014,#6015,#6016);
#6014 = CARTESIAN_POINT('',(-2.091417030376E-16,1.4375,0.9));
#6015 = DIRECTION('',(4.595758349624E-18,6.551522493592E-27,-1.));
#6016 = DIRECTION('',(1.,1.51922136901E-16,4.595758349624E-18));
#6017 = ADVANCED_FACE('',(#6018),#6104,.F.);
#6018 = FACE_BOUND('',#6019,.F.);
#6019 = EDGE_LOOP('',(#6020,#6021,#6022,#6031,#6039,#6048,#6056,#6064,
    #6072,#6081,#6089,#6098));
#6020 = ORIENTED_EDGE('',*,*,#5220,.F.);
#6021 = ORIENTED_EDGE('',*,*,#5242,.T.);
#6022 = ORIENTED_EDGE('',*,*,#6023,.T.);
#6023 = EDGE_CURVE('',#5243,#6024,#6026,.T.);
#6024 = VERTEX_POINT('',#6025);
#6025 = CARTESIAN_POINT('',(-0.948480775301,-1.2,0.667364817767));
#6026 = CIRCLE('',#6027,0.1);
#6027 = AXIS2_PLACEMENT_3D('',#6028,#6029,#6030);
#6028 = CARTESIAN_POINT('',(-0.85,-1.2,0.65));
#6029 = DIRECTION('',(-1.144237745222E-17,-1.,0.));
#6030 = DIRECTION('',(0.,0.,1.));
#6031 = ORIENTED_EDGE('',*,*,#6032,.T.);
#6032 = EDGE_CURVE('',#6024,#6033,#6035,.T.);
#6033 = VERTEX_POINT('',#6034);
#6034 = CARTESIAN_POINT('',(-1.02432885403,-1.2,0.206587955583));
#6035 = LINE('',#6036,#6037);
#6036 = CARTESIAN_POINT('',(-0.948480775301,-1.2,0.667364817767));
#6037 = VECTOR('',#6038,1.);
#6038 = DIRECTION('',(-0.162423314012,1.858508865964E-18,-0.986721169868
    ));
#6039 = ORIENTED_EDGE('',*,*,#6040,.T.);
#6040 = EDGE_CURVE('',#6033,#6041,#6043,.T.);
#6041 = VERTEX_POINT('',#6042);
#6042 = CARTESIAN_POINT('',(-1.270530792283,-1.2,0.));
#6043 = CIRCLE('',#6044,0.25);
#6044 = AXIS2_PLACEMENT_3D('',#6045,#6046,#6047);
#6045 = CARTESIAN_POINT('',(-1.270530792283,-1.2,0.25));
#6046 = DIRECTION('',(1.144237745222E-17,1.,1.24725095109E-33));
#6047 = DIRECTION('',(0.984807753012,-1.126854202784E-17,-0.173648177667
    ));
#6048 = ORIENTED_EDGE('',*,*,#6049,.T.);
#6049 = EDGE_CURVE('',#6041,#6050,#6052,.T.);
#6050 = VERTEX_POINT('',#6051);
#6051 = CARTESIAN_POINT('',(-1.4,-1.2,0.));
#6052 = LINE('',#6053,#6054);
#6053 = CARTESIAN_POINT('',(-1.270530792283,-1.2,0.));
#6054 = VECTOR('',#6055,1.);
#6055 = DIRECTION('',(-1.,1.144237745222E-17,0.));
#6056 = ORIENTED_EDGE('',*,*,#6057,.T.);
#6057 = EDGE_CURVE('',#6050,#6058,#6060,.T.);
#6058 = VERTEX_POINT('',#6059);
#6059 = CARTESIAN_POINT('',(-1.4,-1.2,0.15));
#6060 = LINE('',#6061,#6062);
#6061 = CARTESIAN_POINT('',(-1.4,-1.2,0.));
#6062 = VECTOR('',#6063,1.);
#6063 = DIRECTION('',(0.,0.,1.));
#6064 = ORIENTED_EDGE('',*,*,#6065,.T.);
#6065 = EDGE_CURVE('',#6058,#6066,#6068,.T.);
#6066 = VERTEX_POINT('',#6067);
#6067 = CARTESIAN_POINT('',(-1.270530792283,-1.2,0.15));
#6068 = LINE('',#6069,#6070);
#6069 = CARTESIAN_POINT('',(-1.4,-1.2,0.15));
#6070 = VECTOR('',#6071,1.);
#6071 = DIRECTION('',(1.,-1.144237745222E-17,0.));
#6072 = ORIENTED_EDGE('',*,*,#6073,.T.);
#6073 = EDGE_CURVE('',#6066,#6074,#6076,.T.);
#6074 = VERTEX_POINT('',#6075);
#6075 = CARTESIAN_POINT('',(-1.172050016982,-1.2,0.232635182233));
#6076 = CIRCLE('',#6077,0.1);
#6077 = AXIS2_PLACEMENT_3D('',#6078,#6079,#6080);
#6078 = CARTESIAN_POINT('',(-1.270530792283,-1.2,0.25));
#6079 = DIRECTION('',(-1.144237745222E-17,-1.,1.855131475086E-48));
#6080 = DIRECTION('',(-2.22044604925E-15,2.540718180781E-32,-1.));
#6081 = ORIENTED_EDGE('',*,*,#6082,.T.);
#6082 = EDGE_CURVE('',#6074,#6083,#6085,.T.);
#6083 = VERTEX_POINT('',#6084);
#6084 = CARTESIAN_POINT('',(-1.096201938253,-1.2,0.693412044417));
#6085 = LINE('',#6086,#6087);
#6086 = CARTESIAN_POINT('',(-1.172050016982,-1.2,0.232635182233));
#6087 = VECTOR('',#6088,1.);
#6088 = DIRECTION('',(0.162423314012,-1.858508865964E-18,0.986721169868)
  );
#6089 = ORIENTED_EDGE('',*,*,#6090,.T.);
#6090 = EDGE_CURVE('',#6083,#6091,#6093,.T.);
#6091 = VERTEX_POINT('',#6092);
#6092 = CARTESIAN_POINT('',(-0.85,-1.2,0.9));
#6093 = CIRCLE('',#6094,0.25);
#6094 = AXIS2_PLACEMENT_3D('',#6095,#6096,#6097);
#6095 = CARTESIAN_POINT('',(-0.85,-1.2,0.65));
#6096 = DIRECTION('',(1.144237745222E-17,1.,8.679168028915E-34));
#6097 = DIRECTION('',(-0.984807753012,1.126854202784E-17,0.173648177667)
  );
#6098 = ORIENTED_EDGE('',*,*,#6099,.T.);
#6099 = EDGE_CURVE('',#6091,#5221,#6100,.T.);
#6100 = LINE('',#6101,#6102);
#6101 = CARTESIAN_POINT('',(-0.85,-1.2,0.9));
#6102 = VECTOR('',#6103,1.);
#6103 = DIRECTION('',(1.,-1.144237745222E-17,0.));
#6104 = PLANE('',#6105);
#6105 = AXIS2_PLACEMENT_3D('',#6106,#6107,#6108);
#6106 = CARTESIAN_POINT('',(-1.069123385139,-1.2,0.441695635315));
#6107 = DIRECTION('',(1.144237745222E-17,1.,0.));
#6108 = DIRECTION('',(0.,-0.,1.));
#6109 = ADVANCED_FACE('',(#6110),#6129,.F.);
#6110 = FACE_BOUND('',#6111,.F.);
#6111 = EDGE_LOOP('',(#6112,#6113,#6122,#6128));
#6112 = ORIENTED_EDGE('',*,*,#5259,.T.);
#6113 = ORIENTED_EDGE('',*,*,#6114,.T.);
#6114 = EDGE_CURVE('',#5252,#6115,#6117,.T.);
#6115 = VERTEX_POINT('',#6116);
#6116 = CARTESIAN_POINT('',(-0.948480775301,-0.7,0.667364817767));
#6117 = CIRCLE('',#6118,0.1);
#6118 = AXIS2_PLACEMENT_3D('',#6119,#6120,#6121);
#6119 = CARTESIAN_POINT('',(-0.85,-0.7,0.65));
#6120 = DIRECTION('',(-1.144237745222E-17,-1.,0.));
#6121 = DIRECTION('',(0.,0.,1.));
#6122 = ORIENTED_EDGE('',*,*,#6123,.F.);
#6123 = EDGE_CURVE('',#6024,#6115,#6124,.T.);
#6124 = LINE('',#6125,#6126);
#6125 = CARTESIAN_POINT('',(-0.948480775301,-1.2,0.667364817767));
#6126 = VECTOR('',#6127,1.);
#6127 = DIRECTION('',(1.144237745222E-17,1.,0.));
#6128 = ORIENTED_EDGE('',*,*,#6023,.F.);
#6129 = CYLINDRICAL_SURFACE('',#6130,0.1);
#6130 = AXIS2_PLACEMENT_3D('',#6131,#6132,#6133);
#6131 = CARTESIAN_POINT('',(-0.85,-1.2,0.65));
#6132 = DIRECTION('',(-1.144237745222E-17,-1.,0.));
#6133 = DIRECTION('',(0.,0.,1.));
#6134 = ADVANCED_FACE('',(#6135),#6213,.T.);
#6135 = FACE_BOUND('',#6136,.T.);
#6136 = EDGE_LOOP('',(#6137,#6138,#6139,#6140,#6148,#6157,#6165,#6173,
    #6181,#6190,#6198,#6207));
#6137 = ORIENTED_EDGE('',*,*,#5273,.F.);
#6138 = ORIENTED_EDGE('',*,*,#5251,.T.);
#6139 = ORIENTED_EDGE('',*,*,#6114,.T.);
#6140 = ORIENTED_EDGE('',*,*,#6141,.T.);
#6141 = EDGE_CURVE('',#6115,#6142,#6144,.T.);
#6142 = VERTEX_POINT('',#6143);
#6143 = CARTESIAN_POINT('',(-1.02432885403,-0.7,0.206587955583));
#6144 = LINE('',#6145,#6146);
#6145 = CARTESIAN_POINT('',(-0.948480775301,-0.7,0.667364817767));
#6146 = VECTOR('',#6147,1.);
#6147 = DIRECTION('',(-0.162423314012,1.858508865964E-18,-0.986721169868
    ));
#6148 = ORIENTED_EDGE('',*,*,#6149,.T.);
#6149 = EDGE_CURVE('',#6142,#6150,#6152,.T.);
#6150 = VERTEX_POINT('',#6151);
#6151 = CARTESIAN_POINT('',(-1.270530792283,-0.7,0.));
#6152 = CIRCLE('',#6153,0.25);
#6153 = AXIS2_PLACEMENT_3D('',#6154,#6155,#6156);
#6154 = CARTESIAN_POINT('',(-1.270530792283,-0.7,0.25));
#6155 = DIRECTION('',(1.144237745222E-17,1.,1.24725095109E-33));
#6156 = DIRECTION('',(0.984807753012,-1.126854202784E-17,-0.173648177667
    ));
#6157 = ORIENTED_EDGE('',*,*,#6158,.T.);
#6158 = EDGE_CURVE('',#6150,#6159,#6161,.T.);
#6159 = VERTEX_POINT('',#6160);
#6160 = CARTESIAN_POINT('',(-1.4,-0.7,0.));
#6161 = LINE('',#6162,#6163);
#6162 = CARTESIAN_POINT('',(-1.270530792283,-0.7,0.));
#6163 = VECTOR('',#6164,1.);
#6164 = DIRECTION('',(-1.,1.144237745222E-17,0.));
#6165 = ORIENTED_EDGE('',*,*,#6166,.T.);
#6166 = EDGE_CURVE('',#6159,#6167,#6169,.T.);
#6167 = VERTEX_POINT('',#6168);
#6168 = CARTESIAN_POINT('',(-1.4,-0.7,0.15));
#6169 = LINE('',#6170,#6171);
#6170 = CARTESIAN_POINT('',(-1.4,-0.7,0.));
#6171 = VECTOR('',#6172,1.);
#6172 = DIRECTION('',(0.,0.,1.));
#6173 = ORIENTED_EDGE('',*,*,#6174,.T.);
#6174 = EDGE_CURVE('',#6167,#6175,#6177,.T.);
#6175 = VERTEX_POINT('',#6176);
#6176 = CARTESIAN_POINT('',(-1.270530792283,-0.7,0.15));
#6177 = LINE('',#6178,#6179);
#6178 = CARTESIAN_POINT('',(-1.4,-0.7,0.15));
#6179 = VECTOR('',#6180,1.);
#6180 = DIRECTION('',(1.,-1.144237745222E-17,0.));
#6181 = ORIENTED_EDGE('',*,*,#6182,.T.);
#6182 = EDGE_CURVE('',#6175,#6183,#6185,.T.);
#6183 = VERTEX_POINT('',#6184);
#6184 = CARTESIAN_POINT('',(-1.172050016982,-0.7,0.232635182233));
#6185 = CIRCLE('',#6186,0.1);
#6186 = AXIS2_PLACEMENT_3D('',#6187,#6188,#6189);
#6187 = CARTESIAN_POINT('',(-1.270530792283,-0.7,0.25));
#6188 = DIRECTION('',(-1.144237745222E-17,-1.,1.855131475086E-48));
#6189 = DIRECTION('',(-2.22044604925E-15,2.540718180781E-32,-1.));
#6190 = ORIENTED_EDGE('',*,*,#6191,.T.);
#6191 = EDGE_CURVE('',#6183,#6192,#6194,.T.);
#6192 = VERTEX_POINT('',#6193);
#6193 = CARTESIAN_POINT('',(-1.096201938253,-0.7,0.693412044417));
#6194 = LINE('',#6195,#6196);
#6195 = CARTESIAN_POINT('',(-1.172050016982,-0.7,0.232635182233));
#6196 = VECTOR('',#6197,1.);
#6197 = DIRECTION('',(0.162423314012,-1.858508865964E-18,0.986721169868)
  );
#6198 = ORIENTED_EDGE('',*,*,#6199,.T.);
#6199 = EDGE_CURVE('',#6192,#6200,#6202,.T.);
#6200 = VERTEX_POINT('',#6201);
#6201 = CARTESIAN_POINT('',(-0.85,-0.7,0.9));
#6202 = CIRCLE('',#6203,0.25);
#6203 = AXIS2_PLACEMENT_3D('',#6204,#6205,#6206);
#6204 = CARTESIAN_POINT('',(-0.85,-0.7,0.65));
#6205 = DIRECTION('',(1.144237745222E-17,1.,8.679168028915E-34));
#6206 = DIRECTION('',(-0.984807753012,1.126854202784E-17,0.173648177667)
  );
#6207 = ORIENTED_EDGE('',*,*,#6208,.T.);
#6208 = EDGE_CURVE('',#6200,#5274,#6209,.T.);
#6209 = LINE('',#6210,#6211);
#6210 = CARTESIAN_POINT('',(-0.85,-0.7,0.9));
#6211 = VECTOR('',#6212,1.);
#6212 = DIRECTION('',(1.,-1.144237745222E-17,0.));
#6213 = PLANE('',#6214);
#6214 = AXIS2_PLACEMENT_3D('',#6215,#6216,#6217);
#6215 = CARTESIAN_POINT('',(-1.069123385139,-0.7,0.441695635315));
#6216 = DIRECTION('',(1.144237745222E-17,1.,0.));
#6217 = DIRECTION('',(0.,-0.,1.));
#6218 = ADVANCED_FACE('',(#6219),#6235,.F.);
#6219 = FACE_BOUND('',#6220,.F.);
#6220 = EDGE_LOOP('',(#6221,#6222,#6228,#6229));
#6221 = ORIENTED_EDGE('',*,*,#5290,.T.);
#6222 = ORIENTED_EDGE('',*,*,#6223,.T.);
#6223 = EDGE_CURVE('',#5283,#5743,#6224,.T.);
#6224 = LINE('',#6225,#6226);
#6225 = CARTESIAN_POINT('',(-0.85,-0.25,0.9));
#6226 = VECTOR('',#6227,1.);
#6227 = DIRECTION('',(1.,-1.144237745222E-17,0.));
#6228 = ORIENTED_EDGE('',*,*,#5742,.F.);
#6229 = ORIENTED_EDGE('',*,*,#6230,.F.);
#6230 = EDGE_CURVE('',#5274,#5735,#6231,.T.);
#6231 = LINE('',#6232,#6233);
#6232 = CARTESIAN_POINT('',(-0.85,-0.7,0.9));
#6233 = VECTOR('',#6234,1.);
#6234 = DIRECTION('',(1.,-1.144237745222E-17,0.));
#6235 = PLANE('',#6236);
#6236 = AXIS2_PLACEMENT_3D('',#6237,#6238,#6239);
#6237 = CARTESIAN_POINT('',(-2.091417030376E-16,1.4375,0.9));
#6238 = DIRECTION('',(4.595758349624E-18,6.551522493592E-27,-1.));
#6239 = DIRECTION('',(1.,1.51922136901E-16,4.595758349624E-18));
#6240 = ADVANCED_FACE('',(#6241),#6327,.F.);
#6241 = FACE_BOUND('',#6242,.F.);
#6242 = EDGE_LOOP('',(#6243,#6244,#6245,#6254,#6262,#6271,#6279,#6287,
    #6295,#6304,#6312,#6321));
#6243 = ORIENTED_EDGE('',*,*,#5282,.F.);
#6244 = ORIENTED_EDGE('',*,*,#5304,.T.);
#6245 = ORIENTED_EDGE('',*,*,#6246,.T.);
#6246 = EDGE_CURVE('',#5305,#6247,#6249,.T.);
#6247 = VERTEX_POINT('',#6248);
#6248 = CARTESIAN_POINT('',(-0.948480775301,-0.25,0.667364817767));
#6249 = CIRCLE('',#6250,0.1);
#6250 = AXIS2_PLACEMENT_3D('',#6251,#6252,#6253);
#6251 = CARTESIAN_POINT('',(-0.85,-0.25,0.65));
#6252 = DIRECTION('',(-1.144237745222E-17,-1.,0.));
#6253 = DIRECTION('',(0.,0.,1.));
#6254 = ORIENTED_EDGE('',*,*,#6255,.T.);
#6255 = EDGE_CURVE('',#6247,#6256,#6258,.T.);
#6256 = VERTEX_POINT('',#6257);
#6257 = CARTESIAN_POINT('',(-1.02432885403,-0.25,0.206587955583));
#6258 = LINE('',#6259,#6260);
#6259 = CARTESIAN_POINT('',(-0.948480775301,-0.25,0.667364817767));
#6260 = VECTOR('',#6261,1.);
#6261 = DIRECTION('',(-0.162423314012,1.858508865964E-18,-0.986721169868
    ));
#6262 = ORIENTED_EDGE('',*,*,#6263,.T.);
#6263 = EDGE_CURVE('',#6256,#6264,#6266,.T.);
#6264 = VERTEX_POINT('',#6265);
#6265 = CARTESIAN_POINT('',(-1.270530792283,-0.25,0.));
#6266 = CIRCLE('',#6267,0.25);
#6267 = AXIS2_PLACEMENT_3D('',#6268,#6269,#6270);
#6268 = CARTESIAN_POINT('',(-1.270530792283,-0.25,0.25));
#6269 = DIRECTION('',(1.144237745222E-17,1.,1.24725095109E-33));
#6270 = DIRECTION('',(0.984807753012,-1.126854202784E-17,-0.173648177667
    ));
#6271 = ORIENTED_EDGE('',*,*,#6272,.T.);
#6272 = EDGE_CURVE('',#6264,#6273,#6275,.T.);
#6273 = VERTEX_POINT('',#6274);
#6274 = CARTESIAN_POINT('',(-1.4,-0.25,0.));
#6275 = LINE('',#6276,#6277);
#6276 = CARTESIAN_POINT('',(-1.270530792283,-0.25,0.));
#6277 = VECTOR('',#6278,1.);
#6278 = DIRECTION('',(-1.,1.144237745222E-17,0.));
#6279 = ORIENTED_EDGE('',*,*,#6280,.T.);
#6280 = EDGE_CURVE('',#6273,#6281,#6283,.T.);
#6281 = VERTEX_POINT('',#6282);
#6282 = CARTESIAN_POINT('',(-1.4,-0.25,0.15));
#6283 = LINE('',#6284,#6285);
#6284 = CARTESIAN_POINT('',(-1.4,-0.25,0.));
#6285 = VECTOR('',#6286,1.);
#6286 = DIRECTION('',(0.,0.,1.));
#6287 = ORIENTED_EDGE('',*,*,#6288,.T.);
#6288 = EDGE_CURVE('',#6281,#6289,#6291,.T.);
#6289 = VERTEX_POINT('',#6290);
#6290 = CARTESIAN_POINT('',(-1.270530792283,-0.25,0.15));
#6291 = LINE('',#6292,#6293);
#6292 = CARTESIAN_POINT('',(-1.4,-0.25,0.15));
#6293 = VECTOR('',#6294,1.);
#6294 = DIRECTION('',(1.,-1.144237745222E-17,0.));
#6295 = ORIENTED_EDGE('',*,*,#6296,.T.);
#6296 = EDGE_CURVE('',#6289,#6297,#6299,.T.);
#6297 = VERTEX_POINT('',#6298);
#6298 = CARTESIAN_POINT('',(-1.172050016982,-0.25,0.232635182233));
#6299 = CIRCLE('',#6300,0.1);
#6300 = AXIS2_PLACEMENT_3D('',#6301,#6302,#6303);
#6301 = CARTESIAN_POINT('',(-1.270530792283,-0.25,0.25));
#6302 = DIRECTION('',(-1.144237745222E-17,-1.,1.855131475086E-48));
#6303 = DIRECTION('',(-2.22044604925E-15,2.540718180781E-32,-1.));
#6304 = ORIENTED_EDGE('',*,*,#6305,.T.);
#6305 = EDGE_CURVE('',#6297,#6306,#6308,.T.);
#6306 = VERTEX_POINT('',#6307);
#6307 = CARTESIAN_POINT('',(-1.096201938253,-0.25,0.693412044417));
#6308 = LINE('',#6309,#6310);
#6309 = CARTESIAN_POINT('',(-1.172050016982,-0.25,0.232635182233));
#6310 = VECTOR('',#6311,1.);
#6311 = DIRECTION('',(0.162423314012,-1.858508865964E-18,0.986721169868)
  );
#6312 = ORIENTED_EDGE('',*,*,#6313,.T.);
#6313 = EDGE_CURVE('',#6306,#6314,#6316,.T.);
#6314 = VERTEX_POINT('',#6315);
#6315 = CARTESIAN_POINT('',(-0.85,-0.25,0.9));
#6316 = CIRCLE('',#6317,0.25);
#6317 = AXIS2_PLACEMENT_3D('',#6318,#6319,#6320);
#6318 = CARTESIAN_POINT('',(-0.85,-0.25,0.65));
#6319 = DIRECTION('',(1.144237745222E-17,1.,8.679168028915E-34));
#6320 = DIRECTION('',(-0.984807753012,1.126854202784E-17,0.173648177667)
  );
#6321 = ORIENTED_EDGE('',*,*,#6322,.T.);
#6322 = EDGE_CURVE('',#6314,#5283,#6323,.T.);
#6323 = LINE('',#6324,#6325);
#6324 = CARTESIAN_POINT('',(-0.85,-0.25,0.9));
#6325 = VECTOR('',#6326,1.);
#6326 = DIRECTION('',(1.,-1.144237745222E-17,0.));
#6327 = PLANE('',#6328);
#6328 = AXIS2_PLACEMENT_3D('',#6329,#6330,#6331);
#6329 = CARTESIAN_POINT('',(-1.069123385139,-0.25,0.441695635315));
#6330 = DIRECTION('',(1.144237745222E-17,1.,0.));
#6331 = DIRECTION('',(0.,-0.,1.));
#6332 = ADVANCED_FACE('',(#6333),#6352,.F.);
#6333 = FACE_BOUND('',#6334,.F.);
#6334 = EDGE_LOOP('',(#6335,#6336,#6345,#6351));
#6335 = ORIENTED_EDGE('',*,*,#5321,.T.);
#6336 = ORIENTED_EDGE('',*,*,#6337,.T.);
#6337 = EDGE_CURVE('',#5314,#6338,#6340,.T.);
#6338 = VERTEX_POINT('',#6339);
#6339 = CARTESIAN_POINT('',(-0.948480775301,0.25,0.667364817767));
#6340 = CIRCLE('',#6341,0.1);
#6341 = AXIS2_PLACEMENT_3D('',#6342,#6343,#6344);
#6342 = CARTESIAN_POINT('',(-0.85,0.25,0.65));
#6343 = DIRECTION('',(-1.144237745222E-17,-1.,0.));
#6344 = DIRECTION('',(0.,0.,1.));
#6345 = ORIENTED_EDGE('',*,*,#6346,.F.);
#6346 = EDGE_CURVE('',#6247,#6338,#6347,.T.);
#6347 = LINE('',#6348,#6349);
#6348 = CARTESIAN_POINT('',(-0.948480775301,-0.25,0.667364817767));
#6349 = VECTOR('',#6350,1.);
#6350 = DIRECTION('',(1.144237745222E-17,1.,0.));
#6351 = ORIENTED_EDGE('',*,*,#6246,.F.);
#6352 = CYLINDRICAL_SURFACE('',#6353,0.1);
#6353 = AXIS2_PLACEMENT_3D('',#6354,#6355,#6356);
#6354 = CARTESIAN_POINT('',(-0.85,-0.25,0.65));
#6355 = DIRECTION('',(-1.144237745222E-17,-1.,0.));
#6356 = DIRECTION('',(0.,0.,1.));
#6357 = ADVANCED_FACE('',(#6358),#6436,.T.);
#6358 = FACE_BOUND('',#6359,.T.);
#6359 = EDGE_LOOP('',(#6360,#6361,#6362,#6363,#6371,#6380,#6388,#6396,
    #6404,#6413,#6421,#6430));
#6360 = ORIENTED_EDGE('',*,*,#5335,.F.);
#6361 = ORIENTED_EDGE('',*,*,#5313,.T.);
#6362 = ORIENTED_EDGE('',*,*,#6337,.T.);
#6363 = ORIENTED_EDGE('',*,*,#6364,.T.);
#6364 = EDGE_CURVE('',#6338,#6365,#6367,.T.);
#6365 = VERTEX_POINT('',#6366);
#6366 = CARTESIAN_POINT('',(-1.02432885403,0.25,0.206587955583));
#6367 = LINE('',#6368,#6369);
#6368 = CARTESIAN_POINT('',(-0.948480775301,0.25,0.667364817767));
#6369 = VECTOR('',#6370,1.);
#6370 = DIRECTION('',(-0.162423314012,1.858508865964E-18,-0.986721169868
    ));
#6371 = ORIENTED_EDGE('',*,*,#6372,.T.);
#6372 = EDGE_CURVE('',#6365,#6373,#6375,.T.);
#6373 = VERTEX_POINT('',#6374);
#6374 = CARTESIAN_POINT('',(-1.270530792283,0.25,0.));
#6375 = CIRCLE('',#6376,0.25);
#6376 = AXIS2_PLACEMENT_3D('',#6377,#6378,#6379);
#6377 = CARTESIAN_POINT('',(-1.270530792283,0.25,0.25));
#6378 = DIRECTION('',(1.144237745222E-17,1.,1.24725095109E-33));
#6379 = DIRECTION('',(0.984807753012,-1.126854202784E-17,-0.173648177667
    ));
#6380 = ORIENTED_EDGE('',*,*,#6381,.T.);
#6381 = EDGE_CURVE('',#6373,#6382,#6384,.T.);
#6382 = VERTEX_POINT('',#6383);
#6383 = CARTESIAN_POINT('',(-1.4,0.25,0.));
#6384 = LINE('',#6385,#6386);
#6385 = CARTESIAN_POINT('',(-1.270530792283,0.25,0.));
#6386 = VECTOR('',#6387,1.);
#6387 = DIRECTION('',(-1.,1.144237745222E-17,0.));
#6388 = ORIENTED_EDGE('',*,*,#6389,.T.);
#6389 = EDGE_CURVE('',#6382,#6390,#6392,.T.);
#6390 = VERTEX_POINT('',#6391);
#6391 = CARTESIAN_POINT('',(-1.4,0.25,0.15));
#6392 = LINE('',#6393,#6394);
#6393 = CARTESIAN_POINT('',(-1.4,0.25,0.));
#6394 = VECTOR('',#6395,1.);
#6395 = DIRECTION('',(0.,0.,1.));
#6396 = ORIENTED_EDGE('',*,*,#6397,.T.);
#6397 = EDGE_CURVE('',#6390,#6398,#6400,.T.);
#6398 = VERTEX_POINT('',#6399);
#6399 = CARTESIAN_POINT('',(-1.270530792283,0.25,0.15));
#6400 = LINE('',#6401,#6402);
#6401 = CARTESIAN_POINT('',(-1.4,0.25,0.15));
#6402 = VECTOR('',#6403,1.);
#6403 = DIRECTION('',(1.,-1.144237745222E-17,0.));
#6404 = ORIENTED_EDGE('',*,*,#6405,.T.);
#6405 = EDGE_CURVE('',#6398,#6406,#6408,.T.);
#6406 = VERTEX_POINT('',#6407);
#6407 = CARTESIAN_POINT('',(-1.172050016982,0.25,0.232635182233));
#6408 = CIRCLE('',#6409,0.1);
#6409 = AXIS2_PLACEMENT_3D('',#6410,#6411,#6412);
#6410 = CARTESIAN_POINT('',(-1.270530792283,0.25,0.25));
#6411 = DIRECTION('',(-1.144237745222E-17,-1.,1.855131475086E-48));
#6412 = DIRECTION('',(-2.22044604925E-15,2.540718180781E-32,-1.));
#6413 = ORIENTED_EDGE('',*,*,#6414,.T.);
#6414 = EDGE_CURVE('',#6406,#6415,#6417,.T.);
#6415 = VERTEX_POINT('',#6416);
#6416 = CARTESIAN_POINT('',(-1.096201938253,0.25,0.693412044417));
#6417 = LINE('',#6418,#6419);
#6418 = CARTESIAN_POINT('',(-1.172050016982,0.25,0.232635182233));
#6419 = VECTOR('',#6420,1.);
#6420 = DIRECTION('',(0.162423314012,-1.858508865964E-18,0.986721169868)
  );
#6421 = ORIENTED_EDGE('',*,*,#6422,.T.);
#6422 = EDGE_CURVE('',#6415,#6423,#6425,.T.);
#6423 = VERTEX_POINT('',#6424);
#6424 = CARTESIAN_POINT('',(-0.85,0.25,0.9));
#6425 = CIRCLE('',#6426,0.25);
#6426 = AXIS2_PLACEMENT_3D('',#6427,#6428,#6429);
#6427 = CARTESIAN_POINT('',(-0.85,0.25,0.65));
#6428 = DIRECTION('',(1.144237745222E-17,1.,8.679168028915E-34));
#6429 = DIRECTION('',(-0.984807753012,1.126854202784E-17,0.173648177667)
  );
#6430 = ORIENTED_EDGE('',*,*,#6431,.T.);
#6431 = EDGE_CURVE('',#6423,#5336,#6432,.T.);
#6432 = LINE('',#6433,#6434);
#6433 = CARTESIAN_POINT('',(-0.85,0.25,0.9));
#6434 = VECTOR('',#6435,1.);
#6435 = DIRECTION('',(1.,-1.144237745222E-17,0.));
#6436 = PLANE('',#6437);
#6437 = AXIS2_PLACEMENT_3D('',#6438,#6439,#6440);
#6438 = CARTESIAN_POINT('',(-1.069123385139,0.25,0.441695635315));
#6439 = DIRECTION('',(1.144237745222E-17,1.,0.));
#6440 = DIRECTION('',(0.,-0.,1.));
#6441 = ADVANCED_FACE('',(#6442),#6453,.F.);
#6442 = FACE_BOUND('',#6443,.F.);
#6443 = EDGE_LOOP('',(#6444,#6445,#6446,#6447));
#6444 = ORIENTED_EDGE('',*,*,#5352,.T.);
#6445 = ORIENTED_EDGE('',*,*,#5710,.T.);
#6446 = ORIENTED_EDGE('',*,*,#5758,.F.);
#6447 = ORIENTED_EDGE('',*,*,#6448,.F.);
#6448 = EDGE_CURVE('',#5336,#5751,#6449,.T.);
#6449 = LINE('',#6450,#6451);
#6450 = CARTESIAN_POINT('',(-0.85,0.25,0.9));
#6451 = VECTOR('',#6452,1.);
#6452 = DIRECTION('',(1.,-1.144237745222E-17,0.));
#6453 = PLANE('',#6454);
#6454 = AXIS2_PLACEMENT_3D('',#6455,#6456,#6457);
#6455 = CARTESIAN_POINT('',(-2.091417030376E-16,1.4375,0.9));
#6456 = DIRECTION('',(4.595758349624E-18,6.551522493592E-27,-1.));
#6457 = DIRECTION('',(1.,1.51922136901E-16,4.595758349624E-18));
#6458 = ADVANCED_FACE('',(#6459),#6538,.F.);
#6459 = FACE_BOUND('',#6460,.F.);
#6460 = EDGE_LOOP('',(#6461,#6462,#6463,#6472,#6480,#6489,#6497,#6505,
    #6513,#6522,#6530,#6537));
#6461 = ORIENTED_EDGE('',*,*,#5344,.F.);
#6462 = ORIENTED_EDGE('',*,*,#5366,.T.);
#6463 = ORIENTED_EDGE('',*,*,#6464,.T.);
#6464 = EDGE_CURVE('',#5367,#6465,#6467,.T.);
#6465 = VERTEX_POINT('',#6466);
#6466 = CARTESIAN_POINT('',(-0.948480775301,0.7,0.667364817767));
#6467 = CIRCLE('',#6468,0.1);
#6468 = AXIS2_PLACEMENT_3D('',#6469,#6470,#6471);
#6469 = CARTESIAN_POINT('',(-0.85,0.7,0.65));
#6470 = DIRECTION('',(-1.144237745222E-17,-1.,0.));
#6471 = DIRECTION('',(0.,0.,1.));
#6472 = ORIENTED_EDGE('',*,*,#6473,.T.);
#6473 = EDGE_CURVE('',#6465,#6474,#6476,.T.);
#6474 = VERTEX_POINT('',#6475);
#6475 = CARTESIAN_POINT('',(-1.02432885403,0.7,0.206587955583));
#6476 = LINE('',#6477,#6478);
#6477 = CARTESIAN_POINT('',(-0.948480775301,0.7,0.667364817767));
#6478 = VECTOR('',#6479,1.);
#6479 = DIRECTION('',(-0.162423314012,1.858508865964E-18,-0.986721169868
    ));
#6480 = ORIENTED_EDGE('',*,*,#6481,.T.);
#6481 = EDGE_CURVE('',#6474,#6482,#6484,.T.);
#6482 = VERTEX_POINT('',#6483);
#6483 = CARTESIAN_POINT('',(-1.270530792283,0.7,0.));
#6484 = CIRCLE('',#6485,0.25);
#6485 = AXIS2_PLACEMENT_3D('',#6486,#6487,#6488);
#6486 = CARTESIAN_POINT('',(-1.270530792283,0.7,0.25));
#6487 = DIRECTION('',(1.144237745222E-17,1.,1.24725095109E-33));
#6488 = DIRECTION('',(0.984807753012,-1.126854202784E-17,-0.173648177667
    ));
#6489 = ORIENTED_EDGE('',*,*,#6490,.T.);
#6490 = EDGE_CURVE('',#6482,#6491,#6493,.T.);
#6491 = VERTEX_POINT('',#6492);
#6492 = CARTESIAN_POINT('',(-1.4,0.7,0.));
#6493 = LINE('',#6494,#6495);
#6494 = CARTESIAN_POINT('',(-1.270530792283,0.7,0.));
#6495 = VECTOR('',#6496,1.);
#6496 = DIRECTION('',(-1.,1.144237745222E-17,0.));
#6497 = ORIENTED_EDGE('',*,*,#6498,.T.);
#6498 = EDGE_CURVE('',#6491,#6499,#6501,.T.);
#6499 = VERTEX_POINT('',#6500);
#6500 = CARTESIAN_POINT('',(-1.4,0.7,0.15));
#6501 = LINE('',#6502,#6503);
#6502 = CARTESIAN_POINT('',(-1.4,0.7,0.));
#6503 = VECTOR('',#6504,1.);
#6504 = DIRECTION('',(0.,0.,1.));
#6505 = ORIENTED_EDGE('',*,*,#6506,.T.);
#6506 = EDGE_CURVE('',#6499,#6507,#6509,.T.);
#6507 = VERTEX_POINT('',#6508);
#6508 = CARTESIAN_POINT('',(-1.270530792283,0.7,0.15));
#6509 = LINE('',#6510,#6511);
#6510 = CARTESIAN_POINT('',(-1.4,0.7,0.15));
#6511 = VECTOR('',#6512,1.);
#6512 = DIRECTION('',(1.,-1.144237745222E-17,0.));
#6513 = ORIENTED_EDGE('',*,*,#6514,.T.);
#6514 = EDGE_CURVE('',#6507,#6515,#6517,.T.);
#6515 = VERTEX_POINT('',#6516);
#6516 = CARTESIAN_POINT('',(-1.172050016982,0.7,0.232635182233));
#6517 = CIRCLE('',#6518,0.1);
#6518 = AXIS2_PLACEMENT_3D('',#6519,#6520,#6521);
#6519 = CARTESIAN_POINT('',(-1.270530792283,0.7,0.25));
#6520 = DIRECTION('',(-1.144237745222E-17,-1.,1.855131475086E-48));
#6521 = DIRECTION('',(-2.22044604925E-15,2.540718180781E-32,-1.));
#6522 = ORIENTED_EDGE('',*,*,#6523,.T.);
#6523 = EDGE_CURVE('',#6515,#6524,#6526,.T.);
#6524 = VERTEX_POINT('',#6525);
#6525 = CARTESIAN_POINT('',(-1.096201938253,0.7,0.693412044417));
#6526 = LINE('',#6527,#6528);
#6527 = CARTESIAN_POINT('',(-1.172050016982,0.7,0.232635182233));
#6528 = VECTOR('',#6529,1.);
#6529 = DIRECTION('',(0.162423314012,-1.858508865964E-18,0.986721169868)
  );
#6530 = ORIENTED_EDGE('',*,*,#6531,.T.);
#6531 = EDGE_CURVE('',#6524,#5680,#6532,.T.);
#6532 = CIRCLE('',#6533,0.25);
#6533 = AXIS2_PLACEMENT_3D('',#6534,#6535,#6536);
#6534 = CARTESIAN_POINT('',(-0.85,0.7,0.65));
#6535 = DIRECTION('',(1.144237745222E-17,1.,8.679168028915E-34));
#6536 = DIRECTION('',(-0.984807753012,1.126854202784E-17,0.173648177667)
  );
#6537 = ORIENTED_EDGE('',*,*,#5679,.T.);
#6538 = PLANE('',#6539);
#6539 = AXIS2_PLACEMENT_3D('',#6540,#6541,#6542);
#6540 = CARTESIAN_POINT('',(-1.069123385139,0.7,0.441695635315));
#6541 = DIRECTION('',(1.144237745222E-17,1.,0.));
#6542 = DIRECTION('',(0.,-0.,1.));
#6543 = ADVANCED_FACE('',(#6544),#6563,.F.);
#6544 = FACE_BOUND('',#6545,.F.);
#6545 = EDGE_LOOP('',(#6546,#6547,#6556,#6562));
#6546 = ORIENTED_EDGE('',*,*,#5383,.T.);
#6547 = ORIENTED_EDGE('',*,*,#6548,.T.);
#6548 = EDGE_CURVE('',#5376,#6549,#6551,.T.);
#6549 = VERTEX_POINT('',#6550);
#6550 = CARTESIAN_POINT('',(-0.948480775301,1.2,0.667364817767));
#6551 = CIRCLE('',#6552,0.1);
#6552 = AXIS2_PLACEMENT_3D('',#6553,#6554,#6555);
#6553 = CARTESIAN_POINT('',(-0.85,1.2,0.65));
#6554 = DIRECTION('',(-1.144237745222E-17,-1.,0.));
#6555 = DIRECTION('',(0.,0.,1.));
#6556 = ORIENTED_EDGE('',*,*,#6557,.F.);
#6557 = EDGE_CURVE('',#6465,#6549,#6558,.T.);
#6558 = LINE('',#6559,#6560);
#6559 = CARTESIAN_POINT('',(-0.948480775301,0.7,0.667364817767));
#6560 = VECTOR('',#6561,1.);
#6561 = DIRECTION('',(1.144237745222E-17,1.,0.));
#6562 = ORIENTED_EDGE('',*,*,#6464,.F.);
#6563 = CYLINDRICAL_SURFACE('',#6564,0.1);
#6564 = AXIS2_PLACEMENT_3D('',#6565,#6566,#6567);
#6565 = CARTESIAN_POINT('',(-0.85,0.7,0.65));
#6566 = DIRECTION('',(-1.144237745222E-17,-1.,0.));
#6567 = DIRECTION('',(0.,0.,1.));
#6568 = ADVANCED_FACE('',(#6569),#6640,.T.);
#6569 = FACE_BOUND('',#6570,.T.);
#6570 = EDGE_LOOP('',(#6571,#6572,#6573,#6574,#6582,#6591,#6599,#6607,
    #6615,#6624,#6632,#6639));
#6571 = ORIENTED_EDGE('',*,*,#5397,.F.);
#6572 = ORIENTED_EDGE('',*,*,#5375,.T.);
#6573 = ORIENTED_EDGE('',*,*,#6548,.T.);
#6574 = ORIENTED_EDGE('',*,*,#6575,.T.);
#6575 = EDGE_CURVE('',#6549,#6576,#6578,.T.);
#6576 = VERTEX_POINT('',#6577);
#6577 = CARTESIAN_POINT('',(-1.02432885403,1.2,0.206587955583));
#6578 = LINE('',#6579,#6580);
#6579 = CARTESIAN_POINT('',(-0.948480775301,1.2,0.667364817767));
#6580 = VECTOR('',#6581,1.);
#6581 = DIRECTION('',(-0.162423314012,1.858508865964E-18,-0.986721169868
    ));
#6582 = ORIENTED_EDGE('',*,*,#6583,.T.);
#6583 = EDGE_CURVE('',#6576,#6584,#6586,.T.);
#6584 = VERTEX_POINT('',#6585);
#6585 = CARTESIAN_POINT('',(-1.270530792283,1.2,0.));
#6586 = CIRCLE('',#6587,0.25);
#6587 = AXIS2_PLACEMENT_3D('',#6588,#6589,#6590);
#6588 = CARTESIAN_POINT('',(-1.270530792283,1.2,0.25));
#6589 = DIRECTION('',(1.144237745222E-17,1.,1.24725095109E-33));
#6590 = DIRECTION('',(0.984807753012,-1.126854202784E-17,-0.173648177667
    ));
#6591 = ORIENTED_EDGE('',*,*,#6592,.T.);
#6592 = EDGE_CURVE('',#6584,#6593,#6595,.T.);
#6593 = VERTEX_POINT('',#6594);
#6594 = CARTESIAN_POINT('',(-1.4,1.2,0.));
#6595 = LINE('',#6596,#6597);
#6596 = CARTESIAN_POINT('',(-1.270530792283,1.2,0.));
#6597 = VECTOR('',#6598,1.);
#6598 = DIRECTION('',(-1.,1.144237745222E-17,0.));
#6599 = ORIENTED_EDGE('',*,*,#6600,.T.);
#6600 = EDGE_CURVE('',#6593,#6601,#6603,.T.);
#6601 = VERTEX_POINT('',#6602);
#6602 = CARTESIAN_POINT('',(-1.4,1.2,0.15));
#6603 = LINE('',#6604,#6605);
#6604 = CARTESIAN_POINT('',(-1.4,1.2,0.));
#6605 = VECTOR('',#6606,1.);
#6606 = DIRECTION('',(0.,0.,1.));
#6607 = ORIENTED_EDGE('',*,*,#6608,.T.);
#6608 = EDGE_CURVE('',#6601,#6609,#6611,.T.);
#6609 = VERTEX_POINT('',#6610);
#6610 = CARTESIAN_POINT('',(-1.270530792283,1.2,0.15));
#6611 = LINE('',#6612,#6613);
#6612 = CARTESIAN_POINT('',(-1.4,1.2,0.15));
#6613 = VECTOR('',#6614,1.);
#6614 = DIRECTION('',(1.,-1.144237745222E-17,0.));
#6615 = ORIENTED_EDGE('',*,*,#6616,.T.);
#6616 = EDGE_CURVE('',#6609,#6617,#6619,.T.);
#6617 = VERTEX_POINT('',#6618);
#6618 = CARTESIAN_POINT('',(-1.172050016982,1.2,0.232635182233));
#6619 = CIRCLE('',#6620,0.1);
#6620 = AXIS2_PLACEMENT_3D('',#6621,#6622,#6623);
#6621 = CARTESIAN_POINT('',(-1.270530792283,1.2,0.25));
#6622 = DIRECTION('',(-1.144237745222E-17,-1.,1.855131475086E-48));
#6623 = DIRECTION('',(-2.22044604925E-15,2.540718180781E-32,-1.));
#6624 = ORIENTED_EDGE('',*,*,#6625,.T.);
#6625 = EDGE_CURVE('',#6617,#6626,#6628,.T.);
#6626 = VERTEX_POINT('',#6627);
#6627 = CARTESIAN_POINT('',(-1.096201938253,1.2,0.693412044417));
#6628 = LINE('',#6629,#6630);
#6629 = CARTESIAN_POINT('',(-1.172050016982,1.2,0.232635182233));
#6630 = VECTOR('',#6631,1.);
#6631 = DIRECTION('',(0.162423314012,-1.858508865964E-18,0.986721169868)
  );
#6632 = ORIENTED_EDGE('',*,*,#6633,.T.);
#6633 = EDGE_CURVE('',#6626,#5688,#6634,.T.);
#6634 = CIRCLE('',#6635,0.25);
#6635 = AXIS2_PLACEMENT_3D('',#6636,#6637,#6638);
#6636 = CARTESIAN_POINT('',(-0.85,1.2,0.65));
#6637 = DIRECTION('',(1.144237745222E-17,1.,8.679168028915E-34));
#6638 = DIRECTION('',(-0.984807753012,1.126854202784E-17,0.173648177667)
  );
#6639 = ORIENTED_EDGE('',*,*,#5695,.T.);
#6640 = PLANE('',#6641);
#6641 = AXIS2_PLACEMENT_3D('',#6642,#6643,#6644);
#6642 = CARTESIAN_POINT('',(-1.069123385139,1.2,0.441695635315));
#6643 = DIRECTION('',(1.144237745222E-17,1.,0.));
#6644 = DIRECTION('',(0.,-0.,1.));
#6645 = ADVANCED_FACE('',(#6646),#6725,.F.);
#6646 = FACE_BOUND('',#6647,.F.);
#6647 = EDGE_LOOP('',(#6648,#6649,#6650,#6659,#6667,#6676,#6684,#6692,
    #6700,#6709,#6717,#6724));
#6648 = ORIENTED_EDGE('',*,*,#5416,.F.);
#6649 = ORIENTED_EDGE('',*,*,#5431,.T.);
#6650 = ORIENTED_EDGE('',*,*,#6651,.T.);
#6651 = EDGE_CURVE('',#5432,#6652,#6654,.T.);
#6652 = VERTEX_POINT('',#6653);
#6653 = CARTESIAN_POINT('',(0.948480775301,1.2,0.667364817767));
#6654 = CIRCLE('',#6655,0.1);
#6655 = AXIS2_PLACEMENT_3D('',#6656,#6657,#6658);
#6656 = CARTESIAN_POINT('',(0.85,1.2,0.65));
#6657 = DIRECTION('',(-1.110223024625E-16,1.,0.));
#6658 = DIRECTION('',(0.,0.,1.));
#6659 = ORIENTED_EDGE('',*,*,#6660,.T.);
#6660 = EDGE_CURVE('',#6652,#6661,#6663,.T.);
#6661 = VERTEX_POINT('',#6662);
#6662 = CARTESIAN_POINT('',(1.02432885403,1.2,0.206587955583));
#6663 = LINE('',#6664,#6665);
#6664 = CARTESIAN_POINT('',(0.948480775301,1.2,0.667364817767));
#6665 = VECTOR('',#6666,1.);
#6666 = DIRECTION('',(0.162423314012,1.803261029519E-17,-0.986721169868)
  );
#6667 = ORIENTED_EDGE('',*,*,#6668,.T.);
#6668 = EDGE_CURVE('',#6661,#6669,#6671,.T.);
#6669 = VERTEX_POINT('',#6670);
#6670 = CARTESIAN_POINT('',(1.270530792283,1.2,0.));
#6671 = CIRCLE('',#6672,0.25);
#6672 = AXIS2_PLACEMENT_3D('',#6673,#6674,#6675);
#6673 = CARTESIAN_POINT('',(1.270530792283,1.2,0.25));
#6674 = DIRECTION('',(1.110223024625E-16,-1.,-6.255634725081E-34));
#6675 = DIRECTION('',(-0.984807753012,-1.093356242223E-16,
    -0.173648177667));
#6676 = ORIENTED_EDGE('',*,*,#6677,.T.);
#6677 = EDGE_CURVE('',#6669,#6678,#6680,.T.);
#6678 = VERTEX_POINT('',#6679);
#6679 = CARTESIAN_POINT('',(1.4,1.2,0.));
#6680 = LINE('',#6681,#6682);
#6681 = CARTESIAN_POINT('',(1.270530792283,1.2,0.));
#6682 = VECTOR('',#6683,1.);
#6683 = DIRECTION('',(1.,1.110223024625E-16,0.));
#6684 = ORIENTED_EDGE('',*,*,#6685,.T.);
#6685 = EDGE_CURVE('',#6678,#6686,#6688,.T.);
#6686 = VERTEX_POINT('',#6687);
#6687 = CARTESIAN_POINT('',(1.4,1.2,0.15));
#6688 = LINE('',#6689,#6690);
#6689 = CARTESIAN_POINT('',(1.4,1.2,0.));
#6690 = VECTOR('',#6691,1.);
#6691 = DIRECTION('',(0.,0.,1.));
#6692 = ORIENTED_EDGE('',*,*,#6693,.T.);
#6693 = EDGE_CURVE('',#6686,#6694,#6696,.T.);
#6694 = VERTEX_POINT('',#6695);
#6695 = CARTESIAN_POINT('',(1.270530792283,1.2,0.15));
#6696 = LINE('',#6697,#6698);
#6697 = CARTESIAN_POINT('',(1.4,1.2,0.15));
#6698 = VECTOR('',#6699,1.);
#6699 = DIRECTION('',(-1.,-1.110223024625E-16,0.));
#6700 = ORIENTED_EDGE('',*,*,#6701,.T.);
#6701 = EDGE_CURVE('',#6694,#6702,#6704,.T.);
#6702 = VERTEX_POINT('',#6703);
#6703 = CARTESIAN_POINT('',(1.172050016982,1.2,0.232635182233));
#6704 = CIRCLE('',#6705,0.1);
#6705 = AXIS2_PLACEMENT_3D('',#6706,#6707,#6708);
#6706 = CARTESIAN_POINT('',(1.270530792283,1.2,0.25));
#6707 = DIRECTION('',(-1.110223024625E-16,1.,-1.094764425744E-47));
#6708 = DIRECTION('',(2.22044604925E-15,2.465190328815E-31,-1.));
#6709 = ORIENTED_EDGE('',*,*,#6710,.T.);
#6710 = EDGE_CURVE('',#6702,#6711,#6713,.T.);
#6711 = VERTEX_POINT('',#6712);
#6712 = CARTESIAN_POINT('',(1.096201938253,1.2,0.693412044417));
#6713 = LINE('',#6714,#6715);
#6714 = CARTESIAN_POINT('',(1.172050016982,1.2,0.232635182233));
#6715 = VECTOR('',#6716,1.);
#6716 = DIRECTION('',(-0.162423314012,-1.803261029519E-17,0.986721169868
    ));
#6717 = ORIENTED_EDGE('',*,*,#6718,.T.);
#6718 = EDGE_CURVE('',#6711,#5935,#6719,.T.);
#6719 = CIRCLE('',#6720,0.25);
#6720 = AXIS2_PLACEMENT_3D('',#6721,#6722,#6723);
#6721 = CARTESIAN_POINT('',(0.85,1.2,0.65));
#6722 = DIRECTION('',(1.110223024625E-16,-1.,-6.255634725081E-34));
#6723 = DIRECTION('',(0.984807753012,1.093356242223E-16,0.173648177667)
  );
#6724 = ORIENTED_EDGE('',*,*,#5934,.T.);
#6725 = PLANE('',#6726);
#6726 = AXIS2_PLACEMENT_3D('',#6727,#6728,#6729);
#6727 = CARTESIAN_POINT('',(1.069123385139,1.2,0.441695635315));
#6728 = DIRECTION('',(1.110223024625E-16,-1.,0.));
#6729 = DIRECTION('',(0.,0.,1.));
#6730 = ADVANCED_FACE('',(#6731),#6750,.F.);
#6731 = FACE_BOUND('',#6732,.F.);
#6732 = EDGE_LOOP('',(#6733,#6734,#6743,#6749));
#6733 = ORIENTED_EDGE('',*,*,#5448,.T.);
#6734 = ORIENTED_EDGE('',*,*,#6735,.T.);
#6735 = EDGE_CURVE('',#5441,#6736,#6738,.T.);
#6736 = VERTEX_POINT('',#6737);
#6737 = CARTESIAN_POINT('',(0.948480775301,0.7,0.667364817767));
#6738 = CIRCLE('',#6739,0.1);
#6739 = AXIS2_PLACEMENT_3D('',#6740,#6741,#6742);
#6740 = CARTESIAN_POINT('',(0.85,0.7,0.65));
#6741 = DIRECTION('',(-1.110223024625E-16,1.,0.));
#6742 = DIRECTION('',(0.,0.,1.));
#6743 = ORIENTED_EDGE('',*,*,#6744,.F.);
#6744 = EDGE_CURVE('',#6652,#6736,#6745,.T.);
#6745 = LINE('',#6746,#6747);
#6746 = CARTESIAN_POINT('',(0.948480775301,1.2,0.667364817767));
#6747 = VECTOR('',#6748,1.);
#6748 = DIRECTION('',(1.110223024625E-16,-1.,0.));
#6749 = ORIENTED_EDGE('',*,*,#6651,.F.);
#6750 = CYLINDRICAL_SURFACE('',#6751,0.1);
#6751 = AXIS2_PLACEMENT_3D('',#6752,#6753,#6754);
#6752 = CARTESIAN_POINT('',(0.85,1.2,0.65));
#6753 = DIRECTION('',(-1.110223024625E-16,1.,0.));
#6754 = DIRECTION('',(0.,0.,1.));
#6755 = ADVANCED_FACE('',(#6756),#6827,.T.);
#6756 = FACE_BOUND('',#6757,.T.);
#6757 = EDGE_LOOP('',(#6758,#6759,#6760,#6761,#6769,#6778,#6786,#6794,
    #6802,#6811,#6819,#6826));
#6758 = ORIENTED_EDGE('',*,*,#5462,.F.);
#6759 = ORIENTED_EDGE('',*,*,#5440,.T.);
#6760 = ORIENTED_EDGE('',*,*,#6735,.T.);
#6761 = ORIENTED_EDGE('',*,*,#6762,.T.);
#6762 = EDGE_CURVE('',#6736,#6763,#6765,.T.);
#6763 = VERTEX_POINT('',#6764);
#6764 = CARTESIAN_POINT('',(1.02432885403,0.7,0.206587955583));
#6765 = LINE('',#6766,#6767);
#6766 = CARTESIAN_POINT('',(0.948480775301,0.7,0.667364817767));
#6767 = VECTOR('',#6768,1.);
#6768 = DIRECTION('',(0.162423314012,1.803261029519E-17,-0.986721169868)
  );
#6769 = ORIENTED_EDGE('',*,*,#6770,.T.);
#6770 = EDGE_CURVE('',#6763,#6771,#6773,.T.);
#6771 = VERTEX_POINT('',#6772);
#6772 = CARTESIAN_POINT('',(1.270530792283,0.7,0.));
#6773 = CIRCLE('',#6774,0.25);
#6774 = AXIS2_PLACEMENT_3D('',#6775,#6776,#6777);
#6775 = CARTESIAN_POINT('',(1.270530792283,0.7,0.25));
#6776 = DIRECTION('',(1.110223024625E-16,-1.,-6.255634725081E-34));
#6777 = DIRECTION('',(-0.984807753012,-1.093356242223E-16,
    -0.173648177667));
#6778 = ORIENTED_EDGE('',*,*,#6779,.T.);
#6779 = EDGE_CURVE('',#6771,#6780,#6782,.T.);
#6780 = VERTEX_POINT('',#6781);
#6781 = CARTESIAN_POINT('',(1.4,0.7,0.));
#6782 = LINE('',#6783,#6784);
#6783 = CARTESIAN_POINT('',(1.270530792283,0.7,0.));
#6784 = VECTOR('',#6785,1.);
#6785 = DIRECTION('',(1.,1.110223024625E-16,0.));
#6786 = ORIENTED_EDGE('',*,*,#6787,.T.);
#6787 = EDGE_CURVE('',#6780,#6788,#6790,.T.);
#6788 = VERTEX_POINT('',#6789);
#6789 = CARTESIAN_POINT('',(1.4,0.7,0.15));
#6790 = LINE('',#6791,#6792);
#6791 = CARTESIAN_POINT('',(1.4,0.7,0.));
#6792 = VECTOR('',#6793,1.);
#6793 = DIRECTION('',(0.,0.,1.));
#6794 = ORIENTED_EDGE('',*,*,#6795,.T.);
#6795 = EDGE_CURVE('',#6788,#6796,#6798,.T.);
#6796 = VERTEX_POINT('',#6797);
#6797 = CARTESIAN_POINT('',(1.270530792283,0.7,0.15));
#6798 = LINE('',#6799,#6800);
#6799 = CARTESIAN_POINT('',(1.4,0.7,0.15));
#6800 = VECTOR('',#6801,1.);
#6801 = DIRECTION('',(-1.,-1.110223024625E-16,0.));
#6802 = ORIENTED_EDGE('',*,*,#6803,.T.);
#6803 = EDGE_CURVE('',#6796,#6804,#6806,.T.);
#6804 = VERTEX_POINT('',#6805);
#6805 = CARTESIAN_POINT('',(1.172050016982,0.7,0.232635182233));
#6806 = CIRCLE('',#6807,0.1);
#6807 = AXIS2_PLACEMENT_3D('',#6808,#6809,#6810);
#6808 = CARTESIAN_POINT('',(1.270530792283,0.7,0.25));
#6809 = DIRECTION('',(-1.110223024625E-16,1.,-1.094764425744E-47));
#6810 = DIRECTION('',(2.22044604925E-15,2.465190328815E-31,-1.));
#6811 = ORIENTED_EDGE('',*,*,#6812,.T.);
#6812 = EDGE_CURVE('',#6804,#6813,#6815,.T.);
#6813 = VERTEX_POINT('',#6814);
#6814 = CARTESIAN_POINT('',(1.096201938253,0.7,0.693412044417));
#6815 = LINE('',#6816,#6817);
#6816 = CARTESIAN_POINT('',(1.172050016982,0.7,0.232635182233));
#6817 = VECTOR('',#6818,1.);
#6818 = DIRECTION('',(-0.162423314012,-1.803261029519E-17,0.986721169868
    ));
#6819 = ORIENTED_EDGE('',*,*,#6820,.T.);
#6820 = EDGE_CURVE('',#6813,#5943,#6821,.T.);
#6821 = CIRCLE('',#6822,0.25);
#6822 = AXIS2_PLACEMENT_3D('',#6823,#6824,#6825);
#6823 = CARTESIAN_POINT('',(0.85,0.7,0.65));
#6824 = DIRECTION('',(1.110223024625E-16,-1.,-6.255634725081E-34));
#6825 = DIRECTION('',(0.984807753012,1.093356242223E-16,0.173648177667)
  );
#6826 = ORIENTED_EDGE('',*,*,#5950,.T.);
#6827 = PLANE('',#6828);
#6828 = AXIS2_PLACEMENT_3D('',#6829,#6830,#6831);
#6829 = CARTESIAN_POINT('',(1.069123385139,0.7,0.441695635315));
#6830 = DIRECTION('',(1.110223024625E-16,-1.,0.));
#6831 = DIRECTION('',(0.,0.,1.));
#6832 = ADVANCED_FACE('',(#6833),#6844,.F.);
#6833 = FACE_BOUND('',#6834,.F.);
#6834 = EDGE_LOOP('',(#6835,#6836,#6837,#6843));
#6835 = ORIENTED_EDGE('',*,*,#5956,.F.);
#6836 = ORIENTED_EDGE('',*,*,#5479,.T.);
#6837 = ORIENTED_EDGE('',*,*,#6838,.T.);
#6838 = EDGE_CURVE('',#5472,#5873,#6839,.T.);
#6839 = LINE('',#6840,#6841);
#6840 = CARTESIAN_POINT('',(0.85,0.25,0.9));
#6841 = VECTOR('',#6842,1.);
#6842 = DIRECTION('',(-1.,-1.110223024625E-16,0.));
#6843 = ORIENTED_EDGE('',*,*,#5872,.F.);
#6844 = PLANE('',#6845);
#6845 = AXIS2_PLACEMENT_3D('',#6846,#6847,#6848);
#6846 = CARTESIAN_POINT('',(-2.091417030376E-16,1.4375,0.9));
#6847 = DIRECTION('',(4.595758349624E-18,6.551522493592E-27,-1.));
#6848 = DIRECTION('',(1.,1.51922136901E-16,4.595758349624E-18));
#6849 = ADVANCED_FACE('',(#6850),#6936,.F.);
#6850 = FACE_BOUND('',#6851,.F.);
#6851 = EDGE_LOOP('',(#6852,#6853,#6854,#6863,#6871,#6880,#6888,#6896,
    #6904,#6913,#6921,#6930));
#6852 = ORIENTED_EDGE('',*,*,#5471,.F.);
#6853 = ORIENTED_EDGE('',*,*,#5493,.T.);
#6854 = ORIENTED_EDGE('',*,*,#6855,.T.);
#6855 = EDGE_CURVE('',#5494,#6856,#6858,.T.);
#6856 = VERTEX_POINT('',#6857);
#6857 = CARTESIAN_POINT('',(0.948480775301,0.25,0.667364817767));
#6858 = CIRCLE('',#6859,0.1);
#6859 = AXIS2_PLACEMENT_3D('',#6860,#6861,#6862);
#6860 = CARTESIAN_POINT('',(0.85,0.25,0.65));
#6861 = DIRECTION('',(-1.110223024625E-16,1.,0.));
#6862 = DIRECTION('',(0.,0.,1.));
#6863 = ORIENTED_EDGE('',*,*,#6864,.T.);
#6864 = EDGE_CURVE('',#6856,#6865,#6867,.T.);
#6865 = VERTEX_POINT('',#6866);
#6866 = CARTESIAN_POINT('',(1.02432885403,0.25,0.206587955583));
#6867 = LINE('',#6868,#6869);
#6868 = CARTESIAN_POINT('',(0.948480775301,0.25,0.667364817767));
#6869 = VECTOR('',#6870,1.);
#6870 = DIRECTION('',(0.162423314012,1.803261029519E-17,-0.986721169868)
  );
#6871 = ORIENTED_EDGE('',*,*,#6872,.T.);
#6872 = EDGE_CURVE('',#6865,#6873,#6875,.T.);
#6873 = VERTEX_POINT('',#6874);
#6874 = CARTESIAN_POINT('',(1.270530792283,0.25,0.));
#6875 = CIRCLE('',#6876,0.25);
#6876 = AXIS2_PLACEMENT_3D('',#6877,#6878,#6879);
#6877 = CARTESIAN_POINT('',(1.270530792283,0.25,0.25));
#6878 = DIRECTION('',(1.110223024625E-16,-1.,-6.255634725081E-34));
#6879 = DIRECTION('',(-0.984807753012,-1.093356242223E-16,
    -0.173648177667));
#6880 = ORIENTED_EDGE('',*,*,#6881,.T.);
#6881 = EDGE_CURVE('',#6873,#6882,#6884,.T.);
#6882 = VERTEX_POINT('',#6883);
#6883 = CARTESIAN_POINT('',(1.4,0.25,0.));
#6884 = LINE('',#6885,#6886);
#6885 = CARTESIAN_POINT('',(1.270530792283,0.25,0.));
#6886 = VECTOR('',#6887,1.);
#6887 = DIRECTION('',(1.,1.110223024625E-16,0.));
#6888 = ORIENTED_EDGE('',*,*,#6889,.T.);
#6889 = EDGE_CURVE('',#6882,#6890,#6892,.T.);
#6890 = VERTEX_POINT('',#6891);
#6891 = CARTESIAN_POINT('',(1.4,0.25,0.15));
#6892 = LINE('',#6893,#6894);
#6893 = CARTESIAN_POINT('',(1.4,0.25,0.));
#6894 = VECTOR('',#6895,1.);
#6895 = DIRECTION('',(0.,0.,1.));
#6896 = ORIENTED_EDGE('',*,*,#6897,.T.);
#6897 = EDGE_CURVE('',#6890,#6898,#6900,.T.);
#6898 = VERTEX_POINT('',#6899);
#6899 = CARTESIAN_POINT('',(1.270530792283,0.25,0.15));
#6900 = LINE('',#6901,#6902);
#6901 = CARTESIAN_POINT('',(1.4,0.25,0.15));
#6902 = VECTOR('',#6903,1.);
#6903 = DIRECTION('',(-1.,-1.110223024625E-16,0.));
#6904 = ORIENTED_EDGE('',*,*,#6905,.T.);
#6905 = EDGE_CURVE('',#6898,#6906,#6908,.T.);
#6906 = VERTEX_POINT('',#6907);
#6907 = CARTESIAN_POINT('',(1.172050016982,0.25,0.232635182233));
#6908 = CIRCLE('',#6909,0.1);
#6909 = AXIS2_PLACEMENT_3D('',#6910,#6911,#6912);
#6910 = CARTESIAN_POINT('',(1.270530792283,0.25,0.25));
#6911 = DIRECTION('',(-1.110223024625E-16,1.,-1.094764425744E-47));
#6912 = DIRECTION('',(2.22044604925E-15,2.465190328815E-31,-1.));
#6913 = ORIENTED_EDGE('',*,*,#6914,.T.);
#6914 = EDGE_CURVE('',#6906,#6915,#6917,.T.);
#6915 = VERTEX_POINT('',#6916);
#6916 = CARTESIAN_POINT('',(1.096201938253,0.25,0.693412044417));
#6917 = LINE('',#6918,#6919);
#6918 = CARTESIAN_POINT('',(1.172050016982,0.25,0.232635182233));
#6919 = VECTOR('',#6920,1.);
#6920 = DIRECTION('',(-0.162423314012,-1.803261029519E-17,0.986721169868
    ));
#6921 = ORIENTED_EDGE('',*,*,#6922,.T.);
#6922 = EDGE_CURVE('',#6915,#6923,#6925,.T.);
#6923 = VERTEX_POINT('',#6924);
#6924 = CARTESIAN_POINT('',(0.85,0.25,0.9));
#6925 = CIRCLE('',#6926,0.25);
#6926 = AXIS2_PLACEMENT_3D('',#6927,#6928,#6929);
#6927 = CARTESIAN_POINT('',(0.85,0.25,0.65));
#6928 = DIRECTION('',(1.110223024625E-16,-1.,-6.255634725081E-34));
#6929 = DIRECTION('',(0.984807753012,1.093356242223E-16,0.173648177667)
  );
#6930 = ORIENTED_EDGE('',*,*,#6931,.T.);
#6931 = EDGE_CURVE('',#6923,#5472,#6932,.T.);
#6932 = LINE('',#6933,#6934);
#6933 = CARTESIAN_POINT('',(0.85,0.25,0.9));
#6934 = VECTOR('',#6935,1.);
#6935 = DIRECTION('',(-1.,-1.110223024625E-16,0.));
#6936 = PLANE('',#6937);
#6937 = AXIS2_PLACEMENT_3D('',#6938,#6939,#6940);
#6938 = CARTESIAN_POINT('',(1.069123385139,0.25,0.441695635315));
#6939 = DIRECTION('',(1.110223024625E-16,-1.,0.));
#6940 = DIRECTION('',(0.,0.,1.));
#6941 = ADVANCED_FACE('',(#6942),#6961,.F.);
#6942 = FACE_BOUND('',#6943,.F.);
#6943 = EDGE_LOOP('',(#6944,#6945,#6954,#6960));
#6944 = ORIENTED_EDGE('',*,*,#5510,.T.);
#6945 = ORIENTED_EDGE('',*,*,#6946,.T.);
#6946 = EDGE_CURVE('',#5503,#6947,#6949,.T.);
#6947 = VERTEX_POINT('',#6948);
#6948 = CARTESIAN_POINT('',(0.948480775301,-0.25,0.667364817767));
#6949 = CIRCLE('',#6950,0.1);
#6950 = AXIS2_PLACEMENT_3D('',#6951,#6952,#6953);
#6951 = CARTESIAN_POINT('',(0.85,-0.25,0.65));
#6952 = DIRECTION('',(-1.110223024625E-16,1.,0.));
#6953 = DIRECTION('',(0.,0.,1.));
#6954 = ORIENTED_EDGE('',*,*,#6955,.F.);
#6955 = EDGE_CURVE('',#6856,#6947,#6956,.T.);
#6956 = LINE('',#6957,#6958);
#6957 = CARTESIAN_POINT('',(0.948480775301,0.25,0.667364817767));
#6958 = VECTOR('',#6959,1.);
#6959 = DIRECTION('',(1.110223024625E-16,-1.,0.));
#6960 = ORIENTED_EDGE('',*,*,#6855,.F.);
#6961 = CYLINDRICAL_SURFACE('',#6962,0.1);
#6962 = AXIS2_PLACEMENT_3D('',#6963,#6964,#6965);
#6963 = CARTESIAN_POINT('',(0.85,0.25,0.65));
#6964 = DIRECTION('',(-1.110223024625E-16,1.,0.));
#6965 = DIRECTION('',(0.,0.,1.));
#6966 = ADVANCED_FACE('',(#6967),#7045,.T.);
#6967 = FACE_BOUND('',#6968,.T.);
#6968 = EDGE_LOOP('',(#6969,#6970,#6971,#6972,#6980,#6989,#6997,#7005,
    #7013,#7022,#7030,#7039));
#6969 = ORIENTED_EDGE('',*,*,#5524,.F.);
#6970 = ORIENTED_EDGE('',*,*,#5502,.T.);
#6971 = ORIENTED_EDGE('',*,*,#6946,.T.);
#6972 = ORIENTED_EDGE('',*,*,#6973,.T.);
#6973 = EDGE_CURVE('',#6947,#6974,#6976,.T.);
#6974 = VERTEX_POINT('',#6975);
#6975 = CARTESIAN_POINT('',(1.02432885403,-0.25,0.206587955583));
#6976 = LINE('',#6977,#6978);
#6977 = CARTESIAN_POINT('',(0.948480775301,-0.25,0.667364817767));
#6978 = VECTOR('',#6979,1.);
#6979 = DIRECTION('',(0.162423314012,1.803261029519E-17,-0.986721169868)
  );
#6980 = ORIENTED_EDGE('',*,*,#6981,.T.);
#6981 = EDGE_CURVE('',#6974,#6982,#6984,.T.);
#6982 = VERTEX_POINT('',#6983);
#6983 = CARTESIAN_POINT('',(1.270530792283,-0.25,0.));
#6984 = CIRCLE('',#6985,0.25);
#6985 = AXIS2_PLACEMENT_3D('',#6986,#6987,#6988);
#6986 = CARTESIAN_POINT('',(1.270530792283,-0.25,0.25));
#6987 = DIRECTION('',(1.110223024625E-16,-1.,-6.255634725081E-34));
#6988 = DIRECTION('',(-0.984807753012,-1.093356242223E-16,
    -0.173648177667));
#6989 = ORIENTED_EDGE('',*,*,#6990,.T.);
#6990 = EDGE_CURVE('',#6982,#6991,#6993,.T.);
#6991 = VERTEX_POINT('',#6992);
#6992 = CARTESIAN_POINT('',(1.4,-0.25,0.));
#6993 = LINE('',#6994,#6995);
#6994 = CARTESIAN_POINT('',(1.270530792283,-0.25,0.));
#6995 = VECTOR('',#6996,1.);
#6996 = DIRECTION('',(1.,1.110223024625E-16,0.));
#6997 = ORIENTED_EDGE('',*,*,#6998,.T.);
#6998 = EDGE_CURVE('',#6991,#6999,#7001,.T.);
#6999 = VERTEX_POINT('',#7000);
#7000 = CARTESIAN_POINT('',(1.4,-0.25,0.15));
#7001 = LINE('',#7002,#7003);
#7002 = CARTESIAN_POINT('',(1.4,-0.25,0.));
#7003 = VECTOR('',#7004,1.);
#7004 = DIRECTION('',(0.,0.,1.));
#7005 = ORIENTED_EDGE('',*,*,#7006,.T.);
#7006 = EDGE_CURVE('',#6999,#7007,#7009,.T.);
#7007 = VERTEX_POINT('',#7008);
#7008 = CARTESIAN_POINT('',(1.270530792283,-0.25,0.15));
#7009 = LINE('',#7010,#7011);
#7010 = CARTESIAN_POINT('',(1.4,-0.25,0.15));
#7011 = VECTOR('',#7012,1.);
#7012 = DIRECTION('',(-1.,-1.110223024625E-16,0.));
#7013 = ORIENTED_EDGE('',*,*,#7014,.T.);
#7014 = EDGE_CURVE('',#7007,#7015,#7017,.T.);
#7015 = VERTEX_POINT('',#7016);
#7016 = CARTESIAN_POINT('',(1.172050016982,-0.25,0.232635182233));
#7017 = CIRCLE('',#7018,0.1);
#7018 = AXIS2_PLACEMENT_3D('',#7019,#7020,#7021);
#7019 = CARTESIAN_POINT('',(1.270530792283,-0.25,0.25));
#7020 = DIRECTION('',(-1.110223024625E-16,1.,-1.094764425744E-47));
#7021 = DIRECTION('',(2.22044604925E-15,2.465190328815E-31,-1.));
#7022 = ORIENTED_EDGE('',*,*,#7023,.T.);
#7023 = EDGE_CURVE('',#7015,#7024,#7026,.T.);
#7024 = VERTEX_POINT('',#7025);
#7025 = CARTESIAN_POINT('',(1.096201938253,-0.25,0.693412044417));
#7026 = LINE('',#7027,#7028);
#7027 = CARTESIAN_POINT('',(1.172050016982,-0.25,0.232635182233));
#7028 = VECTOR('',#7029,1.);
#7029 = DIRECTION('',(-0.162423314012,-1.803261029519E-17,0.986721169868
    ));
#7030 = ORIENTED_EDGE('',*,*,#7031,.T.);
#7031 = EDGE_CURVE('',#7024,#7032,#7034,.T.);
#7032 = VERTEX_POINT('',#7033);
#7033 = CARTESIAN_POINT('',(0.85,-0.25,0.9));
#7034 = CIRCLE('',#7035,0.25);
#7035 = AXIS2_PLACEMENT_3D('',#7036,#7037,#7038);
#7036 = CARTESIAN_POINT('',(0.85,-0.25,0.65));
#7037 = DIRECTION('',(1.110223024625E-16,-1.,-6.255634725081E-34));
#7038 = DIRECTION('',(0.984807753012,1.093356242223E-16,0.173648177667)
  );
#7039 = ORIENTED_EDGE('',*,*,#7040,.T.);
#7040 = EDGE_CURVE('',#7032,#5525,#7041,.T.);
#7041 = LINE('',#7042,#7043);
#7042 = CARTESIAN_POINT('',(0.85,-0.25,0.9));
#7043 = VECTOR('',#7044,1.);
#7044 = DIRECTION('',(-1.,-1.110223024625E-16,0.));
#7045 = PLANE('',#7046);
#7046 = AXIS2_PLACEMENT_3D('',#7047,#7048,#7049);
#7047 = CARTESIAN_POINT('',(1.069123385139,-0.25,0.441695635315));
#7048 = DIRECTION('',(1.110223024625E-16,-1.,0.));
#7049 = DIRECTION('',(0.,0.,1.));
#7050 = ADVANCED_FACE('',(#7051),#7067,.F.);
#7051 = FACE_BOUND('',#7052,.F.);
#7052 = EDGE_LOOP('',(#7053,#7059,#7060,#7066));
#7053 = ORIENTED_EDGE('',*,*,#7054,.F.);
#7054 = EDGE_CURVE('',#5525,#5881,#7055,.T.);
#7055 = LINE('',#7056,#7057);
#7056 = CARTESIAN_POINT('',(0.85,-0.25,0.9));
#7057 = VECTOR('',#7058,1.);
#7058 = DIRECTION('',(-1.,-1.110223024625E-16,0.));
#7059 = ORIENTED_EDGE('',*,*,#5541,.T.);
#7060 = ORIENTED_EDGE('',*,*,#7061,.T.);
#7061 = EDGE_CURVE('',#5534,#5889,#7062,.T.);
#7062 = LINE('',#7063,#7064);
#7063 = CARTESIAN_POINT('',(0.85,-0.7,0.9));
#7064 = VECTOR('',#7065,1.);
#7065 = DIRECTION('',(-1.,-1.110223024625E-16,0.));
#7066 = ORIENTED_EDGE('',*,*,#5888,.F.);
#7067 = PLANE('',#7068);
#7068 = AXIS2_PLACEMENT_3D('',#7069,#7070,#7071);
#7069 = CARTESIAN_POINT('',(-2.091417030376E-16,1.4375,0.9));
#7070 = DIRECTION('',(4.595758349624E-18,6.551522493592E-27,-1.));
#7071 = DIRECTION('',(1.,1.51922136901E-16,4.595758349624E-18));
#7072 = ADVANCED_FACE('',(#7073),#7159,.F.);
#7073 = FACE_BOUND('',#7074,.F.);
#7074 = EDGE_LOOP('',(#7075,#7076,#7077,#7086,#7094,#7103,#7111,#7119,
    #7127,#7136,#7144,#7153));
#7075 = ORIENTED_EDGE('',*,*,#5533,.F.);
#7076 = ORIENTED_EDGE('',*,*,#5555,.T.);
#7077 = ORIENTED_EDGE('',*,*,#7078,.T.);
#7078 = EDGE_CURVE('',#5556,#7079,#7081,.T.);
#7079 = VERTEX_POINT('',#7080);
#7080 = CARTESIAN_POINT('',(0.948480775301,-0.7,0.667364817767));
#7081 = CIRCLE('',#7082,0.1);
#7082 = AXIS2_PLACEMENT_3D('',#7083,#7084,#7085);
#7083 = CARTESIAN_POINT('',(0.85,-0.7,0.65));
#7084 = DIRECTION('',(-1.110223024625E-16,1.,0.));
#7085 = DIRECTION('',(0.,0.,1.));
#7086 = ORIENTED_EDGE('',*,*,#7087,.T.);
#7087 = EDGE_CURVE('',#7079,#7088,#7090,.T.);
#7088 = VERTEX_POINT('',#7089);
#7089 = CARTESIAN_POINT('',(1.02432885403,-0.7,0.206587955583));
#7090 = LINE('',#7091,#7092);
#7091 = CARTESIAN_POINT('',(0.948480775301,-0.7,0.667364817767));
#7092 = VECTOR('',#7093,1.);
#7093 = DIRECTION('',(0.162423314012,1.803261029519E-17,-0.986721169868)
  );
#7094 = ORIENTED_EDGE('',*,*,#7095,.T.);
#7095 = EDGE_CURVE('',#7088,#7096,#7098,.T.);
#7096 = VERTEX_POINT('',#7097);
#7097 = CARTESIAN_POINT('',(1.270530792283,-0.7,0.));
#7098 = CIRCLE('',#7099,0.25);
#7099 = AXIS2_PLACEMENT_3D('',#7100,#7101,#7102);
#7100 = CARTESIAN_POINT('',(1.270530792283,-0.7,0.25));
#7101 = DIRECTION('',(1.110223024625E-16,-1.,-6.255634725081E-34));
#7102 = DIRECTION('',(-0.984807753012,-1.093356242223E-16,
    -0.173648177667));
#7103 = ORIENTED_EDGE('',*,*,#7104,.T.);
#7104 = EDGE_CURVE('',#7096,#7105,#7107,.T.);
#7105 = VERTEX_POINT('',#7106);
#7106 = CARTESIAN_POINT('',(1.4,-0.7,0.));
#7107 = LINE('',#7108,#7109);
#7108 = CARTESIAN_POINT('',(1.270530792283,-0.7,0.));
#7109 = VECTOR('',#7110,1.);
#7110 = DIRECTION('',(1.,1.110223024625E-16,0.));
#7111 = ORIENTED_EDGE('',*,*,#7112,.T.);
#7112 = EDGE_CURVE('',#7105,#7113,#7115,.T.);
#7113 = VERTEX_POINT('',#7114);
#7114 = CARTESIAN_POINT('',(1.4,-0.7,0.15));
#7115 = LINE('',#7116,#7117);
#7116 = CARTESIAN_POINT('',(1.4,-0.7,0.));
#7117 = VECTOR('',#7118,1.);
#7118 = DIRECTION('',(0.,0.,1.));
#7119 = ORIENTED_EDGE('',*,*,#7120,.T.);
#7120 = EDGE_CURVE('',#7113,#7121,#7123,.T.);
#7121 = VERTEX_POINT('',#7122);
#7122 = CARTESIAN_POINT('',(1.270530792283,-0.7,0.15));
#7123 = LINE('',#7124,#7125);
#7124 = CARTESIAN_POINT('',(1.4,-0.7,0.15));
#7125 = VECTOR('',#7126,1.);
#7126 = DIRECTION('',(-1.,-1.110223024625E-16,0.));
#7127 = ORIENTED_EDGE('',*,*,#7128,.T.);
#7128 = EDGE_CURVE('',#7121,#7129,#7131,.T.);
#7129 = VERTEX_POINT('',#7130);
#7130 = CARTESIAN_POINT('',(1.172050016982,-0.7,0.232635182233));
#7131 = CIRCLE('',#7132,0.1);
#7132 = AXIS2_PLACEMENT_3D('',#7133,#7134,#7135);
#7133 = CARTESIAN_POINT('',(1.270530792283,-0.7,0.25));
#7134 = DIRECTION('',(-1.110223024625E-16,1.,-1.094764425744E-47));
#7135 = DIRECTION('',(2.22044604925E-15,2.465190328815E-31,-1.));
#7136 = ORIENTED_EDGE('',*,*,#7137,.T.);
#7137 = EDGE_CURVE('',#7129,#7138,#7140,.T.);
#7138 = VERTEX_POINT('',#7139);
#7139 = CARTESIAN_POINT('',(1.096201938253,-0.7,0.693412044417));
#7140 = LINE('',#7141,#7142);
#7141 = CARTESIAN_POINT('',(1.172050016982,-0.7,0.232635182233));
#7142 = VECTOR('',#7143,1.);
#7143 = DIRECTION('',(-0.162423314012,-1.803261029519E-17,0.986721169868
    ));
#7144 = ORIENTED_EDGE('',*,*,#7145,.T.);
#7145 = EDGE_CURVE('',#7138,#7146,#7148,.T.);
#7146 = VERTEX_POINT('',#7147);
#7147 = CARTESIAN_POINT('',(0.85,-0.7,0.9));
#7148 = CIRCLE('',#7149,0.25);
#7149 = AXIS2_PLACEMENT_3D('',#7150,#7151,#7152);
#7150 = CARTESIAN_POINT('',(0.85,-0.7,0.65));
#7151 = DIRECTION('',(1.110223024625E-16,-1.,-6.255634725081E-34));
#7152 = DIRECTION('',(0.984807753012,1.093356242223E-16,0.173648177667)
  );
#7153 = ORIENTED_EDGE('',*,*,#7154,.T.);
#7154 = EDGE_CURVE('',#7146,#5534,#7155,.T.);
#7155 = LINE('',#7156,#7157);
#7156 = CARTESIAN_POINT('',(0.85,-0.7,0.9));
#7157 = VECTOR('',#7158,1.);
#7158 = DIRECTION('',(-1.,-1.110223024625E-16,0.));
#7159 = PLANE('',#7160);
#7160 = AXIS2_PLACEMENT_3D('',#7161,#7162,#7163);
#7161 = CARTESIAN_POINT('',(1.069123385139,-0.7,0.441695635315));
#7162 = DIRECTION('',(1.110223024625E-16,-1.,0.));
#7163 = DIRECTION('',(0.,0.,1.));
#7164 = ADVANCED_FACE('',(#7165),#7184,.F.);
#7165 = FACE_BOUND('',#7166,.F.);
#7166 = EDGE_LOOP('',(#7167,#7168,#7177,#7183));
#7167 = ORIENTED_EDGE('',*,*,#5572,.T.);
#7168 = ORIENTED_EDGE('',*,*,#7169,.T.);
#7169 = EDGE_CURVE('',#5565,#7170,#7172,.T.);
#7170 = VERTEX_POINT('',#7171);
#7171 = CARTESIAN_POINT('',(0.948480775301,-1.2,0.667364817767));
#7172 = CIRCLE('',#7173,0.1);
#7173 = AXIS2_PLACEMENT_3D('',#7174,#7175,#7176);
#7174 = CARTESIAN_POINT('',(0.85,-1.2,0.65));
#7175 = DIRECTION('',(-1.110223024625E-16,1.,0.));
#7176 = DIRECTION('',(0.,0.,1.));
#7177 = ORIENTED_EDGE('',*,*,#7178,.F.);
#7178 = EDGE_CURVE('',#7079,#7170,#7179,.T.);
#7179 = LINE('',#7180,#7181);
#7180 = CARTESIAN_POINT('',(0.948480775301,-0.7,0.667364817767));
#7181 = VECTOR('',#7182,1.);
#7182 = DIRECTION('',(1.110223024625E-16,-1.,0.));
#7183 = ORIENTED_EDGE('',*,*,#7078,.F.);
#7184 = CYLINDRICAL_SURFACE('',#7185,0.1);
#7185 = AXIS2_PLACEMENT_3D('',#7186,#7187,#7188);
#7186 = CARTESIAN_POINT('',(0.85,-0.7,0.65));
#7187 = DIRECTION('',(-1.110223024625E-16,1.,0.));
#7188 = DIRECTION('',(0.,0.,1.));
#7189 = ADVANCED_FACE('',(#7190),#7268,.T.);
#7190 = FACE_BOUND('',#7191,.T.);
#7191 = EDGE_LOOP('',(#7192,#7193,#7194,#7195,#7203,#7212,#7220,#7228,
    #7236,#7245,#7253,#7262));
#7192 = ORIENTED_EDGE('',*,*,#5586,.F.);
#7193 = ORIENTED_EDGE('',*,*,#5564,.T.);
#7194 = ORIENTED_EDGE('',*,*,#7169,.T.);
#7195 = ORIENTED_EDGE('',*,*,#7196,.T.);
#7196 = EDGE_CURVE('',#7170,#7197,#7199,.T.);
#7197 = VERTEX_POINT('',#7198);
#7198 = CARTESIAN_POINT('',(1.02432885403,-1.2,0.206587955583));
#7199 = LINE('',#7200,#7201);
#7200 = CARTESIAN_POINT('',(0.948480775301,-1.2,0.667364817767));
#7201 = VECTOR('',#7202,1.);
#7202 = DIRECTION('',(0.162423314012,1.803261029519E-17,-0.986721169868)
  );
#7203 = ORIENTED_EDGE('',*,*,#7204,.T.);
#7204 = EDGE_CURVE('',#7197,#7205,#7207,.T.);
#7205 = VERTEX_POINT('',#7206);
#7206 = CARTESIAN_POINT('',(1.270530792283,-1.2,0.));
#7207 = CIRCLE('',#7208,0.25);
#7208 = AXIS2_PLACEMENT_3D('',#7209,#7210,#7211);
#7209 = CARTESIAN_POINT('',(1.270530792283,-1.2,0.25));
#7210 = DIRECTION('',(1.110223024625E-16,-1.,-6.255634725081E-34));
#7211 = DIRECTION('',(-0.984807753012,-1.093356242223E-16,
    -0.173648177667));
#7212 = ORIENTED_EDGE('',*,*,#7213,.T.);
#7213 = EDGE_CURVE('',#7205,#7214,#7216,.T.);
#7214 = VERTEX_POINT('',#7215);
#7215 = CARTESIAN_POINT('',(1.4,-1.2,0.));
#7216 = LINE('',#7217,#7218);
#7217 = CARTESIAN_POINT('',(1.270530792283,-1.2,0.));
#7218 = VECTOR('',#7219,1.);
#7219 = DIRECTION('',(1.,1.110223024625E-16,0.));
#7220 = ORIENTED_EDGE('',*,*,#7221,.T.);
#7221 = EDGE_CURVE('',#7214,#7222,#7224,.T.);
#7222 = VERTEX_POINT('',#7223);
#7223 = CARTESIAN_POINT('',(1.4,-1.2,0.15));
#7224 = LINE('',#7225,#7226);
#7225 = CARTESIAN_POINT('',(1.4,-1.2,0.));
#7226 = VECTOR('',#7227,1.);
#7227 = DIRECTION('',(0.,0.,1.));
#7228 = ORIENTED_EDGE('',*,*,#7229,.T.);
#7229 = EDGE_CURVE('',#7222,#7230,#7232,.T.);
#7230 = VERTEX_POINT('',#7231);
#7231 = CARTESIAN_POINT('',(1.270530792283,-1.2,0.15));
#7232 = LINE('',#7233,#7234);
#7233 = CARTESIAN_POINT('',(1.4,-1.2,0.15));
#7234 = VECTOR('',#7235,1.);
#7235 = DIRECTION('',(-1.,-1.110223024625E-16,0.));
#7236 = ORIENTED_EDGE('',*,*,#7237,.T.);
#7237 = EDGE_CURVE('',#7230,#7238,#7240,.T.);
#7238 = VERTEX_POINT('',#7239);
#7239 = CARTESIAN_POINT('',(1.172050016982,-1.2,0.232635182233));
#7240 = CIRCLE('',#7241,0.1);
#7241 = AXIS2_PLACEMENT_3D('',#7242,#7243,#7244);
#7242 = CARTESIAN_POINT('',(1.270530792283,-1.2,0.25));
#7243 = DIRECTION('',(-1.110223024625E-16,1.,-1.094764425744E-47));
#7244 = DIRECTION('',(2.22044604925E-15,2.465190328815E-31,-1.));
#7245 = ORIENTED_EDGE('',*,*,#7246,.T.);
#7246 = EDGE_CURVE('',#7238,#7247,#7249,.T.);
#7247 = VERTEX_POINT('',#7248);
#7248 = CARTESIAN_POINT('',(1.096201938253,-1.2,0.693412044417));
#7249 = LINE('',#7250,#7251);
#7250 = CARTESIAN_POINT('',(1.172050016982,-1.2,0.232635182233));
#7251 = VECTOR('',#7252,1.);
#7252 = DIRECTION('',(-0.162423314012,-1.803261029519E-17,0.986721169868
    ));
#7253 = ORIENTED_EDGE('',*,*,#7254,.T.);
#7254 = EDGE_CURVE('',#7247,#7255,#7257,.T.);
#7255 = VERTEX_POINT('',#7256);
#7256 = CARTESIAN_POINT('',(0.85,-1.2,0.9));
#7257 = CIRCLE('',#7258,0.25);
#7258 = AXIS2_PLACEMENT_3D('',#7259,#7260,#7261);
#7259 = CARTESIAN_POINT('',(0.85,-1.2,0.65));
#7260 = DIRECTION('',(1.110223024625E-16,-1.,-6.255634725081E-34));
#7261 = DIRECTION('',(0.984807753012,1.093356242223E-16,0.173648177667)
  );
#7262 = ORIENTED_EDGE('',*,*,#7263,.T.);
#7263 = EDGE_CURVE('',#7255,#5587,#7264,.T.);
#7264 = LINE('',#7265,#7266);
#7265 = CARTESIAN_POINT('',(0.85,-1.2,0.9));
#7266 = VECTOR('',#7267,1.);
#7267 = DIRECTION('',(-1.,-1.110223024625E-16,0.));
#7268 = PLANE('',#7269);
#7269 = AXIS2_PLACEMENT_3D('',#7270,#7271,#7272);
#7270 = CARTESIAN_POINT('',(1.069123385139,-1.2,0.441695635315));
#7271 = DIRECTION('',(1.110223024625E-16,-1.,0.));
#7272 = DIRECTION('',(0.,0.,1.));
#7273 = ADVANCED_FACE('',(#7274),#7285,.T.);
#7274 = FACE_BOUND('',#7275,.T.);
#7275 = EDGE_LOOP('',(#7276,#7277,#7278,#7279));
#7276 = ORIENTED_EDGE('',*,*,#6531,.T.);
#7277 = ORIENTED_EDGE('',*,*,#5687,.T.);
#7278 = ORIENTED_EDGE('',*,*,#6633,.F.);
#7279 = ORIENTED_EDGE('',*,*,#7280,.F.);
#7280 = EDGE_CURVE('',#6524,#6626,#7281,.T.);
#7281 = LINE('',#7282,#7283);
#7282 = CARTESIAN_POINT('',(-1.096201938253,0.7,0.693412044417));
#7283 = VECTOR('',#7284,1.);
#7284 = DIRECTION('',(1.144237745222E-17,1.,0.));
#7285 = CYLINDRICAL_SURFACE('',#7286,0.25);
#7286 = AXIS2_PLACEMENT_3D('',#7287,#7288,#7289);
#7287 = CARTESIAN_POINT('',(-0.85,0.7,0.65));
#7288 = DIRECTION('',(-1.144237745222E-17,-1.,0.));
#7289 = DIRECTION('',(-0.984807753012,1.126854202784E-17,0.173648177667)
  );
#7290 = ADVANCED_FACE('',(#7291),#7304,.F.);
#7291 = FACE_BOUND('',#7292,.F.);
#7292 = EDGE_LOOP('',(#7293,#7294,#7300,#7301,#7302,#7303));
#7293 = ORIENTED_EDGE('',*,*,#6099,.F.);
#7294 = ORIENTED_EDGE('',*,*,#7295,.T.);
#7295 = EDGE_CURVE('',#6091,#6200,#7296,.T.);
#7296 = LINE('',#7297,#7298);
#7297 = CARTESIAN_POINT('',(-0.85,-1.2,0.9));
#7298 = VECTOR('',#7299,1.);
#7299 = DIRECTION('',(1.144237745222E-17,1.,0.));
#7300 = ORIENTED_EDGE('',*,*,#6208,.T.);
#7301 = ORIENTED_EDGE('',*,*,#6230,.T.);
#7302 = ORIENTED_EDGE('',*,*,#5734,.F.);
#7303 = ORIENTED_EDGE('',*,*,#5973,.F.);
#7304 = PLANE('',#7305);
#7305 = AXIS2_PLACEMENT_3D('',#7306,#7307,#7308);
#7306 = CARTESIAN_POINT('',(-0.85,-1.2,0.9));
#7307 = DIRECTION('',(0.,0.,-1.));
#7308 = DIRECTION('',(1.,-1.144237745222E-17,0.));
#7309 = ADVANCED_FACE('',(#7310),#7323,.F.);
#7310 = FACE_BOUND('',#7311,.F.);
#7311 = EDGE_LOOP('',(#7312,#7313,#7319,#7320,#7321,#7322));
#7312 = ORIENTED_EDGE('',*,*,#6322,.F.);
#7313 = ORIENTED_EDGE('',*,*,#7314,.T.);
#7314 = EDGE_CURVE('',#6314,#6423,#7315,.T.);
#7315 = LINE('',#7316,#7317);
#7316 = CARTESIAN_POINT('',(-0.85,-0.25,0.9));
#7317 = VECTOR('',#7318,1.);
#7318 = DIRECTION('',(1.144237745222E-17,1.,0.));
#7319 = ORIENTED_EDGE('',*,*,#6431,.T.);
#7320 = ORIENTED_EDGE('',*,*,#6448,.T.);
#7321 = ORIENTED_EDGE('',*,*,#5750,.F.);
#7322 = ORIENTED_EDGE('',*,*,#6223,.F.);
#7323 = PLANE('',#7324);
#7324 = AXIS2_PLACEMENT_3D('',#7325,#7326,#7327);
#7325 = CARTESIAN_POINT('',(-0.85,-0.25,0.9));
#7326 = DIRECTION('',(0.,0.,-1.));
#7327 = DIRECTION('',(1.,-1.144237745222E-17,0.));
#7328 = ADVANCED_FACE('',(#7329,#7358),#7369,.T.);
#7329 = FACE_BOUND('',#7330,.T.);
#7330 = EDGE_LOOP('',(#7331,#7332,#7333,#7334,#7342,#7350,#7356,#7357));
#7331 = ORIENTED_EDGE('',*,*,#5825,.F.);
#7332 = ORIENTED_EDGE('',*,*,#5802,.F.);
#7333 = ORIENTED_EDGE('',*,*,#5773,.F.);
#7334 = ORIENTED_EDGE('',*,*,#7335,.F.);
#7335 = EDGE_CURVE('',#7336,#5774,#7338,.T.);
#7336 = VERTEX_POINT('',#7337);
#7337 = CARTESIAN_POINT('',(-0.646824228722,-1.333648457443,1.55));
#7338 = LINE('',#7339,#7340);
#7339 = CARTESIAN_POINT('',(-0.646824228722,-1.333648457443,1.55));
#7340 = VECTOR('',#7341,1.);
#7341 = DIRECTION('',(-0.707106781187,0.707106781187,0.));
#7342 = ORIENTED_EDGE('',*,*,#7343,.F.);
#7343 = EDGE_CURVE('',#7344,#7336,#7346,.T.);
#7344 = VERTEX_POINT('',#7345);
#7345 = CARTESIAN_POINT('',(0.646824228722,-1.333648457443,1.55));
#7346 = LINE('',#7347,#7348);
#7347 = CARTESIAN_POINT('',(0.646824228722,-1.333648457443,1.55));
#7348 = VECTOR('',#7349,1.);
#7349 = DIRECTION('',(-1.,-1.110223024625E-16,0.));
#7350 = ORIENTED_EDGE('',*,*,#7351,.F.);
#7351 = EDGE_CURVE('',#5913,#7344,#7352,.T.);
#7352 = LINE('',#7353,#7354);
#7353 = CARTESIAN_POINT('',(0.683648457443,-1.296824228722,1.55));
#7354 = VECTOR('',#7355,1.);
#7355 = DIRECTION('',(-0.707106781187,-0.707106781187,0.));
#7356 = ORIENTED_EDGE('',*,*,#5919,.F.);
#7357 = ORIENTED_EDGE('',*,*,#5848,.F.);
#7358 = FACE_BOUND('',#7359,.T.);
#7359 = EDGE_LOOP('',(#7360));
#7360 = ORIENTED_EDGE('',*,*,#7361,.T.);
#7361 = EDGE_CURVE('',#7362,#7362,#7364,.T.);
#7362 = VERTEX_POINT('',#7363);
#7363 = CARTESIAN_POINT('',(-0.333648457443,0.858648457443,1.55));
#7364 = CIRCLE('',#7365,0.125);
#7365 = AXIS2_PLACEMENT_3D('',#7366,#7367,#7368);
#7366 = CARTESIAN_POINT('',(-0.333648457443,0.983648457443,1.55));
#7367 = DIRECTION('',(0.,-0.,-1.));
#7368 = DIRECTION('',(1.110223024625E-16,-1.,0.));
#7369 = PLANE('',#7370);
#7370 = AXIS2_PLACEMENT_3D('',#7371,#7372,#7373);
#7371 = CARTESIAN_POINT('',(-0.646824228722,1.333648457443,1.55));
#7372 = DIRECTION('',(0.,0.,1.));
#7373 = DIRECTION('',(0.436386464522,-0.899759330922,0.));
#7374 = ADVANCED_FACE('',(#7375),#7385,.F.);
#7375 = FACE_BOUND('',#7376,.F.);
#7376 = EDGE_LOOP('',(#7377,#7378,#7379,#7380));
#7377 = ORIENTED_EDGE('',*,*,#5980,.T.);
#7378 = ORIENTED_EDGE('',*,*,#5781,.T.);
#7379 = ORIENTED_EDGE('',*,*,#7335,.F.);
#7380 = ORIENTED_EDGE('',*,*,#7381,.F.);
#7381 = EDGE_CURVE('',#5981,#7336,#7382,.T.);
#7382 = B_SPLINE_CURVE_WITH_KNOTS('',1,(#7383,#7384),.UNSPECIFIED.,.F.,
  .F.,(2,2),(0.,1.),.PIECEWISE_BEZIER_KNOTS.);
#7383 = CARTESIAN_POINT('',(-0.6925,-1.425,0.9));
#7384 = CARTESIAN_POINT('',(-0.646824228722,-1.333648457443,1.55));
#7385 = B_SPLINE_SURFACE_WITH_KNOTS('',1,1,(
    (#7386,#7387)
    ,(#7388,#7389
    )),.UNSPECIFIED.,.F.,.F.,.F.,(2,2),(2,2),(0.,0.116672618896),(0.,1.)
  ,.PIECEWISE_BEZIER_KNOTS.);
#7386 = CARTESIAN_POINT('',(-0.6925,-1.425,0.9));
#7387 = CARTESIAN_POINT('',(-0.646824228722,-1.333648457443,1.55));
#7388 = CARTESIAN_POINT('',(-0.775,-1.3425,0.9));
#7389 = CARTESIAN_POINT('',(-0.683648457443,-1.296824228722,1.55));
#7390 = ADVANCED_FACE('',(#7391),#7404,.F.);
#7391 = FACE_BOUND('',#7392,.F.);
#7392 = EDGE_LOOP('',(#7393,#7394,#7400,#7401,#7402,#7403));
#7393 = ORIENTED_EDGE('',*,*,#6931,.F.);
#7394 = ORIENTED_EDGE('',*,*,#7395,.T.);
#7395 = EDGE_CURVE('',#6923,#7032,#7396,.T.);
#7396 = LINE('',#7397,#7398);
#7397 = CARTESIAN_POINT('',(0.85,0.25,0.9));
#7398 = VECTOR('',#7399,1.);
#7399 = DIRECTION('',(1.110223024625E-16,-1.,0.));
#7400 = ORIENTED_EDGE('',*,*,#7040,.T.);
#7401 = ORIENTED_EDGE('',*,*,#7054,.T.);
#7402 = ORIENTED_EDGE('',*,*,#5880,.F.);
#7403 = ORIENTED_EDGE('',*,*,#6838,.F.);
#7404 = PLANE('',#7405);
#7405 = AXIS2_PLACEMENT_3D('',#7406,#7407,#7408);
#7406 = CARTESIAN_POINT('',(0.85,0.25,0.9));
#7407 = DIRECTION('',(0.,0.,-1.));
#7408 = DIRECTION('',(-1.,-1.110223024625E-16,-0.));
#7409 = ADVANCED_FACE('',(#7410),#7423,.F.);
#7410 = FACE_BOUND('',#7411,.F.);
#7411 = EDGE_LOOP('',(#7412,#7413,#7419,#7420,#7421,#7422));
#7412 = ORIENTED_EDGE('',*,*,#7154,.F.);
#7413 = ORIENTED_EDGE('',*,*,#7414,.T.);
#7414 = EDGE_CURVE('',#7146,#7255,#7415,.T.);
#7415 = LINE('',#7416,#7417);
#7416 = CARTESIAN_POINT('',(0.85,-0.7,0.9));
#7417 = VECTOR('',#7418,1.);
#7418 = DIRECTION('',(1.110223024625E-16,-1.,0.));
#7419 = ORIENTED_EDGE('',*,*,#7263,.T.);
#7420 = ORIENTED_EDGE('',*,*,#6003,.T.);
#7421 = ORIENTED_EDGE('',*,*,#5896,.F.);
#7422 = ORIENTED_EDGE('',*,*,#7061,.F.);
#7423 = PLANE('',#7424);
#7424 = AXIS2_PLACEMENT_3D('',#7425,#7426,#7427);
#7425 = CARTESIAN_POINT('',(0.85,-0.7,0.9));
#7426 = DIRECTION('',(0.,0.,-1.));
#7427 = DIRECTION('',(-1.,-1.110223024625E-16,-0.));
#7428 = ADVANCED_FACE('',(#7429),#7439,.F.);
#7429 = FACE_BOUND('',#7430,.F.);
#7430 = EDGE_LOOP('',(#7431,#7432,#7437,#7438));
#7431 = ORIENTED_EDGE('',*,*,#5996,.T.);
#7432 = ORIENTED_EDGE('',*,*,#7433,.T.);
#7433 = EDGE_CURVE('',#5989,#7344,#7434,.T.);
#7434 = B_SPLINE_CURVE_WITH_KNOTS('',1,(#7435,#7436),.UNSPECIFIED.,.F.,
  .F.,(2,2),(0.,1.),.PIECEWISE_BEZIER_KNOTS.);
#7435 = CARTESIAN_POINT('',(0.6925,-1.425,0.9));
#7436 = CARTESIAN_POINT('',(0.646824228722,-1.333648457443,1.55));
#7437 = ORIENTED_EDGE('',*,*,#7351,.F.);
#7438 = ORIENTED_EDGE('',*,*,#5912,.F.);
#7439 = B_SPLINE_SURFACE_WITH_KNOTS('',1,1,(
    (#7440,#7441)
    ,(#7442,#7443
    )),.UNSPECIFIED.,.F.,.F.,.F.,(2,2),(2,2),(0.,0.116672618896),(0.,1.)
  ,.PIECEWISE_BEZIER_KNOTS.);
#7440 = CARTESIAN_POINT('',(0.775,-1.3425,0.9));
#7441 = CARTESIAN_POINT('',(0.683648457443,-1.296824228722,1.55));
#7442 = CARTESIAN_POINT('',(0.6925,-1.425,0.9));
#7443 = CARTESIAN_POINT('',(0.646824228722,-1.333648457443,1.55));
#7444 = ADVANCED_FACE('',(#7445),#7456,.T.);
#7445 = FACE_BOUND('',#7446,.T.);
#7446 = EDGE_LOOP('',(#7447,#7448,#7449,#7450));
#7447 = ORIENTED_EDGE('',*,*,#6718,.T.);
#7448 = ORIENTED_EDGE('',*,*,#5942,.T.);
#7449 = ORIENTED_EDGE('',*,*,#6820,.F.);
#7450 = ORIENTED_EDGE('',*,*,#7451,.F.);
#7451 = EDGE_CURVE('',#6711,#6813,#7452,.T.);
#7452 = LINE('',#7453,#7454);
#7453 = CARTESIAN_POINT('',(1.096201938253,1.2,0.693412044417));
#7454 = VECTOR('',#7455,1.);
#7455 = DIRECTION('',(1.110223024625E-16,-1.,0.));
#7456 = CYLINDRICAL_SURFACE('',#7457,0.25);
#7457 = AXIS2_PLACEMENT_3D('',#7458,#7459,#7460);
#7458 = CARTESIAN_POINT('',(0.85,1.2,0.65));
#7459 = DIRECTION('',(-1.110223024625E-16,1.,0.));
#7460 = DIRECTION('',(0.984807753012,1.093356242223E-16,0.173648177667)
  );
#7461 = ADVANCED_FACE('',(#7462),#7468,.F.);
#7462 = FACE_BOUND('',#7463,.F.);
#7463 = EDGE_LOOP('',(#7464,#7465,#7466,#7467));
#7464 = ORIENTED_EDGE('',*,*,#5988,.T.);
#7465 = ORIENTED_EDGE('',*,*,#7381,.T.);
#7466 = ORIENTED_EDGE('',*,*,#7343,.F.);
#7467 = ORIENTED_EDGE('',*,*,#7433,.F.);
#7468 = B_SPLINE_SURFACE_WITH_KNOTS('',1,1,(
    (#7469,#7470)
    ,(#7471,#7472
    )),.UNSPECIFIED.,.F.,.F.,.F.,(2,2),(2,2),(0.,1.385),(0.,1.),
  .PIECEWISE_BEZIER_KNOTS.);
#7469 = CARTESIAN_POINT('',(0.6925,-1.425,0.9));
#7470 = CARTESIAN_POINT('',(0.646824228722,-1.333648457443,1.55));
#7471 = CARTESIAN_POINT('',(-0.6925,-1.425,0.9));
#7472 = CARTESIAN_POINT('',(-0.646824228722,-1.333648457443,1.55));
#7473 = ADVANCED_FACE('',(#7474),#7485,.T.);
#7474 = FACE_BOUND('',#7475,.T.);
#7475 = EDGE_LOOP('',(#7476,#7477,#7478,#7479));
#7476 = ORIENTED_EDGE('',*,*,#6090,.T.);
#7477 = ORIENTED_EDGE('',*,*,#7295,.T.);
#7478 = ORIENTED_EDGE('',*,*,#6199,.F.);
#7479 = ORIENTED_EDGE('',*,*,#7480,.F.);
#7480 = EDGE_CURVE('',#6083,#6192,#7481,.T.);
#7481 = LINE('',#7482,#7483);
#7482 = CARTESIAN_POINT('',(-1.096201938253,-1.2,0.693412044417));
#7483 = VECTOR('',#7484,1.);
#7484 = DIRECTION('',(1.144237745222E-17,1.,0.));
#7485 = CYLINDRICAL_SURFACE('',#7486,0.25);
#7486 = AXIS2_PLACEMENT_3D('',#7487,#7488,#7489);
#7487 = CARTESIAN_POINT('',(-0.85,-1.2,0.65));
#7488 = DIRECTION('',(-1.144237745222E-17,-1.,0.));
#7489 = DIRECTION('',(-0.984807753012,1.126854202784E-17,0.173648177667)
  );
#7490 = ADVANCED_FACE('',(#7491),#7502,.F.);
#7491 = FACE_BOUND('',#7492,.F.);
#7492 = EDGE_LOOP('',(#7493,#7499,#7500,#7501));
#7493 = ORIENTED_EDGE('',*,*,#7494,.T.);
#7494 = EDGE_CURVE('',#6074,#6183,#7495,.T.);
#7495 = LINE('',#7496,#7497);
#7496 = CARTESIAN_POINT('',(-1.172050016982,-1.2,0.232635182233));
#7497 = VECTOR('',#7498,1.);
#7498 = DIRECTION('',(1.144237745222E-17,1.,0.));
#7499 = ORIENTED_EDGE('',*,*,#6191,.T.);
#7500 = ORIENTED_EDGE('',*,*,#7480,.F.);
#7501 = ORIENTED_EDGE('',*,*,#6082,.F.);
#7502 = PLANE('',#7503);
#7503 = AXIS2_PLACEMENT_3D('',#7504,#7505,#7506);
#7504 = CARTESIAN_POINT('',(-1.172050016982,-1.2,0.232635182233));
#7505 = DIRECTION('',(0.986721169868,-1.129043606572E-17,-0.162423314012
    ));
#7506 = DIRECTION('',(0.162423314012,-1.858508865964E-18,0.986721169868)
  );
#7507 = ADVANCED_FACE('',(#7508),#7519,.F.);
#7508 = FACE_BOUND('',#7509,.F.);
#7509 = EDGE_LOOP('',(#7510,#7516,#7517,#7518));
#7510 = ORIENTED_EDGE('',*,*,#7511,.T.);
#7511 = EDGE_CURVE('',#6066,#6175,#7512,.T.);
#7512 = LINE('',#7513,#7514);
#7513 = CARTESIAN_POINT('',(-1.270530792283,-1.2,0.15));
#7514 = VECTOR('',#7515,1.);
#7515 = DIRECTION('',(1.144237745222E-17,1.,0.));
#7516 = ORIENTED_EDGE('',*,*,#6182,.T.);
#7517 = ORIENTED_EDGE('',*,*,#7494,.F.);
#7518 = ORIENTED_EDGE('',*,*,#6073,.F.);
#7519 = CYLINDRICAL_SURFACE('',#7520,0.1);
#7520 = AXIS2_PLACEMENT_3D('',#7521,#7522,#7523);
#7521 = CARTESIAN_POINT('',(-1.270530792283,-1.2,0.25));
#7522 = DIRECTION('',(-1.144237745222E-17,-1.,0.));
#7523 = DIRECTION('',(-2.22044604925E-15,2.540718180781E-32,-1.));
#7524 = ADVANCED_FACE('',(#7525),#7536,.F.);
#7525 = FACE_BOUND('',#7526,.F.);
#7526 = EDGE_LOOP('',(#7527,#7533,#7534,#7535));
#7527 = ORIENTED_EDGE('',*,*,#7528,.T.);
#7528 = EDGE_CURVE('',#6058,#6167,#7529,.T.);
#7529 = LINE('',#7530,#7531);
#7530 = CARTESIAN_POINT('',(-1.4,-1.2,0.15));
#7531 = VECTOR('',#7532,1.);
#7532 = DIRECTION('',(1.144237745222E-17,1.,0.));
#7533 = ORIENTED_EDGE('',*,*,#6174,.T.);
#7534 = ORIENTED_EDGE('',*,*,#7511,.F.);
#7535 = ORIENTED_EDGE('',*,*,#6065,.F.);
#7536 = PLANE('',#7537);
#7537 = AXIS2_PLACEMENT_3D('',#7538,#7539,#7540);
#7538 = CARTESIAN_POINT('',(-1.4,-1.2,0.15));
#7539 = DIRECTION('',(0.,0.,-1.));
#7540 = DIRECTION('',(1.,-1.144237745222E-17,0.));
#7541 = ADVANCED_FACE('',(#7542),#7553,.F.);
#7542 = FACE_BOUND('',#7543,.F.);
#7543 = EDGE_LOOP('',(#7544,#7550,#7551,#7552));
#7544 = ORIENTED_EDGE('',*,*,#7545,.T.);
#7545 = EDGE_CURVE('',#6050,#6159,#7546,.T.);
#7546 = LINE('',#7547,#7548);
#7547 = CARTESIAN_POINT('',(-1.4,-1.2,0.));
#7548 = VECTOR('',#7549,1.);
#7549 = DIRECTION('',(1.144237745222E-17,1.,0.));
#7550 = ORIENTED_EDGE('',*,*,#6166,.T.);
#7551 = ORIENTED_EDGE('',*,*,#7528,.F.);
#7552 = ORIENTED_EDGE('',*,*,#6057,.F.);
#7553 = PLANE('',#7554);
#7554 = AXIS2_PLACEMENT_3D('',#7555,#7556,#7557);
#7555 = CARTESIAN_POINT('',(-1.4,-1.2,0.));
#7556 = DIRECTION('',(1.,-1.144237745222E-17,0.));
#7557 = DIRECTION('',(0.,0.,1.));
#7558 = ADVANCED_FACE('',(#7559),#7570,.F.);
#7559 = FACE_BOUND('',#7560,.F.);
#7560 = EDGE_LOOP('',(#7561,#7567,#7568,#7569));
#7561 = ORIENTED_EDGE('',*,*,#7562,.T.);
#7562 = EDGE_CURVE('',#6041,#6150,#7563,.T.);
#7563 = LINE('',#7564,#7565);
#7564 = CARTESIAN_POINT('',(-1.270530792283,-1.2,0.));
#7565 = VECTOR('',#7566,1.);
#7566 = DIRECTION('',(1.144237745222E-17,1.,0.));
#7567 = ORIENTED_EDGE('',*,*,#6158,.T.);
#7568 = ORIENTED_EDGE('',*,*,#7545,.F.);
#7569 = ORIENTED_EDGE('',*,*,#6049,.F.);
#7570 = PLANE('',#7571);
#7571 = AXIS2_PLACEMENT_3D('',#7572,#7573,#7574);
#7572 = CARTESIAN_POINT('',(-1.270530792283,-1.2,0.));
#7573 = DIRECTION('',(0.,0.,1.));
#7574 = DIRECTION('',(-1.,1.144237745222E-17,0.));
#7575 = ADVANCED_FACE('',(#7576),#7587,.T.);
#7576 = FACE_BOUND('',#7577,.T.);
#7577 = EDGE_LOOP('',(#7578,#7579,#7580,#7581));
#7578 = ORIENTED_EDGE('',*,*,#6040,.T.);
#7579 = ORIENTED_EDGE('',*,*,#7562,.T.);
#7580 = ORIENTED_EDGE('',*,*,#6149,.F.);
#7581 = ORIENTED_EDGE('',*,*,#7582,.F.);
#7582 = EDGE_CURVE('',#6033,#6142,#7583,.T.);
#7583 = LINE('',#7584,#7585);
#7584 = CARTESIAN_POINT('',(-1.02432885403,-1.2,0.206587955583));
#7585 = VECTOR('',#7586,1.);
#7586 = DIRECTION('',(1.144237745222E-17,1.,0.));
#7587 = CYLINDRICAL_SURFACE('',#7588,0.25);
#7588 = AXIS2_PLACEMENT_3D('',#7589,#7590,#7591);
#7589 = CARTESIAN_POINT('',(-1.270530792283,-1.2,0.25));
#7590 = DIRECTION('',(-1.144237745222E-17,-1.,0.));
#7591 = DIRECTION('',(0.984807753012,-1.126854202784E-17,-0.173648177667
    ));
#7592 = ADVANCED_FACE('',(#7593),#7599,.F.);
#7593 = FACE_BOUND('',#7594,.F.);
#7594 = EDGE_LOOP('',(#7595,#7596,#7597,#7598));
#7595 = ORIENTED_EDGE('',*,*,#6123,.T.);
#7596 = ORIENTED_EDGE('',*,*,#6141,.T.);
#7597 = ORIENTED_EDGE('',*,*,#7582,.F.);
#7598 = ORIENTED_EDGE('',*,*,#6032,.F.);
#7599 = PLANE('',#7600);
#7600 = AXIS2_PLACEMENT_3D('',#7601,#7602,#7603);
#7601 = CARTESIAN_POINT('',(-0.948480775301,-1.2,0.667364817767));
#7602 = DIRECTION('',(-0.986721169868,1.129043606572E-17,0.162423314012)
  );
#7603 = DIRECTION('',(-0.162423314012,1.858508865964E-18,-0.986721169868
    ));
#7604 = ADVANCED_FACE('',(#7605),#7616,.T.);
#7605 = FACE_BOUND('',#7606,.T.);
#7606 = EDGE_LOOP('',(#7607,#7608,#7609,#7610));
#7607 = ORIENTED_EDGE('',*,*,#6313,.T.);
#7608 = ORIENTED_EDGE('',*,*,#7314,.T.);
#7609 = ORIENTED_EDGE('',*,*,#6422,.F.);
#7610 = ORIENTED_EDGE('',*,*,#7611,.F.);
#7611 = EDGE_CURVE('',#6306,#6415,#7612,.T.);
#7612 = LINE('',#7613,#7614);
#7613 = CARTESIAN_POINT('',(-1.096201938253,-0.25,0.693412044417));
#7614 = VECTOR('',#7615,1.);
#7615 = DIRECTION('',(1.144237745222E-17,1.,0.));
#7616 = CYLINDRICAL_SURFACE('',#7617,0.25);
#7617 = AXIS2_PLACEMENT_3D('',#7618,#7619,#7620);
#7618 = CARTESIAN_POINT('',(-0.85,-0.25,0.65));
#7619 = DIRECTION('',(-1.144237745222E-17,-1.,0.));
#7620 = DIRECTION('',(-0.984807753012,1.126854202784E-17,0.173648177667)
  );
#7621 = ADVANCED_FACE('',(#7622),#7633,.F.);
#7622 = FACE_BOUND('',#7623,.F.);
#7623 = EDGE_LOOP('',(#7624,#7630,#7631,#7632));
#7624 = ORIENTED_EDGE('',*,*,#7625,.T.);
#7625 = EDGE_CURVE('',#6297,#6406,#7626,.T.);
#7626 = LINE('',#7627,#7628);
#7627 = CARTESIAN_POINT('',(-1.172050016982,-0.25,0.232635182233));
#7628 = VECTOR('',#7629,1.);
#7629 = DIRECTION('',(1.144237745222E-17,1.,0.));
#7630 = ORIENTED_EDGE('',*,*,#6414,.T.);
#7631 = ORIENTED_EDGE('',*,*,#7611,.F.);
#7632 = ORIENTED_EDGE('',*,*,#6305,.F.);
#7633 = PLANE('',#7634);
#7634 = AXIS2_PLACEMENT_3D('',#7635,#7636,#7637);
#7635 = CARTESIAN_POINT('',(-1.172050016982,-0.25,0.232635182233));
#7636 = DIRECTION('',(0.986721169868,-1.129043606572E-17,-0.162423314012
    ));
#7637 = DIRECTION('',(0.162423314012,-1.858508865964E-18,0.986721169868)
  );
#7638 = ADVANCED_FACE('',(#7639),#7650,.F.);
#7639 = FACE_BOUND('',#7640,.F.);
#7640 = EDGE_LOOP('',(#7641,#7647,#7648,#7649));
#7641 = ORIENTED_EDGE('',*,*,#7642,.T.);
#7642 = EDGE_CURVE('',#6289,#6398,#7643,.T.);
#7643 = LINE('',#7644,#7645);
#7644 = CARTESIAN_POINT('',(-1.270530792283,-0.25,0.15));
#7645 = VECTOR('',#7646,1.);
#7646 = DIRECTION('',(1.144237745222E-17,1.,0.));
#7647 = ORIENTED_EDGE('',*,*,#6405,.T.);
#7648 = ORIENTED_EDGE('',*,*,#7625,.F.);
#7649 = ORIENTED_EDGE('',*,*,#6296,.F.);
#7650 = CYLINDRICAL_SURFACE('',#7651,0.1);
#7651 = AXIS2_PLACEMENT_3D('',#7652,#7653,#7654);
#7652 = CARTESIAN_POINT('',(-1.270530792283,-0.25,0.25));
#7653 = DIRECTION('',(-1.144237745222E-17,-1.,0.));
#7654 = DIRECTION('',(-2.22044604925E-15,2.540718180781E-32,-1.));
#7655 = ADVANCED_FACE('',(#7656),#7667,.F.);
#7656 = FACE_BOUND('',#7657,.F.);
#7657 = EDGE_LOOP('',(#7658,#7664,#7665,#7666));
#7658 = ORIENTED_EDGE('',*,*,#7659,.T.);
#7659 = EDGE_CURVE('',#6281,#6390,#7660,.T.);
#7660 = LINE('',#7661,#7662);
#7661 = CARTESIAN_POINT('',(-1.4,-0.25,0.15));
#7662 = VECTOR('',#7663,1.);
#7663 = DIRECTION('',(1.144237745222E-17,1.,0.));
#7664 = ORIENTED_EDGE('',*,*,#6397,.T.);
#7665 = ORIENTED_EDGE('',*,*,#7642,.F.);
#7666 = ORIENTED_EDGE('',*,*,#6288,.F.);
#7667 = PLANE('',#7668);
#7668 = AXIS2_PLACEMENT_3D('',#7669,#7670,#7671);
#7669 = CARTESIAN_POINT('',(-1.4,-0.25,0.15));
#7670 = DIRECTION('',(0.,0.,-1.));
#7671 = DIRECTION('',(1.,-1.144237745222E-17,0.));
#7672 = ADVANCED_FACE('',(#7673),#7684,.F.);
#7673 = FACE_BOUND('',#7674,.F.);
#7674 = EDGE_LOOP('',(#7675,#7681,#7682,#7683));
#7675 = ORIENTED_EDGE('',*,*,#7676,.T.);
#7676 = EDGE_CURVE('',#6273,#6382,#7677,.T.);
#7677 = LINE('',#7678,#7679);
#7678 = CARTESIAN_POINT('',(-1.4,-0.25,0.));
#7679 = VECTOR('',#7680,1.);
#7680 = DIRECTION('',(1.144237745222E-17,1.,0.));
#7681 = ORIENTED_EDGE('',*,*,#6389,.T.);
#7682 = ORIENTED_EDGE('',*,*,#7659,.F.);
#7683 = ORIENTED_EDGE('',*,*,#6280,.F.);
#7684 = PLANE('',#7685);
#7685 = AXIS2_PLACEMENT_3D('',#7686,#7687,#7688);
#7686 = CARTESIAN_POINT('',(-1.4,-0.25,0.));
#7687 = DIRECTION('',(1.,-1.144237745222E-17,0.));
#7688 = DIRECTION('',(0.,0.,1.));
#7689 = ADVANCED_FACE('',(#7690),#7701,.F.);
#7690 = FACE_BOUND('',#7691,.F.);
#7691 = EDGE_LOOP('',(#7692,#7698,#7699,#7700));
#7692 = ORIENTED_EDGE('',*,*,#7693,.T.);
#7693 = EDGE_CURVE('',#6264,#6373,#7694,.T.);
#7694 = LINE('',#7695,#7696);
#7695 = CARTESIAN_POINT('',(-1.270530792283,-0.25,0.));
#7696 = VECTOR('',#7697,1.);
#7697 = DIRECTION('',(1.144237745222E-17,1.,0.));
#7698 = ORIENTED_EDGE('',*,*,#6381,.T.);
#7699 = ORIENTED_EDGE('',*,*,#7676,.F.);
#7700 = ORIENTED_EDGE('',*,*,#6272,.F.);
#7701 = PLANE('',#7702);
#7702 = AXIS2_PLACEMENT_3D('',#7703,#7704,#7705);
#7703 = CARTESIAN_POINT('',(-1.270530792283,-0.25,0.));
#7704 = DIRECTION('',(0.,0.,1.));
#7705 = DIRECTION('',(-1.,1.144237745222E-17,0.));
#7706 = ADVANCED_FACE('',(#7707),#7718,.T.);
#7707 = FACE_BOUND('',#7708,.T.);
#7708 = EDGE_LOOP('',(#7709,#7710,#7711,#7712));
#7709 = ORIENTED_EDGE('',*,*,#6263,.T.);
#7710 = ORIENTED_EDGE('',*,*,#7693,.T.);
#7711 = ORIENTED_EDGE('',*,*,#6372,.F.);
#7712 = ORIENTED_EDGE('',*,*,#7713,.F.);
#7713 = EDGE_CURVE('',#6256,#6365,#7714,.T.);
#7714 = LINE('',#7715,#7716);
#7715 = CARTESIAN_POINT('',(-1.02432885403,-0.25,0.206587955583));
#7716 = VECTOR('',#7717,1.);
#7717 = DIRECTION('',(1.144237745222E-17,1.,0.));
#7718 = CYLINDRICAL_SURFACE('',#7719,0.25);
#7719 = AXIS2_PLACEMENT_3D('',#7720,#7721,#7722);
#7720 = CARTESIAN_POINT('',(-1.270530792283,-0.25,0.25));
#7721 = DIRECTION('',(-1.144237745222E-17,-1.,0.));
#7722 = DIRECTION('',(0.984807753012,-1.126854202784E-17,-0.173648177667
    ));
#7723 = ADVANCED_FACE('',(#7724),#7730,.F.);
#7724 = FACE_BOUND('',#7725,.F.);
#7725 = EDGE_LOOP('',(#7726,#7727,#7728,#7729));
#7726 = ORIENTED_EDGE('',*,*,#6346,.T.);
#7727 = ORIENTED_EDGE('',*,*,#6364,.T.);
#7728 = ORIENTED_EDGE('',*,*,#7713,.F.);
#7729 = ORIENTED_EDGE('',*,*,#6255,.F.);
#7730 = PLANE('',#7731);
#7731 = AXIS2_PLACEMENT_3D('',#7732,#7733,#7734);
#7732 = CARTESIAN_POINT('',(-0.948480775301,-0.25,0.667364817767));
#7733 = DIRECTION('',(-0.986721169868,1.129043606572E-17,0.162423314012)
  );
#7734 = DIRECTION('',(-0.162423314012,1.858508865964E-18,-0.986721169868
    ));
#7735 = ADVANCED_FACE('',(#7736),#7747,.F.);
#7736 = FACE_BOUND('',#7737,.F.);
#7737 = EDGE_LOOP('',(#7738,#7744,#7745,#7746));
#7738 = ORIENTED_EDGE('',*,*,#7739,.T.);
#7739 = EDGE_CURVE('',#6515,#6617,#7740,.T.);
#7740 = LINE('',#7741,#7742);
#7741 = CARTESIAN_POINT('',(-1.172050016982,0.7,0.232635182233));
#7742 = VECTOR('',#7743,1.);
#7743 = DIRECTION('',(1.144237745222E-17,1.,0.));
#7744 = ORIENTED_EDGE('',*,*,#6625,.T.);
#7745 = ORIENTED_EDGE('',*,*,#7280,.F.);
#7746 = ORIENTED_EDGE('',*,*,#6523,.F.);
#7747 = PLANE('',#7748);
#7748 = AXIS2_PLACEMENT_3D('',#7749,#7750,#7751);
#7749 = CARTESIAN_POINT('',(-1.172050016982,0.7,0.232635182233));
#7750 = DIRECTION('',(0.986721169868,-1.129043606572E-17,-0.162423314012
    ));
#7751 = DIRECTION('',(0.162423314012,-1.858508865964E-18,0.986721169868)
  );
#7752 = ADVANCED_FACE('',(#7753),#7764,.F.);
#7753 = FACE_BOUND('',#7754,.F.);
#7754 = EDGE_LOOP('',(#7755,#7761,#7762,#7763));
#7755 = ORIENTED_EDGE('',*,*,#7756,.T.);
#7756 = EDGE_CURVE('',#6507,#6609,#7757,.T.);
#7757 = LINE('',#7758,#7759);
#7758 = CARTESIAN_POINT('',(-1.270530792283,0.7,0.15));
#7759 = VECTOR('',#7760,1.);
#7760 = DIRECTION('',(1.144237745222E-17,1.,0.));
#7761 = ORIENTED_EDGE('',*,*,#6616,.T.);
#7762 = ORIENTED_EDGE('',*,*,#7739,.F.);
#7763 = ORIENTED_EDGE('',*,*,#6514,.F.);
#7764 = CYLINDRICAL_SURFACE('',#7765,0.1);
#7765 = AXIS2_PLACEMENT_3D('',#7766,#7767,#7768);
#7766 = CARTESIAN_POINT('',(-1.270530792283,0.7,0.25));
#7767 = DIRECTION('',(-1.144237745222E-17,-1.,0.));
#7768 = DIRECTION('',(-2.22044604925E-15,2.540718180781E-32,-1.));
#7769 = ADVANCED_FACE('',(#7770),#7781,.F.);
#7770 = FACE_BOUND('',#7771,.F.);
#7771 = EDGE_LOOP('',(#7772,#7778,#7779,#7780));
#7772 = ORIENTED_EDGE('',*,*,#7773,.T.);
#7773 = EDGE_CURVE('',#6499,#6601,#7774,.T.);
#7774 = LINE('',#7775,#7776);
#7775 = CARTESIAN_POINT('',(-1.4,0.7,0.15));
#7776 = VECTOR('',#7777,1.);
#7777 = DIRECTION('',(1.144237745222E-17,1.,0.));
#7778 = ORIENTED_EDGE('',*,*,#6608,.T.);
#7779 = ORIENTED_EDGE('',*,*,#7756,.F.);
#7780 = ORIENTED_EDGE('',*,*,#6506,.F.);
#7781 = PLANE('',#7782);
#7782 = AXIS2_PLACEMENT_3D('',#7783,#7784,#7785);
#7783 = CARTESIAN_POINT('',(-1.4,0.7,0.15));
#7784 = DIRECTION('',(0.,0.,-1.));
#7785 = DIRECTION('',(1.,-1.144237745222E-17,0.));
#7786 = ADVANCED_FACE('',(#7787),#7798,.F.);
#7787 = FACE_BOUND('',#7788,.F.);
#7788 = EDGE_LOOP('',(#7789,#7795,#7796,#7797));
#7789 = ORIENTED_EDGE('',*,*,#7790,.T.);
#7790 = EDGE_CURVE('',#6491,#6593,#7791,.T.);
#7791 = LINE('',#7792,#7793);
#7792 = CARTESIAN_POINT('',(-1.4,0.7,0.));
#7793 = VECTOR('',#7794,1.);
#7794 = DIRECTION('',(1.144237745222E-17,1.,0.));
#7795 = ORIENTED_EDGE('',*,*,#6600,.T.);
#7796 = ORIENTED_EDGE('',*,*,#7773,.F.);
#7797 = ORIENTED_EDGE('',*,*,#6498,.F.);
#7798 = PLANE('',#7799);
#7799 = AXIS2_PLACEMENT_3D('',#7800,#7801,#7802);
#7800 = CARTESIAN_POINT('',(-1.4,0.7,0.));
#7801 = DIRECTION('',(1.,-1.144237745222E-17,0.));
#7802 = DIRECTION('',(0.,0.,1.));
#7803 = ADVANCED_FACE('',(#7804),#7815,.F.);
#7804 = FACE_BOUND('',#7805,.F.);
#7805 = EDGE_LOOP('',(#7806,#7812,#7813,#7814));
#7806 = ORIENTED_EDGE('',*,*,#7807,.T.);
#7807 = EDGE_CURVE('',#6482,#6584,#7808,.T.);
#7808 = LINE('',#7809,#7810);
#7809 = CARTESIAN_POINT('',(-1.270530792283,0.7,0.));
#7810 = VECTOR('',#7811,1.);
#7811 = DIRECTION('',(1.144237745222E-17,1.,0.));
#7812 = ORIENTED_EDGE('',*,*,#6592,.T.);
#7813 = ORIENTED_EDGE('',*,*,#7790,.F.);
#7814 = ORIENTED_EDGE('',*,*,#6490,.F.);
#7815 = PLANE('',#7816);
#7816 = AXIS2_PLACEMENT_3D('',#7817,#7818,#7819);
#7817 = CARTESIAN_POINT('',(-1.270530792283,0.7,0.));
#7818 = DIRECTION('',(0.,0.,1.));
#7819 = DIRECTION('',(-1.,1.144237745222E-17,0.));
#7820 = ADVANCED_FACE('',(#7821),#7832,.T.);
#7821 = FACE_BOUND('',#7822,.T.);
#7822 = EDGE_LOOP('',(#7823,#7824,#7825,#7826));
#7823 = ORIENTED_EDGE('',*,*,#6481,.T.);
#7824 = ORIENTED_EDGE('',*,*,#7807,.T.);
#7825 = ORIENTED_EDGE('',*,*,#6583,.F.);
#7826 = ORIENTED_EDGE('',*,*,#7827,.F.);
#7827 = EDGE_CURVE('',#6474,#6576,#7828,.T.);
#7828 = LINE('',#7829,#7830);
#7829 = CARTESIAN_POINT('',(-1.02432885403,0.7,0.206587955583));
#7830 = VECTOR('',#7831,1.);
#7831 = DIRECTION('',(1.144237745222E-17,1.,0.));
#7832 = CYLINDRICAL_SURFACE('',#7833,0.25);
#7833 = AXIS2_PLACEMENT_3D('',#7834,#7835,#7836);
#7834 = CARTESIAN_POINT('',(-1.270530792283,0.7,0.25));
#7835 = DIRECTION('',(-1.144237745222E-17,-1.,0.));
#7836 = DIRECTION('',(0.984807753012,-1.126854202784E-17,-0.173648177667
    ));
#7837 = ADVANCED_FACE('',(#7838),#7844,.F.);
#7838 = FACE_BOUND('',#7839,.F.);
#7839 = EDGE_LOOP('',(#7840,#7841,#7842,#7843));
#7840 = ORIENTED_EDGE('',*,*,#6557,.T.);
#7841 = ORIENTED_EDGE('',*,*,#6575,.T.);
#7842 = ORIENTED_EDGE('',*,*,#7827,.F.);
#7843 = ORIENTED_EDGE('',*,*,#6473,.F.);
#7844 = PLANE('',#7845);
#7845 = AXIS2_PLACEMENT_3D('',#7846,#7847,#7848);
#7846 = CARTESIAN_POINT('',(-0.948480775301,0.7,0.667364817767));
#7847 = DIRECTION('',(-0.986721169868,1.129043606572E-17,0.162423314012)
  );
#7848 = DIRECTION('',(-0.162423314012,1.858508865964E-18,-0.986721169868
    ));
#7849 = ADVANCED_FACE('',(#7850),#7861,.F.);
#7850 = FACE_BOUND('',#7851,.F.);
#7851 = EDGE_LOOP('',(#7852,#7858,#7859,#7860));
#7852 = ORIENTED_EDGE('',*,*,#7853,.T.);
#7853 = EDGE_CURVE('',#6702,#6804,#7854,.T.);
#7854 = LINE('',#7855,#7856);
#7855 = CARTESIAN_POINT('',(1.172050016982,1.2,0.232635182233));
#7856 = VECTOR('',#7857,1.);
#7857 = DIRECTION('',(1.110223024625E-16,-1.,0.));
#7858 = ORIENTED_EDGE('',*,*,#6812,.T.);
#7859 = ORIENTED_EDGE('',*,*,#7451,.F.);
#7860 = ORIENTED_EDGE('',*,*,#6710,.F.);
#7861 = PLANE('',#7862);
#7862 = AXIS2_PLACEMENT_3D('',#7863,#7864,#7865);
#7863 = CARTESIAN_POINT('',(1.172050016982,1.2,0.232635182233));
#7864 = DIRECTION('',(-0.986721169868,-1.095480561672E-16,
    -0.162423314012));
#7865 = DIRECTION('',(-0.162423314012,-1.803261029519E-17,0.986721169868
    ));
#7866 = ADVANCED_FACE('',(#7867),#7878,.F.);
#7867 = FACE_BOUND('',#7868,.F.);
#7868 = EDGE_LOOP('',(#7869,#7875,#7876,#7877));
#7869 = ORIENTED_EDGE('',*,*,#7870,.T.);
#7870 = EDGE_CURVE('',#6694,#6796,#7871,.T.);
#7871 = LINE('',#7872,#7873);
#7872 = CARTESIAN_POINT('',(1.270530792283,1.2,0.15));
#7873 = VECTOR('',#7874,1.);
#7874 = DIRECTION('',(1.110223024625E-16,-1.,0.));
#7875 = ORIENTED_EDGE('',*,*,#6803,.T.);
#7876 = ORIENTED_EDGE('',*,*,#7853,.F.);
#7877 = ORIENTED_EDGE('',*,*,#6701,.F.);
#7878 = CYLINDRICAL_SURFACE('',#7879,0.1);
#7879 = AXIS2_PLACEMENT_3D('',#7880,#7881,#7882);
#7880 = CARTESIAN_POINT('',(1.270530792283,1.2,0.25));
#7881 = DIRECTION('',(-1.110223024625E-16,1.,0.));
#7882 = DIRECTION('',(2.22044604925E-15,2.465190328815E-31,-1.));
#7883 = ADVANCED_FACE('',(#7884),#7895,.F.);
#7884 = FACE_BOUND('',#7885,.F.);
#7885 = EDGE_LOOP('',(#7886,#7892,#7893,#7894));
#7886 = ORIENTED_EDGE('',*,*,#7887,.T.);
#7887 = EDGE_CURVE('',#6686,#6788,#7888,.T.);
#7888 = LINE('',#7889,#7890);
#7889 = CARTESIAN_POINT('',(1.4,1.2,0.15));
#7890 = VECTOR('',#7891,1.);
#7891 = DIRECTION('',(1.110223024625E-16,-1.,0.));
#7892 = ORIENTED_EDGE('',*,*,#6795,.T.);
#7893 = ORIENTED_EDGE('',*,*,#7870,.F.);
#7894 = ORIENTED_EDGE('',*,*,#6693,.F.);
#7895 = PLANE('',#7896);
#7896 = AXIS2_PLACEMENT_3D('',#7897,#7898,#7899);
#7897 = CARTESIAN_POINT('',(1.4,1.2,0.15));
#7898 = DIRECTION('',(0.,0.,-1.));
#7899 = DIRECTION('',(-1.,-1.110223024625E-16,-0.));
#7900 = ADVANCED_FACE('',(#7901),#7912,.F.);
#7901 = FACE_BOUND('',#7902,.F.);
#7902 = EDGE_LOOP('',(#7903,#7909,#7910,#7911));
#7903 = ORIENTED_EDGE('',*,*,#7904,.T.);
#7904 = EDGE_CURVE('',#6678,#6780,#7905,.T.);
#7905 = LINE('',#7906,#7907);
#7906 = CARTESIAN_POINT('',(1.4,1.2,0.));
#7907 = VECTOR('',#7908,1.);
#7908 = DIRECTION('',(1.110223024625E-16,-1.,0.));
#7909 = ORIENTED_EDGE('',*,*,#6787,.T.);
#7910 = ORIENTED_EDGE('',*,*,#7887,.F.);
#7911 = ORIENTED_EDGE('',*,*,#6685,.F.);
#7912 = PLANE('',#7913);
#7913 = AXIS2_PLACEMENT_3D('',#7914,#7915,#7916);
#7914 = CARTESIAN_POINT('',(1.4,1.2,0.));
#7915 = DIRECTION('',(-1.,-1.110223024625E-16,0.));
#7916 = DIRECTION('',(0.,0.,1.));
#7917 = ADVANCED_FACE('',(#7918),#7929,.F.);
#7918 = FACE_BOUND('',#7919,.F.);
#7919 = EDGE_LOOP('',(#7920,#7926,#7927,#7928));
#7920 = ORIENTED_EDGE('',*,*,#7921,.T.);
#7921 = EDGE_CURVE('',#6669,#6771,#7922,.T.);
#7922 = LINE('',#7923,#7924);
#7923 = CARTESIAN_POINT('',(1.270530792283,1.2,0.));
#7924 = VECTOR('',#7925,1.);
#7925 = DIRECTION('',(1.110223024625E-16,-1.,0.));
#7926 = ORIENTED_EDGE('',*,*,#6779,.T.);
#7927 = ORIENTED_EDGE('',*,*,#7904,.F.);
#7928 = ORIENTED_EDGE('',*,*,#6677,.F.);
#7929 = PLANE('',#7930);
#7930 = AXIS2_PLACEMENT_3D('',#7931,#7932,#7933);
#7931 = CARTESIAN_POINT('',(1.270530792283,1.2,0.));
#7932 = DIRECTION('',(0.,0.,1.));
#7933 = DIRECTION('',(1.,1.110223024625E-16,-0.));
#7934 = ADVANCED_FACE('',(#7935),#7946,.T.);
#7935 = FACE_BOUND('',#7936,.T.);
#7936 = EDGE_LOOP('',(#7937,#7938,#7939,#7940));
#7937 = ORIENTED_EDGE('',*,*,#6668,.T.);
#7938 = ORIENTED_EDGE('',*,*,#7921,.T.);
#7939 = ORIENTED_EDGE('',*,*,#6770,.F.);
#7940 = ORIENTED_EDGE('',*,*,#7941,.F.);
#7941 = EDGE_CURVE('',#6661,#6763,#7942,.T.);
#7942 = LINE('',#7943,#7944);
#7943 = CARTESIAN_POINT('',(1.02432885403,1.2,0.206587955583));
#7944 = VECTOR('',#7945,1.);
#7945 = DIRECTION('',(1.110223024625E-16,-1.,0.));
#7946 = CYLINDRICAL_SURFACE('',#7947,0.25);
#7947 = AXIS2_PLACEMENT_3D('',#7948,#7949,#7950);
#7948 = CARTESIAN_POINT('',(1.270530792283,1.2,0.25));
#7949 = DIRECTION('',(-1.110223024625E-16,1.,0.));
#7950 = DIRECTION('',(-0.984807753012,-1.093356242223E-16,
    -0.173648177667));
#7951 = ADVANCED_FACE('',(#7952),#7958,.F.);
#7952 = FACE_BOUND('',#7953,.F.);
#7953 = EDGE_LOOP('',(#7954,#7955,#7956,#7957));
#7954 = ORIENTED_EDGE('',*,*,#6744,.T.);
#7955 = ORIENTED_EDGE('',*,*,#6762,.T.);
#7956 = ORIENTED_EDGE('',*,*,#7941,.F.);
#7957 = ORIENTED_EDGE('',*,*,#6660,.F.);
#7958 = PLANE('',#7959);
#7959 = AXIS2_PLACEMENT_3D('',#7960,#7961,#7962);
#7960 = CARTESIAN_POINT('',(0.948480775301,1.2,0.667364817767));
#7961 = DIRECTION('',(0.986721169868,1.095480561672E-16,0.162423314012)
  );
#7962 = DIRECTION('',(0.162423314012,1.803261029519E-17,-0.986721169868)
  );
#7963 = ADVANCED_FACE('',(#7964),#7975,.T.);
#7964 = FACE_BOUND('',#7965,.T.);
#7965 = EDGE_LOOP('',(#7966,#7967,#7968,#7969));
#7966 = ORIENTED_EDGE('',*,*,#6922,.T.);
#7967 = ORIENTED_EDGE('',*,*,#7395,.T.);
#7968 = ORIENTED_EDGE('',*,*,#7031,.F.);
#7969 = ORIENTED_EDGE('',*,*,#7970,.F.);
#7970 = EDGE_CURVE('',#6915,#7024,#7971,.T.);
#7971 = LINE('',#7972,#7973);
#7972 = CARTESIAN_POINT('',(1.096201938253,0.25,0.693412044417));
#7973 = VECTOR('',#7974,1.);
#7974 = DIRECTION('',(1.110223024625E-16,-1.,0.));
#7975 = CYLINDRICAL_SURFACE('',#7976,0.25);
#7976 = AXIS2_PLACEMENT_3D('',#7977,#7978,#7979);
#7977 = CARTESIAN_POINT('',(0.85,0.25,0.65));
#7978 = DIRECTION('',(-1.110223024625E-16,1.,0.));
#7979 = DIRECTION('',(0.984807753012,1.093356242223E-16,0.173648177667)
  );
#7980 = ADVANCED_FACE('',(#7981),#7992,.F.);
#7981 = FACE_BOUND('',#7982,.F.);
#7982 = EDGE_LOOP('',(#7983,#7989,#7990,#7991));
#7983 = ORIENTED_EDGE('',*,*,#7984,.T.);
#7984 = EDGE_CURVE('',#6906,#7015,#7985,.T.);
#7985 = LINE('',#7986,#7987);
#7986 = CARTESIAN_POINT('',(1.172050016982,0.25,0.232635182233));
#7987 = VECTOR('',#7988,1.);
#7988 = DIRECTION('',(1.110223024625E-16,-1.,0.));
#7989 = ORIENTED_EDGE('',*,*,#7023,.T.);
#7990 = ORIENTED_EDGE('',*,*,#7970,.F.);
#7991 = ORIENTED_EDGE('',*,*,#6914,.F.);
#7992 = PLANE('',#7993);
#7993 = AXIS2_PLACEMENT_3D('',#7994,#7995,#7996);
#7994 = CARTESIAN_POINT('',(1.172050016982,0.25,0.232635182233));
#7995 = DIRECTION('',(-0.986721169868,-1.095480561672E-16,
    -0.162423314012));
#7996 = DIRECTION('',(-0.162423314012,-1.803261029519E-17,0.986721169868
    ));
#7997 = ADVANCED_FACE('',(#7998),#8009,.F.);
#7998 = FACE_BOUND('',#7999,.F.);
#7999 = EDGE_LOOP('',(#8000,#8006,#8007,#8008));
#8000 = ORIENTED_EDGE('',*,*,#8001,.T.);
#8001 = EDGE_CURVE('',#6898,#7007,#8002,.T.);
#8002 = LINE('',#8003,#8004);
#8003 = CARTESIAN_POINT('',(1.270530792283,0.25,0.15));
#8004 = VECTOR('',#8005,1.);
#8005 = DIRECTION('',(1.110223024625E-16,-1.,0.));
#8006 = ORIENTED_EDGE('',*,*,#7014,.T.);
#8007 = ORIENTED_EDGE('',*,*,#7984,.F.);
#8008 = ORIENTED_EDGE('',*,*,#6905,.F.);
#8009 = CYLINDRICAL_SURFACE('',#8010,0.1);
#8010 = AXIS2_PLACEMENT_3D('',#8011,#8012,#8013);
#8011 = CARTESIAN_POINT('',(1.270530792283,0.25,0.25));
#8012 = DIRECTION('',(-1.110223024625E-16,1.,0.));
#8013 = DIRECTION('',(2.22044604925E-15,2.465190328815E-31,-1.));
#8014 = ADVANCED_FACE('',(#8015),#8026,.F.);
#8015 = FACE_BOUND('',#8016,.F.);
#8016 = EDGE_LOOP('',(#8017,#8023,#8024,#8025));
#8017 = ORIENTED_EDGE('',*,*,#8018,.T.);
#8018 = EDGE_CURVE('',#6890,#6999,#8019,.T.);
#8019 = LINE('',#8020,#8021);
#8020 = CARTESIAN_POINT('',(1.4,0.25,0.15));
#8021 = VECTOR('',#8022,1.);
#8022 = DIRECTION('',(1.110223024625E-16,-1.,0.));
#8023 = ORIENTED_EDGE('',*,*,#7006,.T.);
#8024 = ORIENTED_EDGE('',*,*,#8001,.F.);
#8025 = ORIENTED_EDGE('',*,*,#6897,.F.);
#8026 = PLANE('',#8027);
#8027 = AXIS2_PLACEMENT_3D('',#8028,#8029,#8030);
#8028 = CARTESIAN_POINT('',(1.4,0.25,0.15));
#8029 = DIRECTION('',(0.,0.,-1.));
#8030 = DIRECTION('',(-1.,-1.110223024625E-16,-0.));
#8031 = ADVANCED_FACE('',(#8032),#8043,.F.);
#8032 = FACE_BOUND('',#8033,.F.);
#8033 = EDGE_LOOP('',(#8034,#8040,#8041,#8042));
#8034 = ORIENTED_EDGE('',*,*,#8035,.T.);
#8035 = EDGE_CURVE('',#6882,#6991,#8036,.T.);
#8036 = LINE('',#8037,#8038);
#8037 = CARTESIAN_POINT('',(1.4,0.25,0.));
#8038 = VECTOR('',#8039,1.);
#8039 = DIRECTION('',(1.110223024625E-16,-1.,0.));
#8040 = ORIENTED_EDGE('',*,*,#6998,.T.);
#8041 = ORIENTED_EDGE('',*,*,#8018,.F.);
#8042 = ORIENTED_EDGE('',*,*,#6889,.F.);
#8043 = PLANE('',#8044);
#8044 = AXIS2_PLACEMENT_3D('',#8045,#8046,#8047);
#8045 = CARTESIAN_POINT('',(1.4,0.25,0.));
#8046 = DIRECTION('',(-1.,-1.110223024625E-16,0.));
#8047 = DIRECTION('',(0.,0.,1.));
#8048 = ADVANCED_FACE('',(#8049),#8060,.F.);
#8049 = FACE_BOUND('',#8050,.F.);
#8050 = EDGE_LOOP('',(#8051,#8057,#8058,#8059));
#8051 = ORIENTED_EDGE('',*,*,#8052,.T.);
#8052 = EDGE_CURVE('',#6873,#6982,#8053,.T.);
#8053 = LINE('',#8054,#8055);
#8054 = CARTESIAN_POINT('',(1.270530792283,0.25,0.));
#8055 = VECTOR('',#8056,1.);
#8056 = DIRECTION('',(1.110223024625E-16,-1.,0.));
#8057 = ORIENTED_EDGE('',*,*,#6990,.T.);
#8058 = ORIENTED_EDGE('',*,*,#8035,.F.);
#8059 = ORIENTED_EDGE('',*,*,#6881,.F.);
#8060 = PLANE('',#8061);
#8061 = AXIS2_PLACEMENT_3D('',#8062,#8063,#8064);
#8062 = CARTESIAN_POINT('',(1.270530792283,0.25,0.));
#8063 = DIRECTION('',(0.,0.,1.));
#8064 = DIRECTION('',(1.,1.110223024625E-16,-0.));
#8065 = ADVANCED_FACE('',(#8066),#8077,.T.);
#8066 = FACE_BOUND('',#8067,.T.);
#8067 = EDGE_LOOP('',(#8068,#8069,#8070,#8071));
#8068 = ORIENTED_EDGE('',*,*,#6872,.T.);
#8069 = ORIENTED_EDGE('',*,*,#8052,.T.);
#8070 = ORIENTED_EDGE('',*,*,#6981,.F.);
#8071 = ORIENTED_EDGE('',*,*,#8072,.F.);
#8072 = EDGE_CURVE('',#6865,#6974,#8073,.T.);
#8073 = LINE('',#8074,#8075);
#8074 = CARTESIAN_POINT('',(1.02432885403,0.25,0.206587955583));
#8075 = VECTOR('',#8076,1.);
#8076 = DIRECTION('',(1.110223024625E-16,-1.,0.));
#8077 = CYLINDRICAL_SURFACE('',#8078,0.25);
#8078 = AXIS2_PLACEMENT_3D('',#8079,#8080,#8081);
#8079 = CARTESIAN_POINT('',(1.270530792283,0.25,0.25));
#8080 = DIRECTION('',(-1.110223024625E-16,1.,0.));
#8081 = DIRECTION('',(-0.984807753012,-1.093356242223E-16,
    -0.173648177667));
#8082 = ADVANCED_FACE('',(#8083),#8089,.F.);
#8083 = FACE_BOUND('',#8084,.F.);
#8084 = EDGE_LOOP('',(#8085,#8086,#8087,#8088));
#8085 = ORIENTED_EDGE('',*,*,#6955,.T.);
#8086 = ORIENTED_EDGE('',*,*,#6973,.T.);
#8087 = ORIENTED_EDGE('',*,*,#8072,.F.);
#8088 = ORIENTED_EDGE('',*,*,#6864,.F.);
#8089 = PLANE('',#8090);
#8090 = AXIS2_PLACEMENT_3D('',#8091,#8092,#8093);
#8091 = CARTESIAN_POINT('',(0.948480775301,0.25,0.667364817767));
#8092 = DIRECTION('',(0.986721169868,1.095480561672E-16,0.162423314012)
  );
#8093 = DIRECTION('',(0.162423314012,1.803261029519E-17,-0.986721169868)
  );
#8094 = ADVANCED_FACE('',(#8095),#8106,.T.);
#8095 = FACE_BOUND('',#8096,.T.);
#8096 = EDGE_LOOP('',(#8097,#8098,#8099,#8100));
#8097 = ORIENTED_EDGE('',*,*,#7145,.T.);
#8098 = ORIENTED_EDGE('',*,*,#7414,.T.);
#8099 = ORIENTED_EDGE('',*,*,#7254,.F.);
#8100 = ORIENTED_EDGE('',*,*,#8101,.F.);
#8101 = EDGE_CURVE('',#7138,#7247,#8102,.T.);
#8102 = LINE('',#8103,#8104);
#8103 = CARTESIAN_POINT('',(1.096201938253,-0.7,0.693412044417));
#8104 = VECTOR('',#8105,1.);
#8105 = DIRECTION('',(1.110223024625E-16,-1.,0.));
#8106 = CYLINDRICAL_SURFACE('',#8107,0.25);
#8107 = AXIS2_PLACEMENT_3D('',#8108,#8109,#8110);
#8108 = CARTESIAN_POINT('',(0.85,-0.7,0.65));
#8109 = DIRECTION('',(-1.110223024625E-16,1.,0.));
#8110 = DIRECTION('',(0.984807753012,1.093356242223E-16,0.173648177667)
  );
#8111 = ADVANCED_FACE('',(#8112),#8123,.F.);
#8112 = FACE_BOUND('',#8113,.F.);
#8113 = EDGE_LOOP('',(#8114,#8120,#8121,#8122));
#8114 = ORIENTED_EDGE('',*,*,#8115,.T.);
#8115 = EDGE_CURVE('',#7129,#7238,#8116,.T.);
#8116 = LINE('',#8117,#8118);
#8117 = CARTESIAN_POINT('',(1.172050016982,-0.7,0.232635182233));
#8118 = VECTOR('',#8119,1.);
#8119 = DIRECTION('',(1.110223024625E-16,-1.,0.));
#8120 = ORIENTED_EDGE('',*,*,#7246,.T.);
#8121 = ORIENTED_EDGE('',*,*,#8101,.F.);
#8122 = ORIENTED_EDGE('',*,*,#7137,.F.);
#8123 = PLANE('',#8124);
#8124 = AXIS2_PLACEMENT_3D('',#8125,#8126,#8127);
#8125 = CARTESIAN_POINT('',(1.172050016982,-0.7,0.232635182233));
#8126 = DIRECTION('',(-0.986721169868,-1.095480561672E-16,
    -0.162423314012));
#8127 = DIRECTION('',(-0.162423314012,-1.803261029519E-17,0.986721169868
    ));
#8128 = ADVANCED_FACE('',(#8129),#8140,.F.);
#8129 = FACE_BOUND('',#8130,.F.);
#8130 = EDGE_LOOP('',(#8131,#8137,#8138,#8139));
#8131 = ORIENTED_EDGE('',*,*,#8132,.T.);
#8132 = EDGE_CURVE('',#7121,#7230,#8133,.T.);
#8133 = LINE('',#8134,#8135);
#8134 = CARTESIAN_POINT('',(1.270530792283,-0.7,0.15));
#8135 = VECTOR('',#8136,1.);
#8136 = DIRECTION('',(1.110223024625E-16,-1.,0.));
#8137 = ORIENTED_EDGE('',*,*,#7237,.T.);
#8138 = ORIENTED_EDGE('',*,*,#8115,.F.);
#8139 = ORIENTED_EDGE('',*,*,#7128,.F.);
#8140 = CYLINDRICAL_SURFACE('',#8141,0.1);
#8141 = AXIS2_PLACEMENT_3D('',#8142,#8143,#8144);
#8142 = CARTESIAN_POINT('',(1.270530792283,-0.7,0.25));
#8143 = DIRECTION('',(-1.110223024625E-16,1.,0.));
#8144 = DIRECTION('',(2.22044604925E-15,2.465190328815E-31,-1.));
#8145 = ADVANCED_FACE('',(#8146),#8157,.F.);
#8146 = FACE_BOUND('',#8147,.F.);
#8147 = EDGE_LOOP('',(#8148,#8154,#8155,#8156));
#8148 = ORIENTED_EDGE('',*,*,#8149,.T.);
#8149 = EDGE_CURVE('',#7113,#7222,#8150,.T.);
#8150 = LINE('',#8151,#8152);
#8151 = CARTESIAN_POINT('',(1.4,-0.7,0.15));
#8152 = VECTOR('',#8153,1.);
#8153 = DIRECTION('',(1.110223024625E-16,-1.,0.));
#8154 = ORIENTED_EDGE('',*,*,#7229,.T.);
#8155 = ORIENTED_EDGE('',*,*,#8132,.F.);
#8156 = ORIENTED_EDGE('',*,*,#7120,.F.);
#8157 = PLANE('',#8158);
#8158 = AXIS2_PLACEMENT_3D('',#8159,#8160,#8161);
#8159 = CARTESIAN_POINT('',(1.4,-0.7,0.15));
#8160 = DIRECTION('',(0.,0.,-1.));
#8161 = DIRECTION('',(-1.,-1.110223024625E-16,-0.));
#8162 = ADVANCED_FACE('',(#8163),#8174,.F.);
#8163 = FACE_BOUND('',#8164,.F.);
#8164 = EDGE_LOOP('',(#8165,#8171,#8172,#8173));
#8165 = ORIENTED_EDGE('',*,*,#8166,.T.);
#8166 = EDGE_CURVE('',#7105,#7214,#8167,.T.);
#8167 = LINE('',#8168,#8169);
#8168 = CARTESIAN_POINT('',(1.4,-0.7,0.));
#8169 = VECTOR('',#8170,1.);
#8170 = DIRECTION('',(1.110223024625E-16,-1.,0.));
#8171 = ORIENTED_EDGE('',*,*,#7221,.T.);
#8172 = ORIENTED_EDGE('',*,*,#8149,.F.);
#8173 = ORIENTED_EDGE('',*,*,#7112,.F.);
#8174 = PLANE('',#8175);
#8175 = AXIS2_PLACEMENT_3D('',#8176,#8177,#8178);
#8176 = CARTESIAN_POINT('',(1.4,-0.7,0.));
#8177 = DIRECTION('',(-1.,-1.110223024625E-16,0.));
#8178 = DIRECTION('',(0.,0.,1.));
#8179 = ADVANCED_FACE('',(#8180),#8191,.F.);
#8180 = FACE_BOUND('',#8181,.F.);
#8181 = EDGE_LOOP('',(#8182,#8188,#8189,#8190));
#8182 = ORIENTED_EDGE('',*,*,#8183,.T.);
#8183 = EDGE_CURVE('',#7096,#7205,#8184,.T.);
#8184 = LINE('',#8185,#8186);
#8185 = CARTESIAN_POINT('',(1.270530792283,-0.7,0.));
#8186 = VECTOR('',#8187,1.);
#8187 = DIRECTION('',(1.110223024625E-16,-1.,0.));
#8188 = ORIENTED_EDGE('',*,*,#7213,.T.);
#8189 = ORIENTED_EDGE('',*,*,#8166,.F.);
#8190 = ORIENTED_EDGE('',*,*,#7104,.F.);
#8191 = PLANE('',#8192);
#8192 = AXIS2_PLACEMENT_3D('',#8193,#8194,#8195);
#8193 = CARTESIAN_POINT('',(1.270530792283,-0.7,0.));
#8194 = DIRECTION('',(0.,0.,1.));
#8195 = DIRECTION('',(1.,1.110223024625E-16,-0.));
#8196 = ADVANCED_FACE('',(#8197),#8208,.T.);
#8197 = FACE_BOUND('',#8198,.T.);
#8198 = EDGE_LOOP('',(#8199,#8200,#8201,#8202));
#8199 = ORIENTED_EDGE('',*,*,#7095,.T.);
#8200 = ORIENTED_EDGE('',*,*,#8183,.T.);
#8201 = ORIENTED_EDGE('',*,*,#7204,.F.);
#8202 = ORIENTED_EDGE('',*,*,#8203,.F.);
#8203 = EDGE_CURVE('',#7088,#7197,#8204,.T.);
#8204 = LINE('',#8205,#8206);
#8205 = CARTESIAN_POINT('',(1.02432885403,-0.7,0.206587955583));
#8206 = VECTOR('',#8207,1.);
#8207 = DIRECTION('',(1.110223024625E-16,-1.,0.));
#8208 = CYLINDRICAL_SURFACE('',#8209,0.25);
#8209 = AXIS2_PLACEMENT_3D('',#8210,#8211,#8212);
#8210 = CARTESIAN_POINT('',(1.270530792283,-0.7,0.25));
#8211 = DIRECTION('',(-1.110223024625E-16,1.,0.));
#8212 = DIRECTION('',(-0.984807753012,-1.093356242223E-16,
    -0.173648177667));
#8213 = ADVANCED_FACE('',(#8214),#8220,.F.);
#8214 = FACE_BOUND('',#8215,.F.);
#8215 = EDGE_LOOP('',(#8216,#8217,#8218,#8219));
#8216 = ORIENTED_EDGE('',*,*,#7178,.T.);
#8217 = ORIENTED_EDGE('',*,*,#7196,.T.);
#8218 = ORIENTED_EDGE('',*,*,#8203,.F.);
#8219 = ORIENTED_EDGE('',*,*,#7087,.F.);
#8220 = PLANE('',#8221);
#8221 = AXIS2_PLACEMENT_3D('',#8222,#8223,#8224);
#8222 = CARTESIAN_POINT('',(0.948480775301,-0.7,0.667364817767));
#8223 = DIRECTION('',(0.986721169868,1.095480561672E-16,0.162423314012)
  );
#8224 = DIRECTION('',(0.162423314012,1.803261029519E-17,-0.986721169868)
  );
#8225 = ADVANCED_FACE('',(#8226),#8229,.F.);
#8226 = FACE_BOUND('',#8227,.T.);
#8227 = EDGE_LOOP('',(#8228));
#8228 = ORIENTED_EDGE('',*,*,#7361,.F.);
#8229 = PLANE('',#8230);
#8230 = AXIS2_PLACEMENT_3D('',#8231,#8232,#8233);
#8231 = CARTESIAN_POINT('',(-0.333648457443,0.983648457443,1.55));
#8232 = DIRECTION('',(0.,0.,-1.));
#8233 = DIRECTION('',(1.110223024625E-16,-1.,0.));
#8234 = ( GEOMETRIC_REPRESENTATION_CONTEXT(3) 
GLOBAL_UNCERTAINTY_ASSIGNED_CONTEXT((#8238)) 
GLOBAL_UNIT_ASSIGNED_CONTEXT((#8235,#8236,#8237)) REPRESENTATION_CONTEXT
('Context #1','3D Context with UNIT and UNCERTAINTY') );
#8235 = ( LENGTH_UNIT() NAMED_UNIT(*) SI_UNIT(.MILLI.,.METRE.) );
#8236 = ( NAMED_UNIT(*) PLANE_ANGLE_UNIT() SI_UNIT($,.RADIAN.) );
#8237 = ( NAMED_UNIT(*) SI_UNIT($,.STERADIAN.) SOLID_ANGLE_UNIT() );
#8238 = UNCERTAINTY_MEASURE_WITH_UNIT(LENGTH_MEASURE(1.E-07),#8235,
  'distance_accuracy_value','confusion accuracy');
#8239 = CONTEXT_DEPENDENT_SHAPE_REPRESENTATION(#8240,#8242);
#8240 = ( REPRESENTATION_RELATIONSHIP('','',#4697,#10) 
REPRESENTATION_RELATIONSHIP_WITH_TRANSFORMATION(#8241) 
SHAPE_REPRESENTATION_RELATIONSHIP() );
#8241 = ITEM_DEFINED_TRANSFORMATION('','',#11,#67);
#8242 = PRODUCT_DEFINITION_SHAPE('Placement','Placement of an item',
  #8243);
#8243 = NEXT_ASSEMBLY_USAGE_OCCURRENCE('14','Q2','',#5,#4692,$);
#8244 = PRODUCT_RELATED_PRODUCT_CATEGORY('part',$,(#4694));
#8245 = CONTEXT_DEPENDENT_SHAPE_REPRESENTATION(#8246,#8248);
#8246 = ( REPRESENTATION_RELATIONSHIP('','',#96,#10) 
REPRESENTATION_RELATIONSHIP_WITH_TRANSFORMATION(#8247) 
SHAPE_REPRESENTATION_RELATIONSHIP() );
#8247 = ITEM_DEFINED_TRANSFORMATION('','',#11,#71);
#8248 = PRODUCT_DEFINITION_SHAPE('Placement','Placement of an item',
  #8249);
#8249 = NEXT_ASSEMBLY_USAGE_OCCURRENCE('15','C3','',#5,#91,$);
#8250 = CONTEXT_DEPENDENT_SHAPE_REPRESENTATION(#8251,#8253);
#8251 = ( REPRESENTATION_RELATIONSHIP('','',#2691,#10) 
REPRESENTATION_RELATIONSHIP_WITH_TRANSFORMATION(#8252) 
SHAPE_REPRESENTATION_RELATIONSHIP() );
#8252 = ITEM_DEFINED_TRANSFORMATION('','',#11,#75);
#8253 = PRODUCT_DEFINITION_SHAPE('Placement','Placement of an item',
  #8254);
#8254 = NEXT_ASSEMBLY_USAGE_OCCURRENCE('16','D1','',#5,#2686,$);
#8255 = SHAPE_DEFINITION_REPRESENTATION(#8256,#8262);
#8256 = PRODUCT_DEFINITION_SHAPE('','',#8257);
#8257 = PRODUCT_DEFINITION('design','',#8258,#8261);
#8258 = PRODUCT_DEFINITION_FORMATION('','',#8259);
#8259 = PRODUCT('piezo-jfet_PCB','piezo-jfet_PCB','',(#8260));
#8260 = PRODUCT_CONTEXT('',#2,'mechanical');
#8261 = PRODUCT_DEFINITION_CONTEXT('part definition',#2,'design');
#8262 = ADVANCED_BREP_SHAPE_REPRESENTATION('',(#11,#8263),#8316);
#8263 = MANIFOLD_SOLID_BREP('',#8264);
#8264 = CLOSED_SHELL('',(#8265,#8298,#8307));
#8265 = ADVANCED_FACE('',(#8266),#8293,.T.);
#8266 = FACE_BOUND('',#8267,.F.);
#8267 = EDGE_LOOP('',(#8268,#8278,#8285,#8286));
#8268 = ORIENTED_EDGE('',*,*,#8269,.T.);
#8269 = EDGE_CURVE('',#8270,#8272,#8274,.T.);
#8270 = VERTEX_POINT('',#8271);
#8271 = CARTESIAN_POINT('',(25.45,12.75,0.));
#8272 = VERTEX_POINT('',#8273);
#8273 = CARTESIAN_POINT('',(25.45,12.75,0.71));
#8274 = LINE('',#8275,#8276);
#8275 = CARTESIAN_POINT('',(25.45,12.75,0.));
#8276 = VECTOR('',#8277,1.);
#8277 = DIRECTION('',(0.,0.,1.));
#8278 = ORIENTED_EDGE('',*,*,#8279,.T.);
#8279 = EDGE_CURVE('',#8272,#8272,#8280,.T.);
#8280 = CIRCLE('',#8281,12.7);
#8281 = AXIS2_PLACEMENT_3D('',#8282,#8283,#8284);
#8282 = CARTESIAN_POINT('',(12.75,12.75,0.71));
#8283 = DIRECTION('',(0.,0.,1.));
#8284 = DIRECTION('',(1.,0.,-0.));
#8285 = ORIENTED_EDGE('',*,*,#8269,.F.);
#8286 = ORIENTED_EDGE('',*,*,#8287,.F.);
#8287 = EDGE_CURVE('',#8270,#8270,#8288,.T.);
#8288 = CIRCLE('',#8289,12.7);
#8289 = AXIS2_PLACEMENT_3D('',#8290,#8291,#8292);
#8290 = CARTESIAN_POINT('',(12.75,12.75,0.));
#8291 = DIRECTION('',(0.,0.,1.));
#8292 = DIRECTION('',(1.,0.,-0.));
#8293 = CYLINDRICAL_SURFACE('',#8294,12.7);
#8294 = AXIS2_PLACEMENT_3D('',#8295,#8296,#8297);
#8295 = CARTESIAN_POINT('',(12.75,12.75,0.));
#8296 = DIRECTION('',(-0.,-0.,-1.));
#8297 = DIRECTION('',(1.,0.,-0.));
#8298 = ADVANCED_FACE('',(#8299),#8302,.F.);
#8299 = FACE_BOUND('',#8300,.F.);
#8300 = EDGE_LOOP('',(#8301));
#8301 = ORIENTED_EDGE('',*,*,#8287,.T.);
#8302 = PLANE('',#8303);
#8303 = AXIS2_PLACEMENT_3D('',#8304,#8305,#8306);
#8304 = CARTESIAN_POINT('',(0.,0.,0.));
#8305 = DIRECTION('',(0.,0.,1.));
#8306 = DIRECTION('',(1.,0.,-0.));
#8307 = ADVANCED_FACE('',(#8308),#8311,.T.);
#8308 = FACE_BOUND('',#8309,.T.);
#8309 = EDGE_LOOP('',(#8310));
#8310 = ORIENTED_EDGE('',*,*,#8279,.T.);
#8311 = PLANE('',#8312);
#8312 = AXIS2_PLACEMENT_3D('',#8313,#8314,#8315);
#8313 = CARTESIAN_POINT('',(0.,0.,0.71));
#8314 = DIRECTION('',(0.,0.,1.));
#8315 = DIRECTION('',(1.,0.,-0.));
#8316 = ( GEOMETRIC_REPRESENTATION_CONTEXT(3) 
GLOBAL_UNCERTAINTY_ASSIGNED_CONTEXT((#8320)) 
GLOBAL_UNIT_ASSIGNED_CONTEXT((#8317,#8318,#8319)) REPRESENTATION_CONTEXT
('Context #1','3D Context with UNIT and UNCERTAINTY') );
#8317 = ( LENGTH_UNIT() NAMED_UNIT(*) SI_UNIT(.MILLI.,.METRE.) );
#8318 = ( NAMED_UNIT(*) PLANE_ANGLE_UNIT() SI_UNIT($,.RADIAN.) );
#8319 = ( NAMED_UNIT(*) SI_UNIT($,.STERADIAN.) SOLID_ANGLE_UNIT() );
#8320 = UNCERTAINTY_MEASURE_WITH_UNIT(LENGTH_MEASURE(1.E-07),#8317,
  'distance_accuracy_value','confusion accuracy');
#8321 = CONTEXT_DEPENDENT_SHAPE_REPRESENTATION(#8322,#8324);
#8322 = ( REPRESENTATION_RELATIONSHIP('','',#8262,#10) 
REPRESENTATION_RELATIONSHIP_WITH_TRANSFORMATION(#8323) 
SHAPE_REPRESENTATION_RELATIONSHIP() );
#8323 = ITEM_DEFINED_TRANSFORMATION('','',#11,#79);
#8324 = PRODUCT_DEFINITION_SHAPE('Placement','Placement of an item',
  #8325);
#8325 = NEXT_ASSEMBLY_USAGE_OCCURRENCE('17','=>[0:1:1:7]','',#5,#8257,$
  );
#8326 = PRODUCT_RELATED_PRODUCT_CATEGORY('part',$,(#8259));
#8327 = MECHANICAL_DESIGN_GEOMETRIC_PRESENTATION_REPRESENTATION('',(
    #8328,#8338,#8347,#8356,#8365,#8374,#8383,#8392,#8401,#8410,#8419,
    #8428,#8437,#8446,#8455,#8465,#8474,#8483,#8492,#8501,#8510,#8519,
    #8528,#8537,#8546,#8555,#8564,#8573,#8582,#8591,#8600,#8609,#8618,
    #8627,#8636,#8645,#8654,#8663,#8672,#8681,#8690,#8699,#8708,#8717,
    #8726,#8735,#8744,#8753,#8762,#8771,#8780,#8789,#8798,#8807,#8816,
    #8825,#8834,#8843,#8852,#8861,#8870,#8879,#8888,#8897,#8906,#8915,
    #8924,#8933,#8942),#4674);
#8328 = STYLED_ITEM('color',(#8329),#2694);
#8329 = PRESENTATION_STYLE_ASSIGNMENT((#8330,#8336));
#8330 = SURFACE_STYLE_USAGE(.BOTH.,#8331);
#8331 = SURFACE_SIDE_STYLE('',(#8332));
#8332 = SURFACE_STYLE_FILL_AREA(#8333);
#8333 = FILL_AREA_STYLE('',(#8334));
#8334 = FILL_AREA_STYLE_COLOUR('',#8335);
#8335 = COLOUR_RGB('',0.147999998088,0.145000001626,0.145000001626);
#8336 = CURVE_STYLE('',#8337,POSITIVE_LENGTH_MEASURE(0.1),#8335);
#8337 = DRAUGHTING_PRE_DEFINED_CURVE_FONT('continuous');
#8338 = STYLED_ITEM('color',(#8339),#2732);
#8339 = PRESENTATION_STYLE_ASSIGNMENT((#8340,#8345));
#8340 = SURFACE_STYLE_USAGE(.BOTH.,#8341);
#8341 = SURFACE_SIDE_STYLE('',(#8342));
#8342 = SURFACE_STYLE_FILL_AREA(#8343);
#8343 = FILL_AREA_STYLE('',(#8344));
#8344 = FILL_AREA_STYLE_COLOUR('',#8335);
#8345 = CURVE_STYLE('',#8346,POSITIVE_LENGTH_MEASURE(0.1),#8335);
#8346 = DRAUGHTING_PRE_DEFINED_CURVE_FONT('continuous');
#8347 = STYLED_ITEM('color',(#8348),#2795);
#8348 = PRESENTATION_STYLE_ASSIGNMENT((#8349,#8354));
#8349 = SURFACE_STYLE_USAGE(.BOTH.,#8350);
#8350 = SURFACE_SIDE_STYLE('',(#8351));
#8351 = SURFACE_STYLE_FILL_AREA(#8352);
#8352 = FILL_AREA_STYLE('',(#8353));
#8353 = FILL_AREA_STYLE_COLOUR('',#8335);
#8354 = CURVE_STYLE('',#8355,POSITIVE_LENGTH_MEASURE(0.1),#8335);
#8355 = DRAUGHTING_PRE_DEFINED_CURVE_FONT('continuous');
#8356 = STYLED_ITEM('color',(#8357),#2818);
#8357 = PRESENTATION_STYLE_ASSIGNMENT((#8358,#8363));
#8358 = SURFACE_STYLE_USAGE(.BOTH.,#8359);
#8359 = SURFACE_SIDE_STYLE('',(#8360));
#8360 = SURFACE_STYLE_FILL_AREA(#8361);
#8361 = FILL_AREA_STYLE('',(#8362));
#8362 = FILL_AREA_STYLE_COLOUR('',#8335);
#8363 = CURVE_STYLE('',#8364,POSITIVE_LENGTH_MEASURE(0.1),#8335);
#8364 = DRAUGHTING_PRE_DEFINED_CURVE_FONT('continuous');
#8365 = STYLED_ITEM('color',(#8366),#2847);
#8366 = PRESENTATION_STYLE_ASSIGNMENT((#8367,#8372));
#8367 = SURFACE_STYLE_USAGE(.BOTH.,#8368);
#8368 = SURFACE_SIDE_STYLE('',(#8369));
#8369 = SURFACE_STYLE_FILL_AREA(#8370);
#8370 = FILL_AREA_STYLE('',(#8371));
#8371 = FILL_AREA_STYLE_COLOUR('',#8335);
#8372 = CURVE_STYLE('',#8373,POSITIVE_LENGTH_MEASURE(0.1),#8335);
#8373 = DRAUGHTING_PRE_DEFINED_CURVE_FONT('continuous');
#8374 = STYLED_ITEM('color',(#8375),#2870);
#8375 = PRESENTATION_STYLE_ASSIGNMENT((#8376,#8381));
#8376 = SURFACE_STYLE_USAGE(.BOTH.,#8377);
#8377 = SURFACE_SIDE_STYLE('',(#8378));
#8378 = SURFACE_STYLE_FILL_AREA(#8379);
#8379 = FILL_AREA_STYLE('',(#8380));
#8380 = FILL_AREA_STYLE_COLOUR('',#8335);
#8381 = CURVE_STYLE('',#8382,POSITIVE_LENGTH_MEASURE(0.1),#8335);
#8382 = DRAUGHTING_PRE_DEFINED_CURVE_FONT('continuous');
#8383 = STYLED_ITEM('color',(#8384),#2925);
#8384 = PRESENTATION_STYLE_ASSIGNMENT((#8385,#8390));
#8385 = SURFACE_STYLE_USAGE(.BOTH.,#8386);
#8386 = SURFACE_SIDE_STYLE('',(#8387));
#8387 = SURFACE_STYLE_FILL_AREA(#8388);
#8388 = FILL_AREA_STYLE('',(#8389));
#8389 = FILL_AREA_STYLE_COLOUR('',#8335);
#8390 = CURVE_STYLE('',#8391,POSITIVE_LENGTH_MEASURE(0.1),#8335);
#8391 = DRAUGHTING_PRE_DEFINED_CURVE_FONT('continuous');
#8392 = STYLED_ITEM('color',(#8393),#2964);
#8393 = PRESENTATION_STYLE_ASSIGNMENT((#8394,#8399));
#8394 = SURFACE_STYLE_USAGE(.BOTH.,#8395);
#8395 = SURFACE_SIDE_STYLE('',(#8396));
#8396 = SURFACE_STYLE_FILL_AREA(#8397);
#8397 = FILL_AREA_STYLE('',(#8398));
#8398 = FILL_AREA_STYLE_COLOUR('',#8335);
#8399 = CURVE_STYLE('',#8400,POSITIVE_LENGTH_MEASURE(0.1),#8335);
#8400 = DRAUGHTING_PRE_DEFINED_CURVE_FONT('continuous');
#8401 = STYLED_ITEM('color',(#8402),#2987);
#8402 = PRESENTATION_STYLE_ASSIGNMENT((#8403,#8408));
#8403 = SURFACE_STYLE_USAGE(.BOTH.,#8404);
#8404 = SURFACE_SIDE_STYLE('',(#8405));
#8405 = SURFACE_STYLE_FILL_AREA(#8406);
#8406 = FILL_AREA_STYLE('',(#8407));
#8407 = FILL_AREA_STYLE_COLOUR('',#8335);
#8408 = CURVE_STYLE('',#8409,POSITIVE_LENGTH_MEASURE(0.1),#8335);
#8409 = DRAUGHTING_PRE_DEFINED_CURVE_FONT('continuous');
#8410 = STYLED_ITEM('color',(#8411),#3010);
#8411 = PRESENTATION_STYLE_ASSIGNMENT((#8412,#8417));
#8412 = SURFACE_STYLE_USAGE(.BOTH.,#8413);
#8413 = SURFACE_SIDE_STYLE('',(#8414));
#8414 = SURFACE_STYLE_FILL_AREA(#8415);
#8415 = FILL_AREA_STYLE('',(#8416));
#8416 = FILL_AREA_STYLE_COLOUR('',#8335);
#8417 = CURVE_STYLE('',#8418,POSITIVE_LENGTH_MEASURE(0.1),#8335);
#8418 = DRAUGHTING_PRE_DEFINED_CURVE_FONT('continuous');
#8419 = STYLED_ITEM('color',(#8420),#3027);
#8420 = PRESENTATION_STYLE_ASSIGNMENT((#8421,#8426));
#8421 = SURFACE_STYLE_USAGE(.BOTH.,#8422);
#8422 = SURFACE_SIDE_STYLE('',(#8423));
#8423 = SURFACE_STYLE_FILL_AREA(#8424);
#8424 = FILL_AREA_STYLE('',(#8425));
#8425 = FILL_AREA_STYLE_COLOUR('',#8335);
#8426 = CURVE_STYLE('',#8427,POSITIVE_LENGTH_MEASURE(0.1),#8335);
#8427 = DRAUGHTING_PRE_DEFINED_CURVE_FONT('continuous');
#8428 = STYLED_ITEM('color',(#8429),#3050);
#8429 = PRESENTATION_STYLE_ASSIGNMENT((#8430,#8435));
#8430 = SURFACE_STYLE_USAGE(.BOTH.,#8431);
#8431 = SURFACE_SIDE_STYLE('',(#8432));
#8432 = SURFACE_STYLE_FILL_AREA(#8433);
#8433 = FILL_AREA_STYLE('',(#8434));
#8434 = FILL_AREA_STYLE_COLOUR('',#8335);
#8435 = CURVE_STYLE('',#8436,POSITIVE_LENGTH_MEASURE(0.1),#8335);
#8436 = DRAUGHTING_PRE_DEFINED_CURVE_FONT('continuous');
#8437 = STYLED_ITEM('color',(#8438),#3138);
#8438 = PRESENTATION_STYLE_ASSIGNMENT((#8439,#8444));
#8439 = SURFACE_STYLE_USAGE(.BOTH.,#8440);
#8440 = SURFACE_SIDE_STYLE('',(#8441));
#8441 = SURFACE_STYLE_FILL_AREA(#8442);
#8442 = FILL_AREA_STYLE('',(#8443));
#8443 = FILL_AREA_STYLE_COLOUR('',#8335);
#8444 = CURVE_STYLE('',#8445,POSITIVE_LENGTH_MEASURE(0.1),#8335);
#8445 = DRAUGHTING_PRE_DEFINED_CURVE_FONT('continuous');
#8446 = STYLED_ITEM('color',(#8447),#3154);
#8447 = PRESENTATION_STYLE_ASSIGNMENT((#8448,#8453));
#8448 = SURFACE_STYLE_USAGE(.BOTH.,#8449);
#8449 = SURFACE_SIDE_STYLE('',(#8450));
#8450 = SURFACE_STYLE_FILL_AREA(#8451);
#8451 = FILL_AREA_STYLE('',(#8452));
#8452 = FILL_AREA_STYLE_COLOUR('',#8335);
#8453 = CURVE_STYLE('',#8454,POSITIVE_LENGTH_MEASURE(0.1),#8335);
#8454 = DRAUGHTING_PRE_DEFINED_CURVE_FONT('continuous');
#8455 = STYLED_ITEM('color',(#8456),#3184);
#8456 = PRESENTATION_STYLE_ASSIGNMENT((#8457,#8463));
#8457 = SURFACE_STYLE_USAGE(.BOTH.,#8458);
#8458 = SURFACE_SIDE_STYLE('',(#8459));
#8459 = SURFACE_STYLE_FILL_AREA(#8460);
#8460 = FILL_AREA_STYLE('',(#8461));
#8461 = FILL_AREA_STYLE_COLOUR('',#8462);
#8462 = COLOUR_RGB('',0.823999987314,0.819999987296,0.781000009244);
#8463 = CURVE_STYLE('',#8464,POSITIVE_LENGTH_MEASURE(0.1),#8462);
#8464 = DRAUGHTING_PRE_DEFINED_CURVE_FONT('continuous');
#8465 = STYLED_ITEM('color',(#8466),#3217);
#8466 = PRESENTATION_STYLE_ASSIGNMENT((#8467,#8472));
#8467 = SURFACE_STYLE_USAGE(.BOTH.,#8468);
#8468 = SURFACE_SIDE_STYLE('',(#8469));
#8469 = SURFACE_STYLE_FILL_AREA(#8470);
#8470 = FILL_AREA_STYLE('',(#8471));
#8471 = FILL_AREA_STYLE_COLOUR('',#8335);
#8472 = CURVE_STYLE('',#8473,POSITIVE_LENGTH_MEASURE(0.1),#8335);
#8473 = DRAUGHTING_PRE_DEFINED_CURVE_FONT('continuous');
#8474 = STYLED_ITEM('color',(#8475),#3248);
#8475 = PRESENTATION_STYLE_ASSIGNMENT((#8476,#8481));
#8476 = SURFACE_STYLE_USAGE(.BOTH.,#8477);
#8477 = SURFACE_SIDE_STYLE('',(#8478));
#8478 = SURFACE_STYLE_FILL_AREA(#8479);
#8479 = FILL_AREA_STYLE('',(#8480));
#8480 = FILL_AREA_STYLE_COLOUR('',#8462);
#8481 = CURVE_STYLE('',#8482,POSITIVE_LENGTH_MEASURE(0.1),#8462);
#8482 = DRAUGHTING_PRE_DEFINED_CURVE_FONT('continuous');
#8483 = STYLED_ITEM('color',(#8484),#3281);
#8484 = PRESENTATION_STYLE_ASSIGNMENT((#8485,#8490));
#8485 = SURFACE_STYLE_USAGE(.BOTH.,#8486);
#8486 = SURFACE_SIDE_STYLE('',(#8487));
#8487 = SURFACE_STYLE_FILL_AREA(#8488);
#8488 = FILL_AREA_STYLE('',(#8489));
#8489 = FILL_AREA_STYLE_COLOUR('',#8335);
#8490 = CURVE_STYLE('',#8491,POSITIVE_LENGTH_MEASURE(0.1),#8335);
#8491 = DRAUGHTING_PRE_DEFINED_CURVE_FONT('continuous');
#8492 = STYLED_ITEM('color',(#8493),#3298);
#8493 = PRESENTATION_STYLE_ASSIGNMENT((#8494,#8499));
#8494 = SURFACE_STYLE_USAGE(.BOTH.,#8495);
#8495 = SURFACE_SIDE_STYLE('',(#8496));
#8496 = SURFACE_STYLE_FILL_AREA(#8497);
#8497 = FILL_AREA_STYLE('',(#8498));
#8498 = FILL_AREA_STYLE_COLOUR('',#8335);
#8499 = CURVE_STYLE('',#8500,POSITIVE_LENGTH_MEASURE(0.1),#8335);
#8500 = DRAUGHTING_PRE_DEFINED_CURVE_FONT('continuous');
#8501 = STYLED_ITEM('color',(#8502),#3315);
#8502 = PRESENTATION_STYLE_ASSIGNMENT((#8503,#8508));
#8503 = SURFACE_STYLE_USAGE(.BOTH.,#8504);
#8504 = SURFACE_SIDE_STYLE('',(#8505));
#8505 = SURFACE_STYLE_FILL_AREA(#8506);
#8506 = FILL_AREA_STYLE('',(#8507));
#8507 = FILL_AREA_STYLE_COLOUR('',#8462);
#8508 = CURVE_STYLE('',#8509,POSITIVE_LENGTH_MEASURE(0.1),#8462);
#8509 = DRAUGHTING_PRE_DEFINED_CURVE_FONT('continuous');
#8510 = STYLED_ITEM('color',(#8511),#3348);
#8511 = PRESENTATION_STYLE_ASSIGNMENT((#8512,#8517));
#8512 = SURFACE_STYLE_USAGE(.BOTH.,#8513);
#8513 = SURFACE_SIDE_STYLE('',(#8514));
#8514 = SURFACE_STYLE_FILL_AREA(#8515);
#8515 = FILL_AREA_STYLE('',(#8516));
#8516 = FILL_AREA_STYLE_COLOUR('',#8335);
#8517 = CURVE_STYLE('',#8518,POSITIVE_LENGTH_MEASURE(0.1),#8335);
#8518 = DRAUGHTING_PRE_DEFINED_CURVE_FONT('continuous');
#8519 = STYLED_ITEM('color',(#8520),#3378);
#8520 = PRESENTATION_STYLE_ASSIGNMENT((#8521,#8526));
#8521 = SURFACE_STYLE_USAGE(.BOTH.,#8522);
#8522 = SURFACE_SIDE_STYLE('',(#8523));
#8523 = SURFACE_STYLE_FILL_AREA(#8524);
#8524 = FILL_AREA_STYLE('',(#8525));
#8525 = FILL_AREA_STYLE_COLOUR('',#8335);
#8526 = CURVE_STYLE('',#8527,POSITIVE_LENGTH_MEASURE(0.1),#8335);
#8527 = DRAUGHTING_PRE_DEFINED_CURVE_FONT('continuous');
#8528 = STYLED_ITEM('color',(#8529),#3401);
#8529 = PRESENTATION_STYLE_ASSIGNMENT((#8530,#8535));
#8530 = SURFACE_STYLE_USAGE(.BOTH.,#8531);
#8531 = SURFACE_SIDE_STYLE('',(#8532));
#8532 = SURFACE_STYLE_FILL_AREA(#8533);
#8533 = FILL_AREA_STYLE('',(#8534));
#8534 = FILL_AREA_STYLE_COLOUR('',#8335);
#8535 = CURVE_STYLE('',#8536,POSITIVE_LENGTH_MEASURE(0.1),#8335);
#8536 = DRAUGHTING_PRE_DEFINED_CURVE_FONT('continuous');
#8537 = STYLED_ITEM('color',(#8538),#3424);
#8538 = PRESENTATION_STYLE_ASSIGNMENT((#8539,#8544));
#8539 = SURFACE_STYLE_USAGE(.BOTH.,#8540);
#8540 = SURFACE_SIDE_STYLE('',(#8541));
#8541 = SURFACE_STYLE_FILL_AREA(#8542);
#8542 = FILL_AREA_STYLE('',(#8543));
#8543 = FILL_AREA_STYLE_COLOUR('',#8335);
#8544 = CURVE_STYLE('',#8545,POSITIVE_LENGTH_MEASURE(0.1),#8335);
#8545 = DRAUGHTING_PRE_DEFINED_CURVE_FONT('continuous');
#8546 = STYLED_ITEM('color',(#8547),#3441);
#8547 = PRESENTATION_STYLE_ASSIGNMENT((#8548,#8553));
#8548 = SURFACE_STYLE_USAGE(.BOTH.,#8549);
#8549 = SURFACE_SIDE_STYLE('',(#8550));
#8550 = SURFACE_STYLE_FILL_AREA(#8551);
#8551 = FILL_AREA_STYLE('',(#8552));
#8552 = FILL_AREA_STYLE_COLOUR('',#8462);
#8553 = CURVE_STYLE('',#8554,POSITIVE_LENGTH_MEASURE(0.1),#8462);
#8554 = DRAUGHTING_PRE_DEFINED_CURVE_FONT('continuous');
#8555 = STYLED_ITEM('color',(#8556),#3470);
#8556 = PRESENTATION_STYLE_ASSIGNMENT((#8557,#8562));
#8557 = SURFACE_STYLE_USAGE(.BOTH.,#8558);
#8558 = SURFACE_SIDE_STYLE('',(#8559));
#8559 = SURFACE_STYLE_FILL_AREA(#8560);
#8560 = FILL_AREA_STYLE('',(#8561));
#8561 = FILL_AREA_STYLE_COLOUR('',#8335);
#8562 = CURVE_STYLE('',#8563,POSITIVE_LENGTH_MEASURE(0.1),#8335);
#8563 = DRAUGHTING_PRE_DEFINED_CURVE_FONT('continuous');
#8564 = STYLED_ITEM('color',(#8565),#3524);
#8565 = PRESENTATION_STYLE_ASSIGNMENT((#8566,#8571));
#8566 = SURFACE_STYLE_USAGE(.BOTH.,#8567);
#8567 = SURFACE_SIDE_STYLE('',(#8568));
#8568 = SURFACE_STYLE_FILL_AREA(#8569);
#8569 = FILL_AREA_STYLE('',(#8570));
#8570 = FILL_AREA_STYLE_COLOUR('',#8335);
#8571 = CURVE_STYLE('',#8572,POSITIVE_LENGTH_MEASURE(0.1),#8335);
#8572 = DRAUGHTING_PRE_DEFINED_CURVE_FONT('continuous');
#8573 = STYLED_ITEM('color',(#8574),#3547);
#8574 = PRESENTATION_STYLE_ASSIGNMENT((#8575,#8580));
#8575 = SURFACE_STYLE_USAGE(.BOTH.,#8576);
#8576 = SURFACE_SIDE_STYLE('',(#8577));
#8577 = SURFACE_STYLE_FILL_AREA(#8578);
#8578 = FILL_AREA_STYLE('',(#8579));
#8579 = FILL_AREA_STYLE_COLOUR('',#8335);
#8580 = CURVE_STYLE('',#8581,POSITIVE_LENGTH_MEASURE(0.1),#8335);
#8581 = DRAUGHTING_PRE_DEFINED_CURVE_FONT('continuous');
#8582 = STYLED_ITEM('color',(#8583),#3570);
#8583 = PRESENTATION_STYLE_ASSIGNMENT((#8584,#8589));
#8584 = SURFACE_STYLE_USAGE(.BOTH.,#8585);
#8585 = SURFACE_SIDE_STYLE('',(#8586));
#8586 = SURFACE_STYLE_FILL_AREA(#8587);
#8587 = FILL_AREA_STYLE('',(#8588));
#8588 = FILL_AREA_STYLE_COLOUR('',#8335);
#8589 = CURVE_STYLE('',#8590,POSITIVE_LENGTH_MEASURE(0.1),#8335);
#8590 = DRAUGHTING_PRE_DEFINED_CURVE_FONT('continuous');
#8591 = STYLED_ITEM('color',(#8592),#3593);
#8592 = PRESENTATION_STYLE_ASSIGNMENT((#8593,#8598));
#8593 = SURFACE_STYLE_USAGE(.BOTH.,#8594);
#8594 = SURFACE_SIDE_STYLE('',(#8595));
#8595 = SURFACE_STYLE_FILL_AREA(#8596);
#8596 = FILL_AREA_STYLE('',(#8597));
#8597 = FILL_AREA_STYLE_COLOUR('',#8335);
#8598 = CURVE_STYLE('',#8599,POSITIVE_LENGTH_MEASURE(0.1),#8335);
#8599 = DRAUGHTING_PRE_DEFINED_CURVE_FONT('continuous');
#8600 = STYLED_ITEM('color',(#8601),#3632);
#8601 = PRESENTATION_STYLE_ASSIGNMENT((#8602,#8607));
#8602 = SURFACE_STYLE_USAGE(.BOTH.,#8603);
#8603 = SURFACE_SIDE_STYLE('',(#8604));
#8604 = SURFACE_STYLE_FILL_AREA(#8605);
#8605 = FILL_AREA_STYLE('',(#8606));
#8606 = FILL_AREA_STYLE_COLOUR('',#8462);
#8607 = CURVE_STYLE('',#8608,POSITIVE_LENGTH_MEASURE(0.1),#8462);
#8608 = DRAUGHTING_PRE_DEFINED_CURVE_FONT('continuous');
#8609 = STYLED_ITEM('color',(#8610),#3654);
#8610 = PRESENTATION_STYLE_ASSIGNMENT((#8611,#8616));
#8611 = SURFACE_STYLE_USAGE(.BOTH.,#8612);
#8612 = SURFACE_SIDE_STYLE('',(#8613));
#8613 = SURFACE_STYLE_FILL_AREA(#8614);
#8614 = FILL_AREA_STYLE('',(#8615));
#8615 = FILL_AREA_STYLE_COLOUR('',#8335);
#8616 = CURVE_STYLE('',#8617,POSITIVE_LENGTH_MEASURE(0.1),#8335);
#8617 = DRAUGHTING_PRE_DEFINED_CURVE_FONT('continuous');
#8618 = STYLED_ITEM('color',(#8619),#3698);
#8619 = PRESENTATION_STYLE_ASSIGNMENT((#8620,#8625));
#8620 = SURFACE_STYLE_USAGE(.BOTH.,#8621);
#8621 = SURFACE_SIDE_STYLE('',(#8622));
#8622 = SURFACE_STYLE_FILL_AREA(#8623);
#8623 = FILL_AREA_STYLE('',(#8624));
#8624 = FILL_AREA_STYLE_COLOUR('',#8462);
#8625 = CURVE_STYLE('',#8626,POSITIVE_LENGTH_MEASURE(0.1),#8462);
#8626 = DRAUGHTING_PRE_DEFINED_CURVE_FONT('continuous');
#8627 = STYLED_ITEM('color',(#8628),#3773);
#8628 = PRESENTATION_STYLE_ASSIGNMENT((#8629,#8634));
#8629 = SURFACE_STYLE_USAGE(.BOTH.,#8630);
#8630 = SURFACE_SIDE_STYLE('',(#8631));
#8631 = SURFACE_STYLE_FILL_AREA(#8632);
#8632 = FILL_AREA_STYLE('',(#8633));
#8633 = FILL_AREA_STYLE_COLOUR('',#8462);
#8634 = CURVE_STYLE('',#8635,POSITIVE_LENGTH_MEASURE(0.1),#8462);
#8635 = DRAUGHTING_PRE_DEFINED_CURVE_FONT('continuous');
#8636 = STYLED_ITEM('color',(#8637),#3797);
#8637 = PRESENTATION_STYLE_ASSIGNMENT((#8638,#8643));
#8638 = SURFACE_STYLE_USAGE(.BOTH.,#8639);
#8639 = SURFACE_SIDE_STYLE('',(#8640));
#8640 = SURFACE_STYLE_FILL_AREA(#8641);
#8641 = FILL_AREA_STYLE('',(#8642));
#8642 = FILL_AREA_STYLE_COLOUR('',#8462);
#8643 = CURVE_STYLE('',#8644,POSITIVE_LENGTH_MEASURE(0.1),#8462);
#8644 = DRAUGHTING_PRE_DEFINED_CURVE_FONT('continuous');
#8645 = STYLED_ITEM('color',(#8646),#3865);
#8646 = PRESENTATION_STYLE_ASSIGNMENT((#8647,#8652));
#8647 = SURFACE_STYLE_USAGE(.BOTH.,#8648);
#8648 = SURFACE_SIDE_STYLE('',(#8649));
#8649 = SURFACE_STYLE_FILL_AREA(#8650);
#8650 = FILL_AREA_STYLE('',(#8651));
#8651 = FILL_AREA_STYLE_COLOUR('',#8335);
#8652 = CURVE_STYLE('',#8653,POSITIVE_LENGTH_MEASURE(0.1),#8335);
#8653 = DRAUGHTING_PRE_DEFINED_CURVE_FONT('continuous');
#8654 = STYLED_ITEM('color',(#8655),#3882);
#8655 = PRESENTATION_STYLE_ASSIGNMENT((#8656,#8661));
#8656 = SURFACE_STYLE_USAGE(.BOTH.,#8657);
#8657 = SURFACE_SIDE_STYLE('',(#8658));
#8658 = SURFACE_STYLE_FILL_AREA(#8659);
#8659 = FILL_AREA_STYLE('',(#8660));
#8660 = FILL_AREA_STYLE_COLOUR('',#8462);
#8661 = CURVE_STYLE('',#8662,POSITIVE_LENGTH_MEASURE(0.1),#8462);
#8662 = DRAUGHTING_PRE_DEFINED_CURVE_FONT('continuous');
#8663 = STYLED_ITEM('color',(#8664),#3957);
#8664 = PRESENTATION_STYLE_ASSIGNMENT((#8665,#8670));
#8665 = SURFACE_STYLE_USAGE(.BOTH.,#8666);
#8666 = SURFACE_SIDE_STYLE('',(#8667));
#8667 = SURFACE_STYLE_FILL_AREA(#8668);
#8668 = FILL_AREA_STYLE('',(#8669));
#8669 = FILL_AREA_STYLE_COLOUR('',#8462);
#8670 = CURVE_STYLE('',#8671,POSITIVE_LENGTH_MEASURE(0.1),#8462);
#8671 = DRAUGHTING_PRE_DEFINED_CURVE_FONT('continuous');
#8672 = STYLED_ITEM('color',(#8673),#3981);
#8673 = PRESENTATION_STYLE_ASSIGNMENT((#8674,#8679));
#8674 = SURFACE_STYLE_USAGE(.BOTH.,#8675);
#8675 = SURFACE_SIDE_STYLE('',(#8676));
#8676 = SURFACE_STYLE_FILL_AREA(#8677);
#8677 = FILL_AREA_STYLE('',(#8678));
#8678 = FILL_AREA_STYLE_COLOUR('',#8462);
#8679 = CURVE_STYLE('',#8680,POSITIVE_LENGTH_MEASURE(0.1),#8462);
#8680 = DRAUGHTING_PRE_DEFINED_CURVE_FONT('continuous');
#8681 = STYLED_ITEM('color',(#8682),#4049);
#8682 = PRESENTATION_STYLE_ASSIGNMENT((#8683,#8688));
#8683 = SURFACE_STYLE_USAGE(.BOTH.,#8684);
#8684 = SURFACE_SIDE_STYLE('',(#8685));
#8685 = SURFACE_STYLE_FILL_AREA(#8686);
#8686 = FILL_AREA_STYLE('',(#8687));
#8687 = FILL_AREA_STYLE_COLOUR('',#8462);
#8688 = CURVE_STYLE('',#8689,POSITIVE_LENGTH_MEASURE(0.1),#8462);
#8689 = DRAUGHTING_PRE_DEFINED_CURVE_FONT('continuous');
#8690 = STYLED_ITEM('color',(#8691),#4124);
#8691 = PRESENTATION_STYLE_ASSIGNMENT((#8692,#8697));
#8692 = SURFACE_STYLE_USAGE(.BOTH.,#8693);
#8693 = SURFACE_SIDE_STYLE('',(#8694));
#8694 = SURFACE_STYLE_FILL_AREA(#8695);
#8695 = FILL_AREA_STYLE('',(#8696));
#8696 = FILL_AREA_STYLE_COLOUR('',#8462);
#8697 = CURVE_STYLE('',#8698,POSITIVE_LENGTH_MEASURE(0.1),#8462);
#8698 = DRAUGHTING_PRE_DEFINED_CURVE_FONT('continuous');
#8699 = STYLED_ITEM('color',(#8700),#4148);
#8700 = PRESENTATION_STYLE_ASSIGNMENT((#8701,#8706));
#8701 = SURFACE_STYLE_USAGE(.BOTH.,#8702);
#8702 = SURFACE_SIDE_STYLE('',(#8703));
#8703 = SURFACE_STYLE_FILL_AREA(#8704);
#8704 = FILL_AREA_STYLE('',(#8705));
#8705 = FILL_AREA_STYLE_COLOUR('',#8462);
#8706 = CURVE_STYLE('',#8707,POSITIVE_LENGTH_MEASURE(0.1),#8462);
#8707 = DRAUGHTING_PRE_DEFINED_CURVE_FONT('continuous');
#8708 = STYLED_ITEM('color',(#8709),#4216);
#8709 = PRESENTATION_STYLE_ASSIGNMENT((#8710,#8715));
#8710 = SURFACE_STYLE_USAGE(.BOTH.,#8711);
#8711 = SURFACE_SIDE_STYLE('',(#8712));
#8712 = SURFACE_STYLE_FILL_AREA(#8713);
#8713 = FILL_AREA_STYLE('',(#8714));
#8714 = FILL_AREA_STYLE_COLOUR('',#8462);
#8715 = CURVE_STYLE('',#8716,POSITIVE_LENGTH_MEASURE(0.1),#8462);
#8716 = DRAUGHTING_PRE_DEFINED_CURVE_FONT('continuous');
#8717 = STYLED_ITEM('color',(#8718),#4233);
#8718 = PRESENTATION_STYLE_ASSIGNMENT((#8719,#8724));
#8719 = SURFACE_STYLE_USAGE(.BOTH.,#8720);
#8720 = SURFACE_SIDE_STYLE('',(#8721));
#8721 = SURFACE_STYLE_FILL_AREA(#8722);
#8722 = FILL_AREA_STYLE('',(#8723));
#8723 = FILL_AREA_STYLE_COLOUR('',#8462);
#8724 = CURVE_STYLE('',#8725,POSITIVE_LENGTH_MEASURE(0.1),#8462);
#8725 = DRAUGHTING_PRE_DEFINED_CURVE_FONT('continuous');
#8726 = STYLED_ITEM('color',(#8727),#4250);
#8727 = PRESENTATION_STYLE_ASSIGNMENT((#8728,#8733));
#8728 = SURFACE_STYLE_USAGE(.BOTH.,#8729);
#8729 = SURFACE_SIDE_STYLE('',(#8730));
#8730 = SURFACE_STYLE_FILL_AREA(#8731);
#8731 = FILL_AREA_STYLE('',(#8732));
#8732 = FILL_AREA_STYLE_COLOUR('',#8335);
#8733 = CURVE_STYLE('',#8734,POSITIVE_LENGTH_MEASURE(0.1),#8335);
#8734 = DRAUGHTING_PRE_DEFINED_CURVE_FONT('continuous');
#8735 = STYLED_ITEM('color',(#8736),#4296);
#8736 = PRESENTATION_STYLE_ASSIGNMENT((#8737,#8742));
#8737 = SURFACE_STYLE_USAGE(.BOTH.,#8738);
#8738 = SURFACE_SIDE_STYLE('',(#8739));
#8739 = SURFACE_STYLE_FILL_AREA(#8740);
#8740 = FILL_AREA_STYLE('',(#8741));
#8741 = FILL_AREA_STYLE_COLOUR('',#8335);
#8742 = CURVE_STYLE('',#8743,POSITIVE_LENGTH_MEASURE(0.1),#8335);
#8743 = DRAUGHTING_PRE_DEFINED_CURVE_FONT('continuous');
#8744 = STYLED_ITEM('color',(#8745),#4312);
#8745 = PRESENTATION_STYLE_ASSIGNMENT((#8746,#8751));
#8746 = SURFACE_STYLE_USAGE(.BOTH.,#8747);
#8747 = SURFACE_SIDE_STYLE('',(#8748));
#8748 = SURFACE_STYLE_FILL_AREA(#8749);
#8749 = FILL_AREA_STYLE('',(#8750));
#8750 = FILL_AREA_STYLE_COLOUR('',#8335);
#8751 = CURVE_STYLE('',#8752,POSITIVE_LENGTH_MEASURE(0.1),#8335);
#8752 = DRAUGHTING_PRE_DEFINED_CURVE_FONT('continuous');
#8753 = STYLED_ITEM('color',(#8754),#4328);
#8754 = PRESENTATION_STYLE_ASSIGNMENT((#8755,#8760));
#8755 = SURFACE_STYLE_USAGE(.BOTH.,#8756);
#8756 = SURFACE_SIDE_STYLE('',(#8757));
#8757 = SURFACE_STYLE_FILL_AREA(#8758);
#8758 = FILL_AREA_STYLE('',(#8759));
#8759 = FILL_AREA_STYLE_COLOUR('',#8462);
#8760 = CURVE_STYLE('',#8761,POSITIVE_LENGTH_MEASURE(0.1),#8462);
#8761 = DRAUGHTING_PRE_DEFINED_CURVE_FONT('continuous');
#8762 = STYLED_ITEM('color',(#8763),#4345);
#8763 = PRESENTATION_STYLE_ASSIGNMENT((#8764,#8769));
#8764 = SURFACE_STYLE_USAGE(.BOTH.,#8765);
#8765 = SURFACE_SIDE_STYLE('',(#8766));
#8766 = SURFACE_STYLE_FILL_AREA(#8767);
#8767 = FILL_AREA_STYLE('',(#8768));
#8768 = FILL_AREA_STYLE_COLOUR('',#8335);
#8769 = CURVE_STYLE('',#8770,POSITIVE_LENGTH_MEASURE(0.1),#8335);
#8770 = DRAUGHTING_PRE_DEFINED_CURVE_FONT('continuous');
#8771 = STYLED_ITEM('color',(#8772),#4357);
#8772 = PRESENTATION_STYLE_ASSIGNMENT((#8773,#8778));
#8773 = SURFACE_STYLE_USAGE(.BOTH.,#8774);
#8774 = SURFACE_SIDE_STYLE('',(#8775));
#8775 = SURFACE_STYLE_FILL_AREA(#8776);
#8776 = FILL_AREA_STYLE('',(#8777));
#8777 = FILL_AREA_STYLE_COLOUR('',#8462);
#8778 = CURVE_STYLE('',#8779,POSITIVE_LENGTH_MEASURE(0.1),#8462);
#8779 = DRAUGHTING_PRE_DEFINED_CURVE_FONT('continuous');
#8780 = STYLED_ITEM('color',(#8781),#4374);
#8781 = PRESENTATION_STYLE_ASSIGNMENT((#8782,#8787));
#8782 = SURFACE_STYLE_USAGE(.BOTH.,#8783);
#8783 = SURFACE_SIDE_STYLE('',(#8784));
#8784 = SURFACE_STYLE_FILL_AREA(#8785);
#8785 = FILL_AREA_STYLE('',(#8786));
#8786 = FILL_AREA_STYLE_COLOUR('',#8462);
#8787 = CURVE_STYLE('',#8788,POSITIVE_LENGTH_MEASURE(0.1),#8462);
#8788 = DRAUGHTING_PRE_DEFINED_CURVE_FONT('continuous');
#8789 = STYLED_ITEM('color',(#8790),#4391);
#8790 = PRESENTATION_STYLE_ASSIGNMENT((#8791,#8796));
#8791 = SURFACE_STYLE_USAGE(.BOTH.,#8792);
#8792 = SURFACE_SIDE_STYLE('',(#8793));
#8793 = SURFACE_STYLE_FILL_AREA(#8794);
#8794 = FILL_AREA_STYLE('',(#8795));
#8795 = FILL_AREA_STYLE_COLOUR('',#8462);
#8796 = CURVE_STYLE('',#8797,POSITIVE_LENGTH_MEASURE(0.1),#8462);
#8797 = DRAUGHTING_PRE_DEFINED_CURVE_FONT('continuous');
#8798 = STYLED_ITEM('color',(#8799),#4408);
#8799 = PRESENTATION_STYLE_ASSIGNMENT((#8800,#8805));
#8800 = SURFACE_STYLE_USAGE(.BOTH.,#8801);
#8801 = SURFACE_SIDE_STYLE('',(#8802));
#8802 = SURFACE_STYLE_FILL_AREA(#8803);
#8803 = FILL_AREA_STYLE('',(#8804));
#8804 = FILL_AREA_STYLE_COLOUR('',#8462);
#8805 = CURVE_STYLE('',#8806,POSITIVE_LENGTH_MEASURE(0.1),#8462);
#8806 = DRAUGHTING_PRE_DEFINED_CURVE_FONT('continuous');
#8807 = STYLED_ITEM('color',(#8808),#4425);
#8808 = PRESENTATION_STYLE_ASSIGNMENT((#8809,#8814));
#8809 = SURFACE_STYLE_USAGE(.BOTH.,#8810);
#8810 = SURFACE_SIDE_STYLE('',(#8811));
#8811 = SURFACE_STYLE_FILL_AREA(#8812);
#8812 = FILL_AREA_STYLE('',(#8813));
#8813 = FILL_AREA_STYLE_COLOUR('',#8462);
#8814 = CURVE_STYLE('',#8815,POSITIVE_LENGTH_MEASURE(0.1),#8462);
#8815 = DRAUGHTING_PRE_DEFINED_CURVE_FONT('continuous');
#8816 = STYLED_ITEM('color',(#8817),#4442);
#8817 = PRESENTATION_STYLE_ASSIGNMENT((#8818,#8823));
#8818 = SURFACE_STYLE_USAGE(.BOTH.,#8819);
#8819 = SURFACE_SIDE_STYLE('',(#8820));
#8820 = SURFACE_STYLE_FILL_AREA(#8821);
#8821 = FILL_AREA_STYLE('',(#8822));
#8822 = FILL_AREA_STYLE_COLOUR('',#8462);
#8823 = CURVE_STYLE('',#8824,POSITIVE_LENGTH_MEASURE(0.1),#8462);
#8824 = DRAUGHTING_PRE_DEFINED_CURVE_FONT('continuous');
#8825 = STYLED_ITEM('color',(#8826),#4459);
#8826 = PRESENTATION_STYLE_ASSIGNMENT((#8827,#8832));
#8827 = SURFACE_STYLE_USAGE(.BOTH.,#8828);
#8828 = SURFACE_SIDE_STYLE('',(#8829));
#8829 = SURFACE_STYLE_FILL_AREA(#8830);
#8830 = FILL_AREA_STYLE('',(#8831));
#8831 = FILL_AREA_STYLE_COLOUR('',#8462);
#8832 = CURVE_STYLE('',#8833,POSITIVE_LENGTH_MEASURE(0.1),#8462);
#8833 = DRAUGHTING_PRE_DEFINED_CURVE_FONT('continuous');
#8834 = STYLED_ITEM('color',(#8835),#4471);
#8835 = PRESENTATION_STYLE_ASSIGNMENT((#8836,#8841));
#8836 = SURFACE_STYLE_USAGE(.BOTH.,#8837);
#8837 = SURFACE_SIDE_STYLE('',(#8838));
#8838 = SURFACE_STYLE_FILL_AREA(#8839);
#8839 = FILL_AREA_STYLE('',(#8840));
#8840 = FILL_AREA_STYLE_COLOUR('',#8462);
#8841 = CURVE_STYLE('',#8842,POSITIVE_LENGTH_MEASURE(0.1),#8462);
#8842 = DRAUGHTING_PRE_DEFINED_CURVE_FONT('continuous');
#8843 = STYLED_ITEM('color',(#8844),#4488);
#8844 = PRESENTATION_STYLE_ASSIGNMENT((#8845,#8850));
#8845 = SURFACE_STYLE_USAGE(.BOTH.,#8846);
#8846 = SURFACE_SIDE_STYLE('',(#8847));
#8847 = SURFACE_STYLE_FILL_AREA(#8848);
#8848 = FILL_AREA_STYLE('',(#8849));
#8849 = FILL_AREA_STYLE_COLOUR('',#8462);
#8850 = CURVE_STYLE('',#8851,POSITIVE_LENGTH_MEASURE(0.1),#8462);
#8851 = DRAUGHTING_PRE_DEFINED_CURVE_FONT('continuous');
#8852 = STYLED_ITEM('color',(#8853),#4505);
#8853 = PRESENTATION_STYLE_ASSIGNMENT((#8854,#8859));
#8854 = SURFACE_STYLE_USAGE(.BOTH.,#8855);
#8855 = SURFACE_SIDE_STYLE('',(#8856));
#8856 = SURFACE_STYLE_FILL_AREA(#8857);
#8857 = FILL_AREA_STYLE('',(#8858));
#8858 = FILL_AREA_STYLE_COLOUR('',#8462);
#8859 = CURVE_STYLE('',#8860,POSITIVE_LENGTH_MEASURE(0.1),#8462);
#8860 = DRAUGHTING_PRE_DEFINED_CURVE_FONT('continuous');
#8861 = STYLED_ITEM('color',(#8862),#4522);
#8862 = PRESENTATION_STYLE_ASSIGNMENT((#8863,#8868));
#8863 = SURFACE_STYLE_USAGE(.BOTH.,#8864);
#8864 = SURFACE_SIDE_STYLE('',(#8865));
#8865 = SURFACE_STYLE_FILL_AREA(#8866);
#8866 = FILL_AREA_STYLE('',(#8867));
#8867 = FILL_AREA_STYLE_COLOUR('',#8462);
#8868 = CURVE_STYLE('',#8869,POSITIVE_LENGTH_MEASURE(0.1),#8462);
#8869 = DRAUGHTING_PRE_DEFINED_CURVE_FONT('continuous');
#8870 = STYLED_ITEM('color',(#8871),#4539);
#8871 = PRESENTATION_STYLE_ASSIGNMENT((#8872,#8877));
#8872 = SURFACE_STYLE_USAGE(.BOTH.,#8873);
#8873 = SURFACE_SIDE_STYLE('',(#8874));
#8874 = SURFACE_STYLE_FILL_AREA(#8875);
#8875 = FILL_AREA_STYLE('',(#8876));
#8876 = FILL_AREA_STYLE_COLOUR('',#8462);
#8877 = CURVE_STYLE('',#8878,POSITIVE_LENGTH_MEASURE(0.1),#8462);
#8878 = DRAUGHTING_PRE_DEFINED_CURVE_FONT('continuous');
#8879 = STYLED_ITEM('color',(#8880),#4556);
#8880 = PRESENTATION_STYLE_ASSIGNMENT((#8881,#8886));
#8881 = SURFACE_STYLE_USAGE(.BOTH.,#8882);
#8882 = SURFACE_SIDE_STYLE('',(#8883));
#8883 = SURFACE_STYLE_FILL_AREA(#8884);
#8884 = FILL_AREA_STYLE('',(#8885));
#8885 = FILL_AREA_STYLE_COLOUR('',#8462);
#8886 = CURVE_STYLE('',#8887,POSITIVE_LENGTH_MEASURE(0.1),#8462);
#8887 = DRAUGHTING_PRE_DEFINED_CURVE_FONT('continuous');
#8888 = STYLED_ITEM('color',(#8889),#4568);
#8889 = PRESENTATION_STYLE_ASSIGNMENT((#8890,#8895));
#8890 = SURFACE_STYLE_USAGE(.BOTH.,#8891);
#8891 = SURFACE_SIDE_STYLE('',(#8892));
#8892 = SURFACE_STYLE_FILL_AREA(#8893);
#8893 = FILL_AREA_STYLE('',(#8894));
#8894 = FILL_AREA_STYLE_COLOUR('',#8462);
#8895 = CURVE_STYLE('',#8896,POSITIVE_LENGTH_MEASURE(0.1),#8462);
#8896 = DRAUGHTING_PRE_DEFINED_CURVE_FONT('continuous');
#8897 = STYLED_ITEM('color',(#8898),#4585);
#8898 = PRESENTATION_STYLE_ASSIGNMENT((#8899,#8904));
#8899 = SURFACE_STYLE_USAGE(.BOTH.,#8900);
#8900 = SURFACE_SIDE_STYLE('',(#8901));
#8901 = SURFACE_STYLE_FILL_AREA(#8902);
#8902 = FILL_AREA_STYLE('',(#8903));
#8903 = FILL_AREA_STYLE_COLOUR('',#8462);
#8904 = CURVE_STYLE('',#8905,POSITIVE_LENGTH_MEASURE(0.1),#8462);
#8905 = DRAUGHTING_PRE_DEFINED_CURVE_FONT('continuous');
#8906 = STYLED_ITEM('color',(#8907),#4602);
#8907 = PRESENTATION_STYLE_ASSIGNMENT((#8908,#8913));
#8908 = SURFACE_STYLE_USAGE(.BOTH.,#8909);
#8909 = SURFACE_SIDE_STYLE('',(#8910));
#8910 = SURFACE_STYLE_FILL_AREA(#8911);
#8911 = FILL_AREA_STYLE('',(#8912));
#8912 = FILL_AREA_STYLE_COLOUR('',#8462);
#8913 = CURVE_STYLE('',#8914,POSITIVE_LENGTH_MEASURE(0.1),#8462);
#8914 = DRAUGHTING_PRE_DEFINED_CURVE_FONT('continuous');
#8915 = STYLED_ITEM('color',(#8916),#4619);
#8916 = PRESENTATION_STYLE_ASSIGNMENT((#8917,#8922));
#8917 = SURFACE_STYLE_USAGE(.BOTH.,#8918);
#8918 = SURFACE_SIDE_STYLE('',(#8919));
#8919 = SURFACE_STYLE_FILL_AREA(#8920);
#8920 = FILL_AREA_STYLE('',(#8921));
#8921 = FILL_AREA_STYLE_COLOUR('',#8462);
#8922 = CURVE_STYLE('',#8923,POSITIVE_LENGTH_MEASURE(0.1),#8462);
#8923 = DRAUGHTING_PRE_DEFINED_CURVE_FONT('continuous');
#8924 = STYLED_ITEM('color',(#8925),#4636);
#8925 = PRESENTATION_STYLE_ASSIGNMENT((#8926,#8931));
#8926 = SURFACE_STYLE_USAGE(.BOTH.,#8927);
#8927 = SURFACE_SIDE_STYLE('',(#8928));
#8928 = SURFACE_STYLE_FILL_AREA(#8929);
#8929 = FILL_AREA_STYLE('',(#8930));
#8930 = FILL_AREA_STYLE_COLOUR('',#8462);
#8931 = CURVE_STYLE('',#8932,POSITIVE_LENGTH_MEASURE(0.1),#8462);
#8932 = DRAUGHTING_PRE_DEFINED_CURVE_FONT('continuous');
#8933 = STYLED_ITEM('color',(#8934),#4653);
#8934 = PRESENTATION_STYLE_ASSIGNMENT((#8935,#8940));
#8935 = SURFACE_STYLE_USAGE(.BOTH.,#8936);
#8936 = SURFACE_SIDE_STYLE('',(#8937));
#8937 = SURFACE_STYLE_FILL_AREA(#8938);
#8938 = FILL_AREA_STYLE('',(#8939));
#8939 = FILL_AREA_STYLE_COLOUR('',#8462);
#8940 = CURVE_STYLE('',#8941,POSITIVE_LENGTH_MEASURE(0.1),#8462);
#8941 = DRAUGHTING_PRE_DEFINED_CURVE_FONT('continuous');
#8942 = STYLED_ITEM('color',(#8943),#4665);
#8943 = PRESENTATION_STYLE_ASSIGNMENT((#8944,#8950));
#8944 = SURFACE_STYLE_USAGE(.BOTH.,#8945);
#8945 = SURFACE_SIDE_STYLE('',(#8946));
#8946 = SURFACE_STYLE_FILL_AREA(#8947);
#8947 = FILL_AREA_STYLE('',(#8948));
#8948 = FILL_AREA_STYLE_COLOUR('',#8949);
#8949 = COLOUR_RGB('',0.690999998585,0.664000007176,0.597999987832);
#8950 = CURVE_STYLE('',#8951,POSITIVE_LENGTH_MEASURE(0.1),#8949);
#8951 = DRAUGHTING_PRE_DEFINED_CURVE_FONT('continuous');
#8952 = MECHANICAL_DESIGN_GEOMETRIC_PRESENTATION_REPRESENTATION('',(
    #8953,#8960,#8967,#8974,#8981,#8988,#8995,#9002,#9010,#9017,#9024,
    #9031,#9038,#9045,#9053,#9060,#9067,#9074,#9081,#9088,#9095,#9102,
    #9109,#9116,#9123,#9130),#2633);
#8953 = STYLED_ITEM('color',(#8954),#1845);
#8954 = PRESENTATION_STYLE_ASSIGNMENT((#8955));
#8955 = SURFACE_STYLE_USAGE(.BOTH.,#8956);
#8956 = SURFACE_SIDE_STYLE('',(#8957));
#8957 = SURFACE_STYLE_FILL_AREA(#8958);
#8958 = FILL_AREA_STYLE('',(#8959));
#8959 = FILL_AREA_STYLE_COLOUR('',#8462);
#8960 = STYLED_ITEM('color',(#8961),#1885);
#8961 = PRESENTATION_STYLE_ASSIGNMENT((#8962));
#8962 = SURFACE_STYLE_USAGE(.BOTH.,#8963);
#8963 = SURFACE_SIDE_STYLE('',(#8964));
#8964 = SURFACE_STYLE_FILL_AREA(#8965);
#8965 = FILL_AREA_STYLE('',(#8966));
#8966 = FILL_AREA_STYLE_COLOUR('',#8462);
#8967 = STYLED_ITEM('color',(#8968),#1968);
#8968 = PRESENTATION_STYLE_ASSIGNMENT((#8969));
#8969 = SURFACE_STYLE_USAGE(.BOTH.,#8970);
#8970 = SURFACE_SIDE_STYLE('',(#8971));
#8971 = SURFACE_STYLE_FILL_AREA(#8972);
#8972 = FILL_AREA_STYLE('',(#8973));
#8973 = FILL_AREA_STYLE_COLOUR('',#8462);
#8974 = STYLED_ITEM('color',(#8975),#1993);
#8975 = PRESENTATION_STYLE_ASSIGNMENT((#8976));
#8976 = SURFACE_STYLE_USAGE(.BOTH.,#8977);
#8977 = SURFACE_SIDE_STYLE('',(#8978));
#8978 = SURFACE_STYLE_FILL_AREA(#8979);
#8979 = FILL_AREA_STYLE('',(#8980));
#8980 = FILL_AREA_STYLE_COLOUR('',#8462);
#8981 = STYLED_ITEM('color',(#8982),#2018);
#8982 = PRESENTATION_STYLE_ASSIGNMENT((#8983));
#8983 = SURFACE_STYLE_USAGE(.BOTH.,#8984);
#8984 = SURFACE_SIDE_STYLE('',(#8985));
#8985 = SURFACE_STYLE_FILL_AREA(#8986);
#8986 = FILL_AREA_STYLE('',(#8987));
#8987 = FILL_AREA_STYLE_COLOUR('',#8462);
#8988 = STYLED_ITEM('color',(#8989),#2085);
#8989 = PRESENTATION_STYLE_ASSIGNMENT((#8990));
#8990 = SURFACE_STYLE_USAGE(.BOTH.,#8991);
#8991 = SURFACE_SIDE_STYLE('',(#8992));
#8992 = SURFACE_STYLE_FILL_AREA(#8993);
#8993 = FILL_AREA_STYLE('',(#8994));
#8994 = FILL_AREA_STYLE_COLOUR('',#8462);
#8995 = STYLED_ITEM('color',(#8996),#2102);
#8996 = PRESENTATION_STYLE_ASSIGNMENT((#8997));
#8997 = SURFACE_STYLE_USAGE(.BOTH.,#8998);
#8998 = SURFACE_SIDE_STYLE('',(#8999));
#8999 = SURFACE_STYLE_FILL_AREA(#9000);
#9000 = FILL_AREA_STYLE('',(#9001));
#9001 = FILL_AREA_STYLE_COLOUR('',#8462);
#9002 = STYLED_ITEM('color',(#9003),#2119);
#9003 = PRESENTATION_STYLE_ASSIGNMENT((#9004));
#9004 = SURFACE_STYLE_USAGE(.BOTH.,#9005);
#9005 = SURFACE_SIDE_STYLE('',(#9006));
#9006 = SURFACE_STYLE_FILL_AREA(#9007);
#9007 = FILL_AREA_STYLE('',(#9008));
#9008 = FILL_AREA_STYLE_COLOUR('',#9009);
#9009 = COLOUR_RGB('',0.894999966383,0.890999961016,0.813000030345);
#9010 = STYLED_ITEM('color',(#9011),#2168);
#9011 = PRESENTATION_STYLE_ASSIGNMENT((#9012));
#9012 = SURFACE_STYLE_USAGE(.BOTH.,#9013);
#9013 = SURFACE_SIDE_STYLE('',(#9014));
#9014 = SURFACE_STYLE_FILL_AREA(#9015);
#9015 = FILL_AREA_STYLE('',(#9016));
#9016 = FILL_AREA_STYLE_COLOUR('',#8462);
#9017 = STYLED_ITEM('color',(#9018),#2185);
#9018 = PRESENTATION_STYLE_ASSIGNMENT((#9019));
#9019 = SURFACE_STYLE_USAGE(.BOTH.,#9020);
#9020 = SURFACE_SIDE_STYLE('',(#9021));
#9021 = SURFACE_STYLE_FILL_AREA(#9022);
#9022 = FILL_AREA_STYLE('',(#9023));
#9023 = FILL_AREA_STYLE_COLOUR('',#8462);
#9024 = STYLED_ITEM('color',(#9025),#2202);
#9025 = PRESENTATION_STYLE_ASSIGNMENT((#9026));
#9026 = SURFACE_STYLE_USAGE(.BOTH.,#9027);
#9027 = SURFACE_SIDE_STYLE('',(#9028));
#9028 = SURFACE_STYLE_FILL_AREA(#9029);
#9029 = FILL_AREA_STYLE('',(#9030));
#9030 = FILL_AREA_STYLE_COLOUR('',#9009);
#9031 = STYLED_ITEM('color',(#9032),#2251);
#9032 = PRESENTATION_STYLE_ASSIGNMENT((#9033));
#9033 = SURFACE_STYLE_USAGE(.BOTH.,#9034);
#9034 = SURFACE_SIDE_STYLE('',(#9035));
#9035 = SURFACE_STYLE_FILL_AREA(#9036);
#9036 = FILL_AREA_STYLE('',(#9037));
#9037 = FILL_AREA_STYLE_COLOUR('',#9009);
#9038 = STYLED_ITEM('color',(#9039),#2268);
#9039 = PRESENTATION_STYLE_ASSIGNMENT((#9040));
#9040 = SURFACE_STYLE_USAGE(.BOTH.,#9041);
#9041 = SURFACE_SIDE_STYLE('',(#9042));
#9042 = SURFACE_STYLE_FILL_AREA(#9043);
#9043 = FILL_AREA_STYLE('',(#9044));
#9044 = FILL_AREA_STYLE_COLOUR('',#8462);
#9045 = STYLED_ITEM('color',(#9046),#2337);
#9046 = PRESENTATION_STYLE_ASSIGNMENT((#9047));
#9047 = SURFACE_STYLE_USAGE(.BOTH.,#9048);
#9048 = SURFACE_SIDE_STYLE('',(#9049));
#9049 = SURFACE_STYLE_FILL_AREA(#9050);
#9050 = FILL_AREA_STYLE('',(#9051));
#9051 = FILL_AREA_STYLE_COLOUR('',#9052);
#9052 = COLOUR_RGB('',8.200000279077E-02,8.600000121357E-02,
  9.399999706163E-02);
#9053 = STYLED_ITEM('color',(#9054),#2368);
#9054 = PRESENTATION_STYLE_ASSIGNMENT((#9055));
#9055 = SURFACE_STYLE_USAGE(.BOTH.,#9056);
#9056 = SURFACE_SIDE_STYLE('',(#9057));
#9057 = SURFACE_STYLE_FILL_AREA(#9058);
#9058 = FILL_AREA_STYLE('',(#9059));
#9059 = FILL_AREA_STYLE_COLOUR('',#9052);
#9060 = STYLED_ITEM('color',(#9061),#2392);
#9061 = PRESENTATION_STYLE_ASSIGNMENT((#9062));
#9062 = SURFACE_STYLE_USAGE(.BOTH.,#9063);
#9063 = SURFACE_SIDE_STYLE('',(#9064));
#9064 = SURFACE_STYLE_FILL_AREA(#9065);
#9065 = FILL_AREA_STYLE('',(#9066));
#9066 = FILL_AREA_STYLE_COLOUR('',#8462);
#9067 = STYLED_ITEM('color',(#9068),#2461);
#9068 = PRESENTATION_STYLE_ASSIGNMENT((#9069));
#9069 = SURFACE_STYLE_USAGE(.BOTH.,#9070);
#9070 = SURFACE_SIDE_STYLE('',(#9071));
#9071 = SURFACE_STYLE_FILL_AREA(#9072);
#9072 = FILL_AREA_STYLE('',(#9073));
#9073 = FILL_AREA_STYLE_COLOUR('',#9052);
#9074 = STYLED_ITEM('color',(#9075),#2485);
#9075 = PRESENTATION_STYLE_ASSIGNMENT((#9076));
#9076 = SURFACE_STYLE_USAGE(.BOTH.,#9077);
#9077 = SURFACE_SIDE_STYLE('',(#9078));
#9078 = SURFACE_STYLE_FILL_AREA(#9079);
#9079 = FILL_AREA_STYLE('',(#9080));
#9080 = FILL_AREA_STYLE_COLOUR('',#8462);
#9081 = STYLED_ITEM('color',(#9082),#2502);
#9082 = PRESENTATION_STYLE_ASSIGNMENT((#9083));
#9083 = SURFACE_STYLE_USAGE(.BOTH.,#9084);
#9084 = SURFACE_SIDE_STYLE('',(#9085));
#9085 = SURFACE_STYLE_FILL_AREA(#9086);
#9086 = FILL_AREA_STYLE('',(#9087));
#9087 = FILL_AREA_STYLE_COLOUR('',#8462);
#9088 = STYLED_ITEM('color',(#9089),#2519);
#9089 = PRESENTATION_STYLE_ASSIGNMENT((#9090));
#9090 = SURFACE_STYLE_USAGE(.BOTH.,#9091);
#9091 = SURFACE_SIDE_STYLE('',(#9092));
#9092 = SURFACE_STYLE_FILL_AREA(#9093);
#9093 = FILL_AREA_STYLE('',(#9094));
#9094 = FILL_AREA_STYLE_COLOUR('',#8462);
#9095 = STYLED_ITEM('color',(#9096),#2536);
#9096 = PRESENTATION_STYLE_ASSIGNMENT((#9097));
#9097 = SURFACE_STYLE_USAGE(.BOTH.,#9098);
#9098 = SURFACE_SIDE_STYLE('',(#9099));
#9099 = SURFACE_STYLE_FILL_AREA(#9100);
#9100 = FILL_AREA_STYLE('',(#9101));
#9101 = FILL_AREA_STYLE_COLOUR('',#8462);
#9102 = STYLED_ITEM('color',(#9103),#2553);
#9103 = PRESENTATION_STYLE_ASSIGNMENT((#9104));
#9104 = SURFACE_STYLE_USAGE(.BOTH.,#9105);
#9105 = SURFACE_SIDE_STYLE('',(#9106));
#9106 = SURFACE_STYLE_FILL_AREA(#9107);
#9107 = FILL_AREA_STYLE('',(#9108));
#9108 = FILL_AREA_STYLE_COLOUR('',#8462);
#9109 = STYLED_ITEM('color',(#9110),#2570);
#9110 = PRESENTATION_STYLE_ASSIGNMENT((#9111));
#9111 = SURFACE_STYLE_USAGE(.BOTH.,#9112);
#9112 = SURFACE_SIDE_STYLE('',(#9113));
#9113 = SURFACE_STYLE_FILL_AREA(#9114);
#9114 = FILL_AREA_STYLE('',(#9115));
#9115 = FILL_AREA_STYLE_COLOUR('',#8462);
#9116 = STYLED_ITEM('color',(#9117),#2587);
#9117 = PRESENTATION_STYLE_ASSIGNMENT((#9118));
#9118 = SURFACE_STYLE_USAGE(.BOTH.,#9119);
#9119 = SURFACE_SIDE_STYLE('',(#9120));
#9120 = SURFACE_STYLE_FILL_AREA(#9121);
#9121 = FILL_AREA_STYLE('',(#9122));
#9122 = FILL_AREA_STYLE_COLOUR('',#8462);
#9123 = STYLED_ITEM('color',(#9124),#2604);
#9124 = PRESENTATION_STYLE_ASSIGNMENT((#9125));
#9125 = SURFACE_STYLE_USAGE(.BOTH.,#9126);
#9126 = SURFACE_SIDE_STYLE('',(#9127));
#9127 = SURFACE_STYLE_FILL_AREA(#9128);
#9128 = FILL_AREA_STYLE('',(#9129));
#9129 = FILL_AREA_STYLE_COLOUR('',#9052);
#9130 = STYLED_ITEM('color',(#9131),#2621);
#9131 = PRESENTATION_STYLE_ASSIGNMENT((#9132));
#9132 = SURFACE_STYLE_USAGE(.BOTH.,#9133);
#9133 = SURFACE_SIDE_STYLE('',(#9134));
#9134 = SURFACE_STYLE_FILL_AREA(#9135);
#9135 = FILL_AREA_STYLE('',(#9136));
#9136 = FILL_AREA_STYLE_COLOUR('',#9052);
#9137 = MECHANICAL_DESIGN_GEOMETRIC_PRESENTATION_REPRESENTATION('',(
    #9138,#9145,#9152,#9159,#9166,#9173,#9180,#9187,#9194,#9201,#9208,
    #9216,#9223,#9230,#9237,#9244,#9251,#9258,#9265,#9272,#9279,#9286,
    #9293,#9300,#9307,#9314,#9321,#9328),#951);
#9138 = STYLED_ITEM('color',(#9139),#99);
#9139 = PRESENTATION_STYLE_ASSIGNMENT((#9140));
#9140 = SURFACE_STYLE_USAGE(.BOTH.,#9141);
#9141 = SURFACE_SIDE_STYLE('',(#9142));
#9142 = SURFACE_STYLE_FILL_AREA(#9143);
#9143 = FILL_AREA_STYLE('',(#9144));
#9144 = FILL_AREA_STYLE_COLOUR('',#8462);
#9145 = STYLED_ITEM('color',(#9146),#175);
#9146 = PRESENTATION_STYLE_ASSIGNMENT((#9147));
#9147 = SURFACE_STYLE_USAGE(.BOTH.,#9148);
#9148 = SURFACE_SIDE_STYLE('',(#9149));
#9149 = SURFACE_STYLE_FILL_AREA(#9150);
#9150 = FILL_AREA_STYLE('',(#9151));
#9151 = FILL_AREA_STYLE_COLOUR('',#8462);
#9152 = STYLED_ITEM('color',(#9153),#206);
#9153 = PRESENTATION_STYLE_ASSIGNMENT((#9154));
#9154 = SURFACE_STYLE_USAGE(.BOTH.,#9155);
#9155 = SURFACE_SIDE_STYLE('',(#9156));
#9156 = SURFACE_STYLE_FILL_AREA(#9157);
#9157 = FILL_AREA_STYLE('',(#9158));
#9158 = FILL_AREA_STYLE_COLOUR('',#8462);
#9159 = STYLED_ITEM('color',(#9160),#231);
#9160 = PRESENTATION_STYLE_ASSIGNMENT((#9161));
#9161 = SURFACE_STYLE_USAGE(.BOTH.,#9162);
#9162 = SURFACE_SIDE_STYLE('',(#9163));
#9163 = SURFACE_STYLE_FILL_AREA(#9164);
#9164 = FILL_AREA_STYLE('',(#9165));
#9165 = FILL_AREA_STYLE_COLOUR('',#8462);
#9166 = STYLED_ITEM('color',(#9167),#256);
#9167 = PRESENTATION_STYLE_ASSIGNMENT((#9168));
#9168 = SURFACE_STYLE_USAGE(.BOTH.,#9169);
#9169 = SURFACE_SIDE_STYLE('',(#9170));
#9170 = SURFACE_STYLE_FILL_AREA(#9171);
#9171 = FILL_AREA_STYLE('',(#9172));
#9172 = FILL_AREA_STYLE_COLOUR('',#8462);
#9173 = STYLED_ITEM('color',(#9174),#280);
#9174 = PRESENTATION_STYLE_ASSIGNMENT((#9175));
#9175 = SURFACE_STYLE_USAGE(.BOTH.,#9176);
#9176 = SURFACE_SIDE_STYLE('',(#9177));
#9177 = SURFACE_STYLE_FILL_AREA(#9178);
#9178 = FILL_AREA_STYLE('',(#9179));
#9179 = FILL_AREA_STYLE_COLOUR('',#8462);
#9180 = STYLED_ITEM('color',(#9181),#304);
#9181 = PRESENTATION_STYLE_ASSIGNMENT((#9182));
#9182 = SURFACE_STYLE_USAGE(.BOTH.,#9183);
#9183 = SURFACE_SIDE_STYLE('',(#9184));
#9184 = SURFACE_STYLE_FILL_AREA(#9185);
#9185 = FILL_AREA_STYLE('',(#9186));
#9186 = FILL_AREA_STYLE_COLOUR('',#8462);
#9187 = STYLED_ITEM('color',(#9188),#329);
#9188 = PRESENTATION_STYLE_ASSIGNMENT((#9189));
#9189 = SURFACE_STYLE_USAGE(.BOTH.,#9190);
#9190 = SURFACE_SIDE_STYLE('',(#9191));
#9191 = SURFACE_STYLE_FILL_AREA(#9192);
#9192 = FILL_AREA_STYLE('',(#9193));
#9193 = FILL_AREA_STYLE_COLOUR('',#8462);
#9194 = STYLED_ITEM('color',(#9195),#354);
#9195 = PRESENTATION_STYLE_ASSIGNMENT((#9196));
#9196 = SURFACE_STYLE_USAGE(.BOTH.,#9197);
#9197 = SURFACE_SIDE_STYLE('',(#9198));
#9198 = SURFACE_STYLE_FILL_AREA(#9199);
#9199 = FILL_AREA_STYLE('',(#9200));
#9200 = FILL_AREA_STYLE_COLOUR('',#8462);
#9201 = STYLED_ITEM('color',(#9202),#371);
#9202 = PRESENTATION_STYLE_ASSIGNMENT((#9203));
#9203 = SURFACE_STYLE_USAGE(.BOTH.,#9204);
#9204 = SURFACE_SIDE_STYLE('',(#9205));
#9205 = SURFACE_STYLE_FILL_AREA(#9206);
#9206 = FILL_AREA_STYLE('',(#9207));
#9207 = FILL_AREA_STYLE_COLOUR('',#8462);
#9208 = STYLED_ITEM('color',(#9209),#457);
#9209 = PRESENTATION_STYLE_ASSIGNMENT((#9210));
#9210 = SURFACE_STYLE_USAGE(.BOTH.,#9211);
#9211 = SURFACE_SIDE_STYLE('',(#9212));
#9212 = SURFACE_STYLE_FILL_AREA(#9213);
#9213 = FILL_AREA_STYLE('',(#9214));
#9214 = FILL_AREA_STYLE_COLOUR('',#9215);
#9215 = COLOUR_RGB('',0.379000005575,0.270000008848,0.214999999939);
#9216 = STYLED_ITEM('color',(#9217),#489);
#9217 = PRESENTATION_STYLE_ASSIGNMENT((#9218));
#9218 = SURFACE_STYLE_USAGE(.BOTH.,#9219);
#9219 = SURFACE_SIDE_STYLE('',(#9220));
#9220 = SURFACE_STYLE_FILL_AREA(#9221);
#9221 = FILL_AREA_STYLE('',(#9222));
#9222 = FILL_AREA_STYLE_COLOUR('',#9215);
#9223 = STYLED_ITEM('color',(#9224),#513);
#9224 = PRESENTATION_STYLE_ASSIGNMENT((#9225));
#9225 = SURFACE_STYLE_USAGE(.BOTH.,#9226);
#9226 = SURFACE_SIDE_STYLE('',(#9227));
#9227 = SURFACE_STYLE_FILL_AREA(#9228);
#9228 = FILL_AREA_STYLE('',(#9229));
#9229 = FILL_AREA_STYLE_COLOUR('',#9215);
#9230 = STYLED_ITEM('color',(#9231),#538);
#9231 = PRESENTATION_STYLE_ASSIGNMENT((#9232));
#9232 = SURFACE_STYLE_USAGE(.BOTH.,#9233);
#9233 = SURFACE_SIDE_STYLE('',(#9234));
#9234 = SURFACE_STYLE_FILL_AREA(#9235);
#9235 = FILL_AREA_STYLE('',(#9236));
#9236 = FILL_AREA_STYLE_COLOUR('',#9215);
#9237 = STYLED_ITEM('color',(#9238),#562);
#9238 = PRESENTATION_STYLE_ASSIGNMENT((#9239));
#9239 = SURFACE_STYLE_USAGE(.BOTH.,#9240);
#9240 = SURFACE_SIDE_STYLE('',(#9241));
#9241 = SURFACE_STYLE_FILL_AREA(#9242);
#9242 = FILL_AREA_STYLE('',(#9243));
#9243 = FILL_AREA_STYLE_COLOUR('',#9215);
#9244 = STYLED_ITEM('color',(#9245),#587);
#9245 = PRESENTATION_STYLE_ASSIGNMENT((#9246));
#9246 = SURFACE_STYLE_USAGE(.BOTH.,#9247);
#9247 = SURFACE_SIDE_STYLE('',(#9248));
#9248 = SURFACE_STYLE_FILL_AREA(#9249);
#9249 = FILL_AREA_STYLE('',(#9250));
#9250 = FILL_AREA_STYLE_COLOUR('',#9215);
#9251 = STYLED_ITEM('color',(#9252),#611);
#9252 = PRESENTATION_STYLE_ASSIGNMENT((#9253));
#9253 = SURFACE_STYLE_USAGE(.BOTH.,#9254);
#9254 = SURFACE_SIDE_STYLE('',(#9255));
#9255 = SURFACE_STYLE_FILL_AREA(#9256);
#9256 = FILL_AREA_STYLE('',(#9257));
#9257 = FILL_AREA_STYLE_COLOUR('',#9215);
#9258 = STYLED_ITEM('color',(#9259),#636);
#9259 = PRESENTATION_STYLE_ASSIGNMENT((#9260));
#9260 = SURFACE_STYLE_USAGE(.BOTH.,#9261);
#9261 = SURFACE_SIDE_STYLE('',(#9262));
#9262 = SURFACE_STYLE_FILL_AREA(#9263);
#9263 = FILL_AREA_STYLE('',(#9264));
#9264 = FILL_AREA_STYLE_COLOUR('',#9215);
#9265 = STYLED_ITEM('color',(#9266),#653);
#9266 = PRESENTATION_STYLE_ASSIGNMENT((#9267));
#9267 = SURFACE_STYLE_USAGE(.BOTH.,#9268);
#9268 = SURFACE_SIDE_STYLE('',(#9269));
#9269 = SURFACE_STYLE_FILL_AREA(#9270);
#9270 = FILL_AREA_STYLE('',(#9271));
#9271 = FILL_AREA_STYLE_COLOUR('',#8462);
#9272 = STYLED_ITEM('color',(#9273),#739);
#9273 = PRESENTATION_STYLE_ASSIGNMENT((#9274));
#9274 = SURFACE_STYLE_USAGE(.BOTH.,#9275);
#9275 = SURFACE_SIDE_STYLE('',(#9276));
#9276 = SURFACE_STYLE_FILL_AREA(#9277);
#9277 = FILL_AREA_STYLE('',(#9278));
#9278 = FILL_AREA_STYLE_COLOUR('',#8462);
#9279 = STYLED_ITEM('color',(#9280),#770);
#9280 = PRESENTATION_STYLE_ASSIGNMENT((#9281));
#9281 = SURFACE_STYLE_USAGE(.BOTH.,#9282);
#9282 = SURFACE_SIDE_STYLE('',(#9283));
#9283 = SURFACE_STYLE_FILL_AREA(#9284);
#9284 = FILL_AREA_STYLE('',(#9285));
#9285 = FILL_AREA_STYLE_COLOUR('',#8462);
#9286 = STYLED_ITEM('color',(#9287),#795);
#9287 = PRESENTATION_STYLE_ASSIGNMENT((#9288));
#9288 = SURFACE_STYLE_USAGE(.BOTH.,#9289);
#9289 = SURFACE_SIDE_STYLE('',(#9290));
#9290 = SURFACE_STYLE_FILL_AREA(#9291);
#9291 = FILL_AREA_STYLE('',(#9292));
#9292 = FILL_AREA_STYLE_COLOUR('',#8462);
#9293 = STYLED_ITEM('color',(#9294),#820);
#9294 = PRESENTATION_STYLE_ASSIGNMENT((#9295));
#9295 = SURFACE_STYLE_USAGE(.BOTH.,#9296);
#9296 = SURFACE_SIDE_STYLE('',(#9297));
#9297 = SURFACE_STYLE_FILL_AREA(#9298);
#9298 = FILL_AREA_STYLE('',(#9299));
#9299 = FILL_AREA_STYLE_COLOUR('',#8462);
#9300 = STYLED_ITEM('color',(#9301),#844);
#9301 = PRESENTATION_STYLE_ASSIGNMENT((#9302));
#9302 = SURFACE_STYLE_USAGE(.BOTH.,#9303);
#9303 = SURFACE_SIDE_STYLE('',(#9304));
#9304 = SURFACE_STYLE_FILL_AREA(#9305);
#9305 = FILL_AREA_STYLE('',(#9306));
#9306 = FILL_AREA_STYLE_COLOUR('',#8462);
#9307 = STYLED_ITEM('color',(#9308),#868);
#9308 = PRESENTATION_STYLE_ASSIGNMENT((#9309));
#9309 = SURFACE_STYLE_USAGE(.BOTH.,#9310);
#9310 = SURFACE_SIDE_STYLE('',(#9311));
#9311 = SURFACE_STYLE_FILL_AREA(#9312);
#9312 = FILL_AREA_STYLE('',(#9313));
#9313 = FILL_AREA_STYLE_COLOUR('',#8462);
#9314 = STYLED_ITEM('color',(#9315),#893);
#9315 = PRESENTATION_STYLE_ASSIGNMENT((#9316));
#9316 = SURFACE_STYLE_USAGE(.BOTH.,#9317);
#9317 = SURFACE_SIDE_STYLE('',(#9318));
#9318 = SURFACE_STYLE_FILL_AREA(#9319);
#9319 = FILL_AREA_STYLE('',(#9320));
#9320 = FILL_AREA_STYLE_COLOUR('',#8462);
#9321 = STYLED_ITEM('color',(#9322),#918);
#9322 = PRESENTATION_STYLE_ASSIGNMENT((#9323));
#9323 = SURFACE_STYLE_USAGE(.BOTH.,#9324);
#9324 = SURFACE_SIDE_STYLE('',(#9325));
#9325 = SURFACE_STYLE_FILL_AREA(#9326);
#9326 = FILL_AREA_STYLE('',(#9327));
#9327 = FILL_AREA_STYLE_COLOUR('',#8462);
#9328 = STYLED_ITEM('color',(#9329),#935);
#9329 = PRESENTATION_STYLE_ASSIGNMENT((#9330));
#9330 = SURFACE_STYLE_USAGE(.BOTH.,#9331);
#9331 = SURFACE_SIDE_STYLE('',(#9332));
#9332 = SURFACE_STYLE_FILL_AREA(#9333);
#9333 = FILL_AREA_STYLE('',(#9334));
#9334 = FILL_AREA_STYLE_COLOUR('',#8462);
#9335 = MECHANICAL_DESIGN_GEOMETRIC_PRESENTATION_REPRESENTATION('',(
    #9336,#9343,#9350,#9357,#9364,#9371,#9378,#9385,#9392,#9399,#9406,
    #9413,#9420,#9427,#9434,#9441,#9448,#9455,#9462,#9469,#9476,#9483,
    #9490,#9497,#9504,#9511,#9518,#9525),#1824);
#9336 = STYLED_ITEM('color',(#9337),#972);
#9337 = PRESENTATION_STYLE_ASSIGNMENT((#9338));
#9338 = SURFACE_STYLE_USAGE(.BOTH.,#9339);
#9339 = SURFACE_SIDE_STYLE('',(#9340));
#9340 = SURFACE_STYLE_FILL_AREA(#9341);
#9341 = FILL_AREA_STYLE('',(#9342));
#9342 = FILL_AREA_STYLE_COLOUR('',#8462);
#9343 = STYLED_ITEM('color',(#9344),#1048);
#9344 = PRESENTATION_STYLE_ASSIGNMENT((#9345));
#9345 = SURFACE_STYLE_USAGE(.BOTH.,#9346);
#9346 = SURFACE_SIDE_STYLE('',(#9347));
#9347 = SURFACE_STYLE_FILL_AREA(#9348);
#9348 = FILL_AREA_STYLE('',(#9349));
#9349 = FILL_AREA_STYLE_COLOUR('',#8462);
#9350 = STYLED_ITEM('color',(#9351),#1079);
#9351 = PRESENTATION_STYLE_ASSIGNMENT((#9352));
#9352 = SURFACE_STYLE_USAGE(.BOTH.,#9353);
#9353 = SURFACE_SIDE_STYLE('',(#9354));
#9354 = SURFACE_STYLE_FILL_AREA(#9355);
#9355 = FILL_AREA_STYLE('',(#9356));
#9356 = FILL_AREA_STYLE_COLOUR('',#8462);
#9357 = STYLED_ITEM('color',(#9358),#1104);
#9358 = PRESENTATION_STYLE_ASSIGNMENT((#9359));
#9359 = SURFACE_STYLE_USAGE(.BOTH.,#9360);
#9360 = SURFACE_SIDE_STYLE('',(#9361));
#9361 = SURFACE_STYLE_FILL_AREA(#9362);
#9362 = FILL_AREA_STYLE('',(#9363));
#9363 = FILL_AREA_STYLE_COLOUR('',#8462);
#9364 = STYLED_ITEM('color',(#9365),#1129);
#9365 = PRESENTATION_STYLE_ASSIGNMENT((#9366));
#9366 = SURFACE_STYLE_USAGE(.BOTH.,#9367);
#9367 = SURFACE_SIDE_STYLE('',(#9368));
#9368 = SURFACE_STYLE_FILL_AREA(#9369);
#9369 = FILL_AREA_STYLE('',(#9370));
#9370 = FILL_AREA_STYLE_COLOUR('',#8462);
#9371 = STYLED_ITEM('color',(#9372),#1153);
#9372 = PRESENTATION_STYLE_ASSIGNMENT((#9373));
#9373 = SURFACE_STYLE_USAGE(.BOTH.,#9374);
#9374 = SURFACE_SIDE_STYLE('',(#9375));
#9375 = SURFACE_STYLE_FILL_AREA(#9376);
#9376 = FILL_AREA_STYLE('',(#9377));
#9377 = FILL_AREA_STYLE_COLOUR('',#8462);
#9378 = STYLED_ITEM('color',(#9379),#1177);
#9379 = PRESENTATION_STYLE_ASSIGNMENT((#9380));
#9380 = SURFACE_STYLE_USAGE(.BOTH.,#9381);
#9381 = SURFACE_SIDE_STYLE('',(#9382));
#9382 = SURFACE_STYLE_FILL_AREA(#9383);
#9383 = FILL_AREA_STYLE('',(#9384));
#9384 = FILL_AREA_STYLE_COLOUR('',#8462);
#9385 = STYLED_ITEM('color',(#9386),#1202);
#9386 = PRESENTATION_STYLE_ASSIGNMENT((#9387));
#9387 = SURFACE_STYLE_USAGE(.BOTH.,#9388);
#9388 = SURFACE_SIDE_STYLE('',(#9389));
#9389 = SURFACE_STYLE_FILL_AREA(#9390);
#9390 = FILL_AREA_STYLE('',(#9391));
#9391 = FILL_AREA_STYLE_COLOUR('',#8462);
#9392 = STYLED_ITEM('color',(#9393),#1227);
#9393 = PRESENTATION_STYLE_ASSIGNMENT((#9394));
#9394 = SURFACE_STYLE_USAGE(.BOTH.,#9395);
#9395 = SURFACE_SIDE_STYLE('',(#9396));
#9396 = SURFACE_STYLE_FILL_AREA(#9397);
#9397 = FILL_AREA_STYLE('',(#9398));
#9398 = FILL_AREA_STYLE_COLOUR('',#8462);
#9399 = STYLED_ITEM('color',(#9400),#1244);
#9400 = PRESENTATION_STYLE_ASSIGNMENT((#9401));
#9401 = SURFACE_STYLE_USAGE(.BOTH.,#9402);
#9402 = SURFACE_SIDE_STYLE('',(#9403));
#9403 = SURFACE_STYLE_FILL_AREA(#9404);
#9404 = FILL_AREA_STYLE('',(#9405));
#9405 = FILL_AREA_STYLE_COLOUR('',#8462);
#9406 = STYLED_ITEM('color',(#9407),#1330);
#9407 = PRESENTATION_STYLE_ASSIGNMENT((#9408));
#9408 = SURFACE_STYLE_USAGE(.BOTH.,#9409);
#9409 = SURFACE_SIDE_STYLE('',(#9410));
#9410 = SURFACE_STYLE_FILL_AREA(#9411);
#9411 = FILL_AREA_STYLE('',(#9412));
#9412 = FILL_AREA_STYLE_COLOUR('',#9215);
#9413 = STYLED_ITEM('color',(#9414),#1362);
#9414 = PRESENTATION_STYLE_ASSIGNMENT((#9415));
#9415 = SURFACE_STYLE_USAGE(.BOTH.,#9416);
#9416 = SURFACE_SIDE_STYLE('',(#9417));
#9417 = SURFACE_STYLE_FILL_AREA(#9418);
#9418 = FILL_AREA_STYLE('',(#9419));
#9419 = FILL_AREA_STYLE_COLOUR('',#9215);
#9420 = STYLED_ITEM('color',(#9421),#1386);
#9421 = PRESENTATION_STYLE_ASSIGNMENT((#9422));
#9422 = SURFACE_STYLE_USAGE(.BOTH.,#9423);
#9423 = SURFACE_SIDE_STYLE('',(#9424));
#9424 = SURFACE_STYLE_FILL_AREA(#9425);
#9425 = FILL_AREA_STYLE('',(#9426));
#9426 = FILL_AREA_STYLE_COLOUR('',#9215);
#9427 = STYLED_ITEM('color',(#9428),#1411);
#9428 = PRESENTATION_STYLE_ASSIGNMENT((#9429));
#9429 = SURFACE_STYLE_USAGE(.BOTH.,#9430);
#9430 = SURFACE_SIDE_STYLE('',(#9431));
#9431 = SURFACE_STYLE_FILL_AREA(#9432);
#9432 = FILL_AREA_STYLE('',(#9433));
#9433 = FILL_AREA_STYLE_COLOUR('',#9215);
#9434 = STYLED_ITEM('color',(#9435),#1435);
#9435 = PRESENTATION_STYLE_ASSIGNMENT((#9436));
#9436 = SURFACE_STYLE_USAGE(.BOTH.,#9437);
#9437 = SURFACE_SIDE_STYLE('',(#9438));
#9438 = SURFACE_STYLE_FILL_AREA(#9439);
#9439 = FILL_AREA_STYLE('',(#9440));
#9440 = FILL_AREA_STYLE_COLOUR('',#9215);
#9441 = STYLED_ITEM('color',(#9442),#1460);
#9442 = PRESENTATION_STYLE_ASSIGNMENT((#9443));
#9443 = SURFACE_STYLE_USAGE(.BOTH.,#9444);
#9444 = SURFACE_SIDE_STYLE('',(#9445));
#9445 = SURFACE_STYLE_FILL_AREA(#9446);
#9446 = FILL_AREA_STYLE('',(#9447));
#9447 = FILL_AREA_STYLE_COLOUR('',#9215);
#9448 = STYLED_ITEM('color',(#9449),#1484);
#9449 = PRESENTATION_STYLE_ASSIGNMENT((#9450));
#9450 = SURFACE_STYLE_USAGE(.BOTH.,#9451);
#9451 = SURFACE_SIDE_STYLE('',(#9452));
#9452 = SURFACE_STYLE_FILL_AREA(#9453);
#9453 = FILL_AREA_STYLE('',(#9454));
#9454 = FILL_AREA_STYLE_COLOUR('',#9215);
#9455 = STYLED_ITEM('color',(#9456),#1509);
#9456 = PRESENTATION_STYLE_ASSIGNMENT((#9457));
#9457 = SURFACE_STYLE_USAGE(.BOTH.,#9458);
#9458 = SURFACE_SIDE_STYLE('',(#9459));
#9459 = SURFACE_STYLE_FILL_AREA(#9460);
#9460 = FILL_AREA_STYLE('',(#9461));
#9461 = FILL_AREA_STYLE_COLOUR('',#9215);
#9462 = STYLED_ITEM('color',(#9463),#1526);
#9463 = PRESENTATION_STYLE_ASSIGNMENT((#9464));
#9464 = SURFACE_STYLE_USAGE(.BOTH.,#9465);
#9465 = SURFACE_SIDE_STYLE('',(#9466));
#9466 = SURFACE_STYLE_FILL_AREA(#9467);
#9467 = FILL_AREA_STYLE('',(#9468));
#9468 = FILL_AREA_STYLE_COLOUR('',#8462);
#9469 = STYLED_ITEM('color',(#9470),#1612);
#9470 = PRESENTATION_STYLE_ASSIGNMENT((#9471));
#9471 = SURFACE_STYLE_USAGE(.BOTH.,#9472);
#9472 = SURFACE_SIDE_STYLE('',(#9473));
#9473 = SURFACE_STYLE_FILL_AREA(#9474);
#9474 = FILL_AREA_STYLE('',(#9475));
#9475 = FILL_AREA_STYLE_COLOUR('',#8462);
#9476 = STYLED_ITEM('color',(#9477),#1643);
#9477 = PRESENTATION_STYLE_ASSIGNMENT((#9478));
#9478 = SURFACE_STYLE_USAGE(.BOTH.,#9479);
#9479 = SURFACE_SIDE_STYLE('',(#9480));
#9480 = SURFACE_STYLE_FILL_AREA(#9481);
#9481 = FILL_AREA_STYLE('',(#9482));
#9482 = FILL_AREA_STYLE_COLOUR('',#8462);
#9483 = STYLED_ITEM('color',(#9484),#1668);
#9484 = PRESENTATION_STYLE_ASSIGNMENT((#9485));
#9485 = SURFACE_STYLE_USAGE(.BOTH.,#9486);
#9486 = SURFACE_SIDE_STYLE('',(#9487));
#9487 = SURFACE_STYLE_FILL_AREA(#9488);
#9488 = FILL_AREA_STYLE('',(#9489));
#9489 = FILL_AREA_STYLE_COLOUR('',#8462);
#9490 = STYLED_ITEM('color',(#9491),#1693);
#9491 = PRESENTATION_STYLE_ASSIGNMENT((#9492));
#9492 = SURFACE_STYLE_USAGE(.BOTH.,#9493);
#9493 = SURFACE_SIDE_STYLE('',(#9494));
#9494 = SURFACE_STYLE_FILL_AREA(#9495);
#9495 = FILL_AREA_STYLE('',(#9496));
#9496 = FILL_AREA_STYLE_COLOUR('',#8462);
#9497 = STYLED_ITEM('color',(#9498),#1717);
#9498 = PRESENTATION_STYLE_ASSIGNMENT((#9499));
#9499 = SURFACE_STYLE_USAGE(.BOTH.,#9500);
#9500 = SURFACE_SIDE_STYLE('',(#9501));
#9501 = SURFACE_STYLE_FILL_AREA(#9502);
#9502 = FILL_AREA_STYLE('',(#9503));
#9503 = FILL_AREA_STYLE_COLOUR('',#8462);
#9504 = STYLED_ITEM('color',(#9505),#1741);
#9505 = PRESENTATION_STYLE_ASSIGNMENT((#9506));
#9506 = SURFACE_STYLE_USAGE(.BOTH.,#9507);
#9507 = SURFACE_SIDE_STYLE('',(#9508));
#9508 = SURFACE_STYLE_FILL_AREA(#9509);
#9509 = FILL_AREA_STYLE('',(#9510));
#9510 = FILL_AREA_STYLE_COLOUR('',#8462);
#9511 = STYLED_ITEM('color',(#9512),#1766);
#9512 = PRESENTATION_STYLE_ASSIGNMENT((#9513));
#9513 = SURFACE_STYLE_USAGE(.BOTH.,#9514);
#9514 = SURFACE_SIDE_STYLE('',(#9515));
#9515 = SURFACE_STYLE_FILL_AREA(#9516);
#9516 = FILL_AREA_STYLE('',(#9517));
#9517 = FILL_AREA_STYLE_COLOUR('',#8462);
#9518 = STYLED_ITEM('color',(#9519),#1791);
#9519 = PRESENTATION_STYLE_ASSIGNMENT((#9520));
#9520 = SURFACE_STYLE_USAGE(.BOTH.,#9521);
#9521 = SURFACE_SIDE_STYLE('',(#9522));
#9522 = SURFACE_STYLE_FILL_AREA(#9523);
#9523 = FILL_AREA_STYLE('',(#9524));
#9524 = FILL_AREA_STYLE_COLOUR('',#8462);
#9525 = STYLED_ITEM('color',(#9526),#1808);
#9526 = PRESENTATION_STYLE_ASSIGNMENT((#9527));
#9527 = SURFACE_STYLE_USAGE(.BOTH.,#9528);
#9528 = SURFACE_SIDE_STYLE('',(#9529));
#9529 = SURFACE_STYLE_FILL_AREA(#9530);
#9530 = FILL_AREA_STYLE('',(#9531));
#9531 = FILL_AREA_STYLE_COLOUR('',#8462);
#9532 = MECHANICAL_DESIGN_GEOMETRIC_PRESENTATION_REPRESENTATION('',(
    #9533),#8316);
#9533 = STYLED_ITEM('color',(#9534),#8263);
#9534 = PRESENTATION_STYLE_ASSIGNMENT((#9535));
#9535 = SURFACE_STYLE_USAGE(.BOTH.,#9536);
#9536 = SURFACE_SIDE_STYLE('',(#9537));
#9537 = SURFACE_STYLE_FILL_AREA(#9538);
#9538 = FILL_AREA_STYLE('',(#9539));
#9539 = FILL_AREA_STYLE_COLOUR('',#9540);
#9540 = COLOUR_RGB('',0.204454873135,0.204454873135,0.204454873135);
#9541 = MECHANICAL_DESIGN_GEOMETRIC_PRESENTATION_REPRESENTATION('',(
    #9542,#9551,#9560,#9569,#9578,#9587,#9596,#9605,#9614,#9623,#9632,
    #9641,#9650,#9659,#9668,#9677,#9686,#9695,#9704,#9713,#9722,#9731,
    #9740,#9749,#9758,#9767,#9776,#9785,#9794,#9803,#9812,#9821,#9830,
    #9839,#9848,#9857,#9866,#9875,#9884,#9893,#9902,#9911,#9920,#9929,
    #9938,#9947,#9956,#9965,#9974,#9983,#9992,#10001,#10010,#10019,
    #10028,#10037,#10046,#10055,#10064,#10073,#10082,#10091,#10100,
    #10109,#10118,#10127,#10136,#10145,#10154,#10163,#10172,#10181,
    #10190,#10199,#10208,#10217,#10226,#10235,#10244,#10253,#10262,
    #10271,#10280,#10289,#10298,#10307,#10316,#10325,#10334,#10343,
    #10352,#10361,#10370,#10379,#10388,#10397,#10406,#10415,#10424,
    #10433,#10442,#10451,#10460,#10469,#10478,#10487,#10496,#10505,
    #10514,#10523,#10532,#10541,#10550,#10559,#10568,#10577,#10586),
  #8234);
#9542 = STYLED_ITEM('color',(#9543),#4700);
#9543 = PRESENTATION_STYLE_ASSIGNMENT((#9544,#9549));
#9544 = SURFACE_STYLE_USAGE(.BOTH.,#9545);
#9545 = SURFACE_SIDE_STYLE('',(#9546));
#9546 = SURFACE_STYLE_FILL_AREA(#9547);
#9547 = FILL_AREA_STYLE('',(#9548));
#9548 = FILL_AREA_STYLE_COLOUR('',#8335);
#9549 = CURVE_STYLE('',#9550,POSITIVE_LENGTH_MEASURE(0.1),#8335);
#9550 = DRAUGHTING_PRE_DEFINED_CURVE_FONT('continuous');
#9551 = STYLED_ITEM('color',(#9552),#4738);
#9552 = PRESENTATION_STYLE_ASSIGNMENT((#9553,#9558));
#9553 = SURFACE_STYLE_USAGE(.BOTH.,#9554);
#9554 = SURFACE_SIDE_STYLE('',(#9555));
#9555 = SURFACE_STYLE_FILL_AREA(#9556);
#9556 = FILL_AREA_STYLE('',(#9557));
#9557 = FILL_AREA_STYLE_COLOUR('',#8335);
#9558 = CURVE_STYLE('',#9559,POSITIVE_LENGTH_MEASURE(0.1),#8335);
#9559 = DRAUGHTING_PRE_DEFINED_CURVE_FONT('continuous');
#9560 = STYLED_ITEM('color',(#9561),#4801);
#9561 = PRESENTATION_STYLE_ASSIGNMENT((#9562,#9567));
#9562 = SURFACE_STYLE_USAGE(.BOTH.,#9563);
#9563 = SURFACE_SIDE_STYLE('',(#9564));
#9564 = SURFACE_STYLE_FILL_AREA(#9565);
#9565 = FILL_AREA_STYLE('',(#9566));
#9566 = FILL_AREA_STYLE_COLOUR('',#8335);
#9567 = CURVE_STYLE('',#9568,POSITIVE_LENGTH_MEASURE(0.1),#8335);
#9568 = DRAUGHTING_PRE_DEFINED_CURVE_FONT('continuous');
#9569 = STYLED_ITEM('color',(#9570),#4824);
#9570 = PRESENTATION_STYLE_ASSIGNMENT((#9571,#9576));
#9571 = SURFACE_STYLE_USAGE(.BOTH.,#9572);
#9572 = SURFACE_SIDE_STYLE('',(#9573));
#9573 = SURFACE_STYLE_FILL_AREA(#9574);
#9574 = FILL_AREA_STYLE('',(#9575));
#9575 = FILL_AREA_STYLE_COLOUR('',#8335);
#9576 = CURVE_STYLE('',#9577,POSITIVE_LENGTH_MEASURE(0.1),#8335);
#9577 = DRAUGHTING_PRE_DEFINED_CURVE_FONT('continuous');
#9578 = STYLED_ITEM('color',(#9579),#4853);
#9579 = PRESENTATION_STYLE_ASSIGNMENT((#9580,#9585));
#9580 = SURFACE_STYLE_USAGE(.BOTH.,#9581);
#9581 = SURFACE_SIDE_STYLE('',(#9582));
#9582 = SURFACE_STYLE_FILL_AREA(#9583);
#9583 = FILL_AREA_STYLE('',(#9584));
#9584 = FILL_AREA_STYLE_COLOUR('',#8335);
#9585 = CURVE_STYLE('',#9586,POSITIVE_LENGTH_MEASURE(0.1),#8335);
#9586 = DRAUGHTING_PRE_DEFINED_CURVE_FONT('continuous');
#9587 = STYLED_ITEM('color',(#9588),#4876);
#9588 = PRESENTATION_STYLE_ASSIGNMENT((#9589,#9594));
#9589 = SURFACE_STYLE_USAGE(.BOTH.,#9590);
#9590 = SURFACE_SIDE_STYLE('',(#9591));
#9591 = SURFACE_STYLE_FILL_AREA(#9592);
#9592 = FILL_AREA_STYLE('',(#9593));
#9593 = FILL_AREA_STYLE_COLOUR('',#8335);
#9594 = CURVE_STYLE('',#9595,POSITIVE_LENGTH_MEASURE(0.1),#8335);
#9595 = DRAUGHTING_PRE_DEFINED_CURVE_FONT('continuous');
#9596 = STYLED_ITEM('color',(#9597),#4947);
#9597 = PRESENTATION_STYLE_ASSIGNMENT((#9598,#9603));
#9598 = SURFACE_STYLE_USAGE(.BOTH.,#9599);
#9599 = SURFACE_SIDE_STYLE('',(#9600));
#9600 = SURFACE_STYLE_FILL_AREA(#9601);
#9601 = FILL_AREA_STYLE('',(#9602));
#9602 = FILL_AREA_STYLE_COLOUR('',#8335);
#9603 = CURVE_STYLE('',#9604,POSITIVE_LENGTH_MEASURE(0.1),#8335);
#9604 = DRAUGHTING_PRE_DEFINED_CURVE_FONT('continuous');
#9605 = STYLED_ITEM('color',(#9606),#5018);
#9606 = PRESENTATION_STYLE_ASSIGNMENT((#9607,#9612));
#9607 = SURFACE_STYLE_USAGE(.BOTH.,#9608);
#9608 = SURFACE_SIDE_STYLE('',(#9609));
#9609 = SURFACE_STYLE_FILL_AREA(#9610);
#9610 = FILL_AREA_STYLE('',(#9611));
#9611 = FILL_AREA_STYLE_COLOUR('',#8335);
#9612 = CURVE_STYLE('',#9613,POSITIVE_LENGTH_MEASURE(0.1),#8335);
#9613 = DRAUGHTING_PRE_DEFINED_CURVE_FONT('continuous');
#9614 = STYLED_ITEM('color',(#9615),#5041);
#9615 = PRESENTATION_STYLE_ASSIGNMENT((#9616,#9621));
#9616 = SURFACE_STYLE_USAGE(.BOTH.,#9617);
#9617 = SURFACE_SIDE_STYLE('',(#9618));
#9618 = SURFACE_STYLE_FILL_AREA(#9619);
#9619 = FILL_AREA_STYLE('',(#9620));
#9620 = FILL_AREA_STYLE_COLOUR('',#8335);
#9621 = CURVE_STYLE('',#9622,POSITIVE_LENGTH_MEASURE(0.1),#8335);
#9622 = DRAUGHTING_PRE_DEFINED_CURVE_FONT('continuous');
#9623 = STYLED_ITEM('color',(#9624),#5064);
#9624 = PRESENTATION_STYLE_ASSIGNMENT((#9625,#9630));
#9625 = SURFACE_STYLE_USAGE(.BOTH.,#9626);
#9626 = SURFACE_SIDE_STYLE('',(#9627));
#9627 = SURFACE_STYLE_FILL_AREA(#9628);
#9628 = FILL_AREA_STYLE('',(#9629));
#9629 = FILL_AREA_STYLE_COLOUR('',#8335);
#9630 = CURVE_STYLE('',#9631,POSITIVE_LENGTH_MEASURE(0.1),#8335);
#9631 = DRAUGHTING_PRE_DEFINED_CURVE_FONT('continuous');
#9632 = STYLED_ITEM('color',(#9633),#5081);
#9633 = PRESENTATION_STYLE_ASSIGNMENT((#9634,#9639));
#9634 = SURFACE_STYLE_USAGE(.BOTH.,#9635);
#9635 = SURFACE_SIDE_STYLE('',(#9636));
#9636 = SURFACE_STYLE_FILL_AREA(#9637);
#9637 = FILL_AREA_STYLE('',(#9638));
#9638 = FILL_AREA_STYLE_COLOUR('',#8335);
#9639 = CURVE_STYLE('',#9640,POSITIVE_LENGTH_MEASURE(0.1),#8335);
#9640 = DRAUGHTING_PRE_DEFINED_CURVE_FONT('continuous');
#9641 = STYLED_ITEM('color',(#9642),#5104);
#9642 = PRESENTATION_STYLE_ASSIGNMENT((#9643,#9648));
#9643 = SURFACE_STYLE_USAGE(.BOTH.,#9644);
#9644 = SURFACE_SIDE_STYLE('',(#9645));
#9645 = SURFACE_STYLE_FILL_AREA(#9646);
#9646 = FILL_AREA_STYLE('',(#9647));
#9647 = FILL_AREA_STYLE_COLOUR('',#8335);
#9648 = CURVE_STYLE('',#9649,POSITIVE_LENGTH_MEASURE(0.1),#8335);
#9649 = DRAUGHTING_PRE_DEFINED_CURVE_FONT('continuous');
#9650 = STYLED_ITEM('color',(#9651),#5192);
#9651 = PRESENTATION_STYLE_ASSIGNMENT((#9652,#9657));
#9652 = SURFACE_STYLE_USAGE(.BOTH.,#9653);
#9653 = SURFACE_SIDE_STYLE('',(#9654));
#9654 = SURFACE_STYLE_FILL_AREA(#9655);
#9655 = FILL_AREA_STYLE('',(#9656));
#9656 = FILL_AREA_STYLE_COLOUR('',#8335);
#9657 = CURVE_STYLE('',#9658,POSITIVE_LENGTH_MEASURE(0.1),#8335);
#9658 = DRAUGHTING_PRE_DEFINED_CURVE_FONT('continuous');
#9659 = STYLED_ITEM('color',(#9660),#5208);
#9660 = PRESENTATION_STYLE_ASSIGNMENT((#9661,#9666));
#9661 = SURFACE_STYLE_USAGE(.BOTH.,#9662);
#9662 = SURFACE_SIDE_STYLE('',(#9663));
#9663 = SURFACE_STYLE_FILL_AREA(#9664);
#9664 = FILL_AREA_STYLE('',(#9665));
#9665 = FILL_AREA_STYLE_COLOUR('',#8335);
#9666 = CURVE_STYLE('',#9667,POSITIVE_LENGTH_MEASURE(0.1),#8335);
#9667 = DRAUGHTING_PRE_DEFINED_CURVE_FONT('continuous');
#9668 = STYLED_ITEM('color',(#9669),#5238);
#9669 = PRESENTATION_STYLE_ASSIGNMENT((#9670,#9675));
#9670 = SURFACE_STYLE_USAGE(.BOTH.,#9671);
#9671 = SURFACE_SIDE_STYLE('',(#9672));
#9672 = SURFACE_STYLE_FILL_AREA(#9673);
#9673 = FILL_AREA_STYLE('',(#9674));
#9674 = FILL_AREA_STYLE_COLOUR('',#8462);
#9675 = CURVE_STYLE('',#9676,POSITIVE_LENGTH_MEASURE(0.1),#8462);
#9676 = DRAUGHTING_PRE_DEFINED_CURVE_FONT('continuous');
#9677 = STYLED_ITEM('color',(#9678),#5269);
#9678 = PRESENTATION_STYLE_ASSIGNMENT((#9679,#9684));
#9679 = SURFACE_STYLE_USAGE(.BOTH.,#9680);
#9680 = SURFACE_SIDE_STYLE('',(#9681));
#9681 = SURFACE_STYLE_FILL_AREA(#9682);
#9682 = FILL_AREA_STYLE('',(#9683));
#9683 = FILL_AREA_STYLE_COLOUR('',#8335);
#9684 = CURVE_STYLE('',#9685,POSITIVE_LENGTH_MEASURE(0.1),#8335);
#9685 = DRAUGHTING_PRE_DEFINED_CURVE_FONT('continuous');
#9686 = STYLED_ITEM('color',(#9687),#5300);
#9687 = PRESENTATION_STYLE_ASSIGNMENT((#9688,#9693));
#9688 = SURFACE_STYLE_USAGE(.BOTH.,#9689);
#9689 = SURFACE_SIDE_STYLE('',(#9690));
#9690 = SURFACE_STYLE_FILL_AREA(#9691);
#9691 = FILL_AREA_STYLE('',(#9692));
#9692 = FILL_AREA_STYLE_COLOUR('',#8462);
#9693 = CURVE_STYLE('',#9694,POSITIVE_LENGTH_MEASURE(0.1),#8462);
#9694 = DRAUGHTING_PRE_DEFINED_CURVE_FONT('continuous');
#9695 = STYLED_ITEM('color',(#9696),#5331);
#9696 = PRESENTATION_STYLE_ASSIGNMENT((#9697,#9702));
#9697 = SURFACE_STYLE_USAGE(.BOTH.,#9698);
#9698 = SURFACE_SIDE_STYLE('',(#9699));
#9699 = SURFACE_STYLE_FILL_AREA(#9700);
#9700 = FILL_AREA_STYLE('',(#9701));
#9701 = FILL_AREA_STYLE_COLOUR('',#8335);
#9702 = CURVE_STYLE('',#9703,POSITIVE_LENGTH_MEASURE(0.1),#8335);
#9703 = DRAUGHTING_PRE_DEFINED_CURVE_FONT('continuous');
#9704 = STYLED_ITEM('color',(#9705),#5362);
#9705 = PRESENTATION_STYLE_ASSIGNMENT((#9706,#9711));
#9706 = SURFACE_STYLE_USAGE(.BOTH.,#9707);
#9707 = SURFACE_SIDE_STYLE('',(#9708));
#9708 = SURFACE_STYLE_FILL_AREA(#9709);
#9709 = FILL_AREA_STYLE('',(#9710));
#9710 = FILL_AREA_STYLE_COLOUR('',#8462);
#9711 = CURVE_STYLE('',#9712,POSITIVE_LENGTH_MEASURE(0.1),#8462);
#9712 = DRAUGHTING_PRE_DEFINED_CURVE_FONT('continuous');
#9713 = STYLED_ITEM('color',(#9714),#5393);
#9714 = PRESENTATION_STYLE_ASSIGNMENT((#9715,#9720));
#9715 = SURFACE_STYLE_USAGE(.BOTH.,#9716);
#9716 = SURFACE_SIDE_STYLE('',(#9717));
#9717 = SURFACE_STYLE_FILL_AREA(#9718);
#9718 = FILL_AREA_STYLE('',(#9719));
#9719 = FILL_AREA_STYLE_COLOUR('',#8335);
#9720 = CURVE_STYLE('',#9721,POSITIVE_LENGTH_MEASURE(0.1),#8335);
#9721 = DRAUGHTING_PRE_DEFINED_CURVE_FONT('continuous');
#9722 = STYLED_ITEM('color',(#9723),#5410);
#9723 = PRESENTATION_STYLE_ASSIGNMENT((#9724,#9729));
#9724 = SURFACE_STYLE_USAGE(.BOTH.,#9725);
#9725 = SURFACE_SIDE_STYLE('',(#9726));
#9726 = SURFACE_STYLE_FILL_AREA(#9727);
#9727 = FILL_AREA_STYLE('',(#9728));
#9728 = FILL_AREA_STYLE_COLOUR('',#8335);
#9729 = CURVE_STYLE('',#9730,POSITIVE_LENGTH_MEASURE(0.1),#8335);
#9730 = DRAUGHTING_PRE_DEFINED_CURVE_FONT('continuous');
#9731 = STYLED_ITEM('color',(#9732),#5427);
#9732 = PRESENTATION_STYLE_ASSIGNMENT((#9733,#9738));
#9733 = SURFACE_STYLE_USAGE(.BOTH.,#9734);
#9734 = SURFACE_SIDE_STYLE('',(#9735));
#9735 = SURFACE_STYLE_FILL_AREA(#9736);
#9736 = FILL_AREA_STYLE('',(#9737));
#9737 = FILL_AREA_STYLE_COLOUR('',#8462);
#9738 = CURVE_STYLE('',#9739,POSITIVE_LENGTH_MEASURE(0.1),#8462);
#9739 = DRAUGHTING_PRE_DEFINED_CURVE_FONT('continuous');
#9740 = STYLED_ITEM('color',(#9741),#5458);
#9741 = PRESENTATION_STYLE_ASSIGNMENT((#9742,#9747));
#9742 = SURFACE_STYLE_USAGE(.BOTH.,#9743);
#9743 = SURFACE_SIDE_STYLE('',(#9744));
#9744 = SURFACE_STYLE_FILL_AREA(#9745);
#9745 = FILL_AREA_STYLE('',(#9746));
#9746 = FILL_AREA_STYLE_COLOUR('',#8335);
#9747 = CURVE_STYLE('',#9748,POSITIVE_LENGTH_MEASURE(0.1),#8335);
#9748 = DRAUGHTING_PRE_DEFINED_CURVE_FONT('continuous');
#9749 = STYLED_ITEM('color',(#9750),#5489);
#9750 = PRESENTATION_STYLE_ASSIGNMENT((#9751,#9756));
#9751 = SURFACE_STYLE_USAGE(.BOTH.,#9752);
#9752 = SURFACE_SIDE_STYLE('',(#9753));
#9753 = SURFACE_STYLE_FILL_AREA(#9754);
#9754 = FILL_AREA_STYLE('',(#9755));
#9755 = FILL_AREA_STYLE_COLOUR('',#8462);
#9756 = CURVE_STYLE('',#9757,POSITIVE_LENGTH_MEASURE(0.1),#8462);
#9757 = DRAUGHTING_PRE_DEFINED_CURVE_FONT('continuous');
#9758 = STYLED_ITEM('color',(#9759),#5520);
#9759 = PRESENTATION_STYLE_ASSIGNMENT((#9760,#9765));
#9760 = SURFACE_STYLE_USAGE(.BOTH.,#9761);
#9761 = SURFACE_SIDE_STYLE('',(#9762));
#9762 = SURFACE_STYLE_FILL_AREA(#9763);
#9763 = FILL_AREA_STYLE('',(#9764));
#9764 = FILL_AREA_STYLE_COLOUR('',#8335);
#9765 = CURVE_STYLE('',#9766,POSITIVE_LENGTH_MEASURE(0.1),#8335);
#9766 = DRAUGHTING_PRE_DEFINED_CURVE_FONT('continuous');
#9767 = STYLED_ITEM('color',(#9768),#5551);
#9768 = PRESENTATION_STYLE_ASSIGNMENT((#9769,#9774));
#9769 = SURFACE_STYLE_USAGE(.BOTH.,#9770);
#9770 = SURFACE_SIDE_STYLE('',(#9771));
#9771 = SURFACE_STYLE_FILL_AREA(#9772);
#9772 = FILL_AREA_STYLE('',(#9773));
#9773 = FILL_AREA_STYLE_COLOUR('',#8462);
#9774 = CURVE_STYLE('',#9775,POSITIVE_LENGTH_MEASURE(0.1),#8462);
#9775 = DRAUGHTING_PRE_DEFINED_CURVE_FONT('continuous');
#9776 = STYLED_ITEM('color',(#9777),#5582);
#9777 = PRESENTATION_STYLE_ASSIGNMENT((#9778,#9783));
#9778 = SURFACE_STYLE_USAGE(.BOTH.,#9779);
#9779 = SURFACE_SIDE_STYLE('',(#9780));
#9780 = SURFACE_STYLE_FILL_AREA(#9781);
#9781 = FILL_AREA_STYLE('',(#9782));
#9782 = FILL_AREA_STYLE_COLOUR('',#8335);
#9783 = CURVE_STYLE('',#9784,POSITIVE_LENGTH_MEASURE(0.1),#8335);
#9784 = DRAUGHTING_PRE_DEFINED_CURVE_FONT('continuous');
#9785 = STYLED_ITEM('color',(#9786),#5612);
#9786 = PRESENTATION_STYLE_ASSIGNMENT((#9787,#9792));
#9787 = SURFACE_STYLE_USAGE(.BOTH.,#9788);
#9788 = SURFACE_SIDE_STYLE('',(#9789));
#9789 = SURFACE_STYLE_FILL_AREA(#9790);
#9790 = FILL_AREA_STYLE('',(#9791));
#9791 = FILL_AREA_STYLE_COLOUR('',#8335);
#9792 = CURVE_STYLE('',#9793,POSITIVE_LENGTH_MEASURE(0.1),#8335);
#9793 = DRAUGHTING_PRE_DEFINED_CURVE_FONT('continuous');
#9794 = STYLED_ITEM('color',(#9795),#5635);
#9795 = PRESENTATION_STYLE_ASSIGNMENT((#9796,#9801));
#9796 = SURFACE_STYLE_USAGE(.BOTH.,#9797);
#9797 = SURFACE_SIDE_STYLE('',(#9798));
#9798 = SURFACE_STYLE_FILL_AREA(#9799);
#9799 = FILL_AREA_STYLE('',(#9800));
#9800 = FILL_AREA_STYLE_COLOUR('',#8335);
#9801 = CURVE_STYLE('',#9802,POSITIVE_LENGTH_MEASURE(0.1),#8335);
#9802 = DRAUGHTING_PRE_DEFINED_CURVE_FONT('continuous');
#9803 = STYLED_ITEM('color',(#9804),#5658);
#9804 = PRESENTATION_STYLE_ASSIGNMENT((#9805,#9810));
#9805 = SURFACE_STYLE_USAGE(.BOTH.,#9806);
#9806 = SURFACE_SIDE_STYLE('',(#9807));
#9807 = SURFACE_STYLE_FILL_AREA(#9808);
#9808 = FILL_AREA_STYLE('',(#9809));
#9809 = FILL_AREA_STYLE_COLOUR('',#8335);
#9810 = CURVE_STYLE('',#9811,POSITIVE_LENGTH_MEASURE(0.1),#8335);
#9811 = DRAUGHTING_PRE_DEFINED_CURVE_FONT('continuous');
#9812 = STYLED_ITEM('color',(#9813),#5675);
#9813 = PRESENTATION_STYLE_ASSIGNMENT((#9814,#9819));
#9814 = SURFACE_STYLE_USAGE(.BOTH.,#9815);
#9815 = SURFACE_SIDE_STYLE('',(#9816));
#9816 = SURFACE_STYLE_FILL_AREA(#9817);
#9817 = FILL_AREA_STYLE('',(#9818));
#9818 = FILL_AREA_STYLE_COLOUR('',#8462);
#9819 = CURVE_STYLE('',#9820,POSITIVE_LENGTH_MEASURE(0.1),#8462);
#9820 = DRAUGHTING_PRE_DEFINED_CURVE_FONT('continuous');
#9821 = STYLED_ITEM('color',(#9822),#5720);
#9822 = PRESENTATION_STYLE_ASSIGNMENT((#9823,#9828));
#9823 = SURFACE_STYLE_USAGE(.BOTH.,#9824);
#9824 = SURFACE_SIDE_STYLE('',(#9825));
#9825 = SURFACE_STYLE_FILL_AREA(#9826);
#9826 = FILL_AREA_STYLE('',(#9827));
#9827 = FILL_AREA_STYLE_COLOUR('',#8335);
#9828 = CURVE_STYLE('',#9829,POSITIVE_LENGTH_MEASURE(0.1),#8335);
#9829 = DRAUGHTING_PRE_DEFINED_CURVE_FONT('continuous');
#9830 = STYLED_ITEM('color',(#9831),#5790);
#9831 = PRESENTATION_STYLE_ASSIGNMENT((#9832,#9837));
#9832 = SURFACE_STYLE_USAGE(.BOTH.,#9833);
#9833 = SURFACE_SIDE_STYLE('',(#9834));
#9834 = SURFACE_STYLE_FILL_AREA(#9835);
#9835 = FILL_AREA_STYLE('',(#9836));
#9836 = FILL_AREA_STYLE_COLOUR('',#8335);
#9837 = CURVE_STYLE('',#9838,POSITIVE_LENGTH_MEASURE(0.1),#8335);
#9838 = DRAUGHTING_PRE_DEFINED_CURVE_FONT('continuous');
#9839 = STYLED_ITEM('color',(#9840),#5813);
#9840 = PRESENTATION_STYLE_ASSIGNMENT((#9841,#9846));
#9841 = SURFACE_STYLE_USAGE(.BOTH.,#9842);
#9842 = SURFACE_SIDE_STYLE('',(#9843));
#9843 = SURFACE_STYLE_FILL_AREA(#9844);
#9844 = FILL_AREA_STYLE('',(#9845));
#9845 = FILL_AREA_STYLE_COLOUR('',#8335);
#9846 = CURVE_STYLE('',#9847,POSITIVE_LENGTH_MEASURE(0.1),#8335);
#9847 = DRAUGHTING_PRE_DEFINED_CURVE_FONT('continuous');
#9848 = STYLED_ITEM('color',(#9849),#5836);
#9849 = PRESENTATION_STYLE_ASSIGNMENT((#9850,#9855));
#9850 = SURFACE_STYLE_USAGE(.BOTH.,#9851);
#9851 = SURFACE_SIDE_STYLE('',(#9852));
#9852 = SURFACE_STYLE_FILL_AREA(#9853);
#9853 = FILL_AREA_STYLE('',(#9854));
#9854 = FILL_AREA_STYLE_COLOUR('',#8335);
#9855 = CURVE_STYLE('',#9856,POSITIVE_LENGTH_MEASURE(0.1),#8335);
#9856 = DRAUGHTING_PRE_DEFINED_CURVE_FONT('continuous');
#9857 = STYLED_ITEM('color',(#9858),#5859);
#9858 = PRESENTATION_STYLE_ASSIGNMENT((#9859,#9864));
#9859 = SURFACE_STYLE_USAGE(.BOTH.,#9860);
#9860 = SURFACE_SIDE_STYLE('',(#9861));
#9861 = SURFACE_STYLE_FILL_AREA(#9862);
#9862 = FILL_AREA_STYLE('',(#9863));
#9863 = FILL_AREA_STYLE_COLOUR('',#8335);
#9864 = CURVE_STYLE('',#9865,POSITIVE_LENGTH_MEASURE(0.1),#8335);
#9865 = DRAUGHTING_PRE_DEFINED_CURVE_FONT('continuous');
#9866 = STYLED_ITEM('color',(#9867),#5930);
#9867 = PRESENTATION_STYLE_ASSIGNMENT((#9868,#9873));
#9868 = SURFACE_STYLE_USAGE(.BOTH.,#9869);
#9869 = SURFACE_SIDE_STYLE('',(#9870));
#9870 = SURFACE_STYLE_FILL_AREA(#9871);
#9871 = FILL_AREA_STYLE('',(#9872));
#9872 = FILL_AREA_STYLE_COLOUR('',#8462);
#9873 = CURVE_STYLE('',#9874,POSITIVE_LENGTH_MEASURE(0.1),#8462);
#9874 = DRAUGHTING_PRE_DEFINED_CURVE_FONT('continuous');
#9875 = STYLED_ITEM('color',(#9876),#5968);
#9876 = PRESENTATION_STYLE_ASSIGNMENT((#9877,#9882));
#9877 = SURFACE_STYLE_USAGE(.BOTH.,#9878);
#9878 = SURFACE_SIDE_STYLE('',(#9879));
#9879 = SURFACE_STYLE_FILL_AREA(#9880);
#9880 = FILL_AREA_STYLE('',(#9881));
#9881 = FILL_AREA_STYLE_COLOUR('',#8335);
#9882 = CURVE_STYLE('',#9883,POSITIVE_LENGTH_MEASURE(0.1),#8335);
#9883 = DRAUGHTING_PRE_DEFINED_CURVE_FONT('continuous');
#9884 = STYLED_ITEM('color',(#9885),#6017);
#9885 = PRESENTATION_STYLE_ASSIGNMENT((#9886,#9891));
#9886 = SURFACE_STYLE_USAGE(.BOTH.,#9887);
#9887 = SURFACE_SIDE_STYLE('',(#9888));
#9888 = SURFACE_STYLE_FILL_AREA(#9889);
#9889 = FILL_AREA_STYLE('',(#9890));
#9890 = FILL_AREA_STYLE_COLOUR('',#8462);
#9891 = CURVE_STYLE('',#9892,POSITIVE_LENGTH_MEASURE(0.1),#8462);
#9892 = DRAUGHTING_PRE_DEFINED_CURVE_FONT('continuous');
#9893 = STYLED_ITEM('color',(#9894),#6109);
#9894 = PRESENTATION_STYLE_ASSIGNMENT((#9895,#9900));
#9895 = SURFACE_STYLE_USAGE(.BOTH.,#9896);
#9896 = SURFACE_SIDE_STYLE('',(#9897));
#9897 = SURFACE_STYLE_FILL_AREA(#9898);
#9898 = FILL_AREA_STYLE('',(#9899));
#9899 = FILL_AREA_STYLE_COLOUR('',#8462);
#9900 = CURVE_STYLE('',#9901,POSITIVE_LENGTH_MEASURE(0.1),#8462);
#9901 = DRAUGHTING_PRE_DEFINED_CURVE_FONT('continuous');
#9902 = STYLED_ITEM('color',(#9903),#6134);
#9903 = PRESENTATION_STYLE_ASSIGNMENT((#9904,#9909));
#9904 = SURFACE_STYLE_USAGE(.BOTH.,#9905);
#9905 = SURFACE_SIDE_STYLE('',(#9906));
#9906 = SURFACE_STYLE_FILL_AREA(#9907);
#9907 = FILL_AREA_STYLE('',(#9908));
#9908 = FILL_AREA_STYLE_COLOUR('',#8462);
#9909 = CURVE_STYLE('',#9910,POSITIVE_LENGTH_MEASURE(0.1),#8462);
#9910 = DRAUGHTING_PRE_DEFINED_CURVE_FONT('continuous');
#9911 = STYLED_ITEM('color',(#9912),#6218);
#9912 = PRESENTATION_STYLE_ASSIGNMENT((#9913,#9918));
#9913 = SURFACE_STYLE_USAGE(.BOTH.,#9914);
#9914 = SURFACE_SIDE_STYLE('',(#9915));
#9915 = SURFACE_STYLE_FILL_AREA(#9916);
#9916 = FILL_AREA_STYLE('',(#9917));
#9917 = FILL_AREA_STYLE_COLOUR('',#8335);
#9918 = CURVE_STYLE('',#9919,POSITIVE_LENGTH_MEASURE(0.1),#8335);
#9919 = DRAUGHTING_PRE_DEFINED_CURVE_FONT('continuous');
#9920 = STYLED_ITEM('color',(#9921),#6240);
#9921 = PRESENTATION_STYLE_ASSIGNMENT((#9922,#9927));
#9922 = SURFACE_STYLE_USAGE(.BOTH.,#9923);
#9923 = SURFACE_SIDE_STYLE('',(#9924));
#9924 = SURFACE_STYLE_FILL_AREA(#9925);
#9925 = FILL_AREA_STYLE('',(#9926));
#9926 = FILL_AREA_STYLE_COLOUR('',#8462);
#9927 = CURVE_STYLE('',#9928,POSITIVE_LENGTH_MEASURE(0.1),#8462);
#9928 = DRAUGHTING_PRE_DEFINED_CURVE_FONT('continuous');
#9929 = STYLED_ITEM('color',(#9930),#6332);
#9930 = PRESENTATION_STYLE_ASSIGNMENT((#9931,#9936));
#9931 = SURFACE_STYLE_USAGE(.BOTH.,#9932);
#9932 = SURFACE_SIDE_STYLE('',(#9933));
#9933 = SURFACE_STYLE_FILL_AREA(#9934);
#9934 = FILL_AREA_STYLE('',(#9935));
#9935 = FILL_AREA_STYLE_COLOUR('',#8462);
#9936 = CURVE_STYLE('',#9937,POSITIVE_LENGTH_MEASURE(0.1),#8462);
#9937 = DRAUGHTING_PRE_DEFINED_CURVE_FONT('continuous');
#9938 = STYLED_ITEM('color',(#9939),#6357);
#9939 = PRESENTATION_STYLE_ASSIGNMENT((#9940,#9945));
#9940 = SURFACE_STYLE_USAGE(.BOTH.,#9941);
#9941 = SURFACE_SIDE_STYLE('',(#9942));
#9942 = SURFACE_STYLE_FILL_AREA(#9943);
#9943 = FILL_AREA_STYLE('',(#9944));
#9944 = FILL_AREA_STYLE_COLOUR('',#8462);
#9945 = CURVE_STYLE('',#9946,POSITIVE_LENGTH_MEASURE(0.1),#8462);
#9946 = DRAUGHTING_PRE_DEFINED_CURVE_FONT('continuous');
#9947 = STYLED_ITEM('color',(#9948),#6441);
#9948 = PRESENTATION_STYLE_ASSIGNMENT((#9949,#9954));
#9949 = SURFACE_STYLE_USAGE(.BOTH.,#9950);
#9950 = SURFACE_SIDE_STYLE('',(#9951));
#9951 = SURFACE_STYLE_FILL_AREA(#9952);
#9952 = FILL_AREA_STYLE('',(#9953));
#9953 = FILL_AREA_STYLE_COLOUR('',#8335);
#9954 = CURVE_STYLE('',#9955,POSITIVE_LENGTH_MEASURE(0.1),#8335);
#9955 = DRAUGHTING_PRE_DEFINED_CURVE_FONT('continuous');
#9956 = STYLED_ITEM('color',(#9957),#6458);
#9957 = PRESENTATION_STYLE_ASSIGNMENT((#9958,#9963));
#9958 = SURFACE_STYLE_USAGE(.BOTH.,#9959);
#9959 = SURFACE_SIDE_STYLE('',(#9960));
#9960 = SURFACE_STYLE_FILL_AREA(#9961);
#9961 = FILL_AREA_STYLE('',(#9962));
#9962 = FILL_AREA_STYLE_COLOUR('',#8462);
#9963 = CURVE_STYLE('',#9964,POSITIVE_LENGTH_MEASURE(0.1),#8462);
#9964 = DRAUGHTING_PRE_DEFINED_CURVE_FONT('continuous');
#9965 = STYLED_ITEM('color',(#9966),#6543);
#9966 = PRESENTATION_STYLE_ASSIGNMENT((#9967,#9972));
#9967 = SURFACE_STYLE_USAGE(.BOTH.,#9968);
#9968 = SURFACE_SIDE_STYLE('',(#9969));
#9969 = SURFACE_STYLE_FILL_AREA(#9970);
#9970 = FILL_AREA_STYLE('',(#9971));
#9971 = FILL_AREA_STYLE_COLOUR('',#8462);
#9972 = CURVE_STYLE('',#9973,POSITIVE_LENGTH_MEASURE(0.1),#8462);
#9973 = DRAUGHTING_PRE_DEFINED_CURVE_FONT('continuous');
#9974 = STYLED_ITEM('color',(#9975),#6568);
#9975 = PRESENTATION_STYLE_ASSIGNMENT((#9976,#9981));
#9976 = SURFACE_STYLE_USAGE(.BOTH.,#9977);
#9977 = SURFACE_SIDE_STYLE('',(#9978));
#9978 = SURFACE_STYLE_FILL_AREA(#9979);
#9979 = FILL_AREA_STYLE('',(#9980));
#9980 = FILL_AREA_STYLE_COLOUR('',#8462);
#9981 = CURVE_STYLE('',#9982,POSITIVE_LENGTH_MEASURE(0.1),#8462);
#9982 = DRAUGHTING_PRE_DEFINED_CURVE_FONT('continuous');
#9983 = STYLED_ITEM('color',(#9984),#6645);
#9984 = PRESENTATION_STYLE_ASSIGNMENT((#9985,#9990));
#9985 = SURFACE_STYLE_USAGE(.BOTH.,#9986);
#9986 = SURFACE_SIDE_STYLE('',(#9987));
#9987 = SURFACE_STYLE_FILL_AREA(#9988);
#9988 = FILL_AREA_STYLE('',(#9989));
#9989 = FILL_AREA_STYLE_COLOUR('',#8462);
#9990 = CURVE_STYLE('',#9991,POSITIVE_LENGTH_MEASURE(0.1),#8462);
#9991 = DRAUGHTING_PRE_DEFINED_CURVE_FONT('continuous');
#9992 = STYLED_ITEM('color',(#9993),#6730);
#9993 = PRESENTATION_STYLE_ASSIGNMENT((#9994,#9999));
#9994 = SURFACE_STYLE_USAGE(.BOTH.,#9995);
#9995 = SURFACE_SIDE_STYLE('',(#9996));
#9996 = SURFACE_STYLE_FILL_AREA(#9997);
#9997 = FILL_AREA_STYLE('',(#9998));
#9998 = FILL_AREA_STYLE_COLOUR('',#8462);
#9999 = CURVE_STYLE('',#10000,POSITIVE_LENGTH_MEASURE(0.1),#8462);
#10000 = DRAUGHTING_PRE_DEFINED_CURVE_FONT('continuous');
#10001 = STYLED_ITEM('color',(#10002),#6755);
#10002 = PRESENTATION_STYLE_ASSIGNMENT((#10003,#10008));
#10003 = SURFACE_STYLE_USAGE(.BOTH.,#10004);
#10004 = SURFACE_SIDE_STYLE('',(#10005));
#10005 = SURFACE_STYLE_FILL_AREA(#10006);
#10006 = FILL_AREA_STYLE('',(#10007));
#10007 = FILL_AREA_STYLE_COLOUR('',#8462);
#10008 = CURVE_STYLE('',#10009,POSITIVE_LENGTH_MEASURE(0.1),#8462);
#10009 = DRAUGHTING_PRE_DEFINED_CURVE_FONT('continuous');
#10010 = STYLED_ITEM('color',(#10011),#6832);
#10011 = PRESENTATION_STYLE_ASSIGNMENT((#10012,#10017));
#10012 = SURFACE_STYLE_USAGE(.BOTH.,#10013);
#10013 = SURFACE_SIDE_STYLE('',(#10014));
#10014 = SURFACE_STYLE_FILL_AREA(#10015);
#10015 = FILL_AREA_STYLE('',(#10016));
#10016 = FILL_AREA_STYLE_COLOUR('',#8335);
#10017 = CURVE_STYLE('',#10018,POSITIVE_LENGTH_MEASURE(0.1),#8335);
#10018 = DRAUGHTING_PRE_DEFINED_CURVE_FONT('continuous');
#10019 = STYLED_ITEM('color',(#10020),#6849);
#10020 = PRESENTATION_STYLE_ASSIGNMENT((#10021,#10026));
#10021 = SURFACE_STYLE_USAGE(.BOTH.,#10022);
#10022 = SURFACE_SIDE_STYLE('',(#10023));
#10023 = SURFACE_STYLE_FILL_AREA(#10024);
#10024 = FILL_AREA_STYLE('',(#10025));
#10025 = FILL_AREA_STYLE_COLOUR('',#8462);
#10026 = CURVE_STYLE('',#10027,POSITIVE_LENGTH_MEASURE(0.1),#8462);
#10027 = DRAUGHTING_PRE_DEFINED_CURVE_FONT('continuous');
#10028 = STYLED_ITEM('color',(#10029),#6941);
#10029 = PRESENTATION_STYLE_ASSIGNMENT((#10030,#10035));
#10030 = SURFACE_STYLE_USAGE(.BOTH.,#10031);
#10031 = SURFACE_SIDE_STYLE('',(#10032));
#10032 = SURFACE_STYLE_FILL_AREA(#10033);
#10033 = FILL_AREA_STYLE('',(#10034));
#10034 = FILL_AREA_STYLE_COLOUR('',#8462);
#10035 = CURVE_STYLE('',#10036,POSITIVE_LENGTH_MEASURE(0.1),#8462);
#10036 = DRAUGHTING_PRE_DEFINED_CURVE_FONT('continuous');
#10037 = STYLED_ITEM('color',(#10038),#6966);
#10038 = PRESENTATION_STYLE_ASSIGNMENT((#10039,#10044));
#10039 = SURFACE_STYLE_USAGE(.BOTH.,#10040);
#10040 = SURFACE_SIDE_STYLE('',(#10041));
#10041 = SURFACE_STYLE_FILL_AREA(#10042);
#10042 = FILL_AREA_STYLE('',(#10043));
#10043 = FILL_AREA_STYLE_COLOUR('',#8462);
#10044 = CURVE_STYLE('',#10045,POSITIVE_LENGTH_MEASURE(0.1),#8462);
#10045 = DRAUGHTING_PRE_DEFINED_CURVE_FONT('continuous');
#10046 = STYLED_ITEM('color',(#10047),#7050);
#10047 = PRESENTATION_STYLE_ASSIGNMENT((#10048,#10053));
#10048 = SURFACE_STYLE_USAGE(.BOTH.,#10049);
#10049 = SURFACE_SIDE_STYLE('',(#10050));
#10050 = SURFACE_STYLE_FILL_AREA(#10051);
#10051 = FILL_AREA_STYLE('',(#10052));
#10052 = FILL_AREA_STYLE_COLOUR('',#8335);
#10053 = CURVE_STYLE('',#10054,POSITIVE_LENGTH_MEASURE(0.1),#8335);
#10054 = DRAUGHTING_PRE_DEFINED_CURVE_FONT('continuous');
#10055 = STYLED_ITEM('color',(#10056),#7072);
#10056 = PRESENTATION_STYLE_ASSIGNMENT((#10057,#10062));
#10057 = SURFACE_STYLE_USAGE(.BOTH.,#10058);
#10058 = SURFACE_SIDE_STYLE('',(#10059));
#10059 = SURFACE_STYLE_FILL_AREA(#10060);
#10060 = FILL_AREA_STYLE('',(#10061));
#10061 = FILL_AREA_STYLE_COLOUR('',#8462);
#10062 = CURVE_STYLE('',#10063,POSITIVE_LENGTH_MEASURE(0.1),#8462);
#10063 = DRAUGHTING_PRE_DEFINED_CURVE_FONT('continuous');
#10064 = STYLED_ITEM('color',(#10065),#7164);
#10065 = PRESENTATION_STYLE_ASSIGNMENT((#10066,#10071));
#10066 = SURFACE_STYLE_USAGE(.BOTH.,#10067);
#10067 = SURFACE_SIDE_STYLE('',(#10068));
#10068 = SURFACE_STYLE_FILL_AREA(#10069);
#10069 = FILL_AREA_STYLE('',(#10070));
#10070 = FILL_AREA_STYLE_COLOUR('',#8462);
#10071 = CURVE_STYLE('',#10072,POSITIVE_LENGTH_MEASURE(0.1),#8462);
#10072 = DRAUGHTING_PRE_DEFINED_CURVE_FONT('continuous');
#10073 = STYLED_ITEM('color',(#10074),#7189);
#10074 = PRESENTATION_STYLE_ASSIGNMENT((#10075,#10080));
#10075 = SURFACE_STYLE_USAGE(.BOTH.,#10076);
#10076 = SURFACE_SIDE_STYLE('',(#10077));
#10077 = SURFACE_STYLE_FILL_AREA(#10078);
#10078 = FILL_AREA_STYLE('',(#10079));
#10079 = FILL_AREA_STYLE_COLOUR('',#8462);
#10080 = CURVE_STYLE('',#10081,POSITIVE_LENGTH_MEASURE(0.1),#8462);
#10081 = DRAUGHTING_PRE_DEFINED_CURVE_FONT('continuous');
#10082 = STYLED_ITEM('color',(#10083),#7273);
#10083 = PRESENTATION_STYLE_ASSIGNMENT((#10084,#10089));
#10084 = SURFACE_STYLE_USAGE(.BOTH.,#10085);
#10085 = SURFACE_SIDE_STYLE('',(#10086));
#10086 = SURFACE_STYLE_FILL_AREA(#10087);
#10087 = FILL_AREA_STYLE('',(#10088));
#10088 = FILL_AREA_STYLE_COLOUR('',#8462);
#10089 = CURVE_STYLE('',#10090,POSITIVE_LENGTH_MEASURE(0.1),#8462);
#10090 = DRAUGHTING_PRE_DEFINED_CURVE_FONT('continuous');
#10091 = STYLED_ITEM('color',(#10092),#7290);
#10092 = PRESENTATION_STYLE_ASSIGNMENT((#10093,#10098));
#10093 = SURFACE_STYLE_USAGE(.BOTH.,#10094);
#10094 = SURFACE_SIDE_STYLE('',(#10095));
#10095 = SURFACE_STYLE_FILL_AREA(#10096);
#10096 = FILL_AREA_STYLE('',(#10097));
#10097 = FILL_AREA_STYLE_COLOUR('',#8462);
#10098 = CURVE_STYLE('',#10099,POSITIVE_LENGTH_MEASURE(0.1),#8462);
#10099 = DRAUGHTING_PRE_DEFINED_CURVE_FONT('continuous');
#10100 = STYLED_ITEM('color',(#10101),#7309);
#10101 = PRESENTATION_STYLE_ASSIGNMENT((#10102,#10107));
#10102 = SURFACE_STYLE_USAGE(.BOTH.,#10103);
#10103 = SURFACE_SIDE_STYLE('',(#10104));
#10104 = SURFACE_STYLE_FILL_AREA(#10105);
#10105 = FILL_AREA_STYLE('',(#10106));
#10106 = FILL_AREA_STYLE_COLOUR('',#8462);
#10107 = CURVE_STYLE('',#10108,POSITIVE_LENGTH_MEASURE(0.1),#8462);
#10108 = DRAUGHTING_PRE_DEFINED_CURVE_FONT('continuous');
#10109 = STYLED_ITEM('color',(#10110),#7328);
#10110 = PRESENTATION_STYLE_ASSIGNMENT((#10111,#10116));
#10111 = SURFACE_STYLE_USAGE(.BOTH.,#10112);
#10112 = SURFACE_SIDE_STYLE('',(#10113));
#10113 = SURFACE_STYLE_FILL_AREA(#10114);
#10114 = FILL_AREA_STYLE('',(#10115));
#10115 = FILL_AREA_STYLE_COLOUR('',#8335);
#10116 = CURVE_STYLE('',#10117,POSITIVE_LENGTH_MEASURE(0.1),#8335);
#10117 = DRAUGHTING_PRE_DEFINED_CURVE_FONT('continuous');
#10118 = STYLED_ITEM('color',(#10119),#7374);
#10119 = PRESENTATION_STYLE_ASSIGNMENT((#10120,#10125));
#10120 = SURFACE_STYLE_USAGE(.BOTH.,#10121);
#10121 = SURFACE_SIDE_STYLE('',(#10122));
#10122 = SURFACE_STYLE_FILL_AREA(#10123);
#10123 = FILL_AREA_STYLE('',(#10124));
#10124 = FILL_AREA_STYLE_COLOUR('',#8335);
#10125 = CURVE_STYLE('',#10126,POSITIVE_LENGTH_MEASURE(0.1),#8335);
#10126 = DRAUGHTING_PRE_DEFINED_CURVE_FONT('continuous');
#10127 = STYLED_ITEM('color',(#10128),#7390);
#10128 = PRESENTATION_STYLE_ASSIGNMENT((#10129,#10134));
#10129 = SURFACE_STYLE_USAGE(.BOTH.,#10130);
#10130 = SURFACE_SIDE_STYLE('',(#10131));
#10131 = SURFACE_STYLE_FILL_AREA(#10132);
#10132 = FILL_AREA_STYLE('',(#10133));
#10133 = FILL_AREA_STYLE_COLOUR('',#8462);
#10134 = CURVE_STYLE('',#10135,POSITIVE_LENGTH_MEASURE(0.1),#8462);
#10135 = DRAUGHTING_PRE_DEFINED_CURVE_FONT('continuous');
#10136 = STYLED_ITEM('color',(#10137),#7409);
#10137 = PRESENTATION_STYLE_ASSIGNMENT((#10138,#10143));
#10138 = SURFACE_STYLE_USAGE(.BOTH.,#10139);
#10139 = SURFACE_SIDE_STYLE('',(#10140));
#10140 = SURFACE_STYLE_FILL_AREA(#10141);
#10141 = FILL_AREA_STYLE('',(#10142));
#10142 = FILL_AREA_STYLE_COLOUR('',#8462);
#10143 = CURVE_STYLE('',#10144,POSITIVE_LENGTH_MEASURE(0.1),#8462);
#10144 = DRAUGHTING_PRE_DEFINED_CURVE_FONT('continuous');
#10145 = STYLED_ITEM('color',(#10146),#7428);
#10146 = PRESENTATION_STYLE_ASSIGNMENT((#10147,#10152));
#10147 = SURFACE_STYLE_USAGE(.BOTH.,#10148);
#10148 = SURFACE_SIDE_STYLE('',(#10149));
#10149 = SURFACE_STYLE_FILL_AREA(#10150);
#10150 = FILL_AREA_STYLE('',(#10151));
#10151 = FILL_AREA_STYLE_COLOUR('',#8335);
#10152 = CURVE_STYLE('',#10153,POSITIVE_LENGTH_MEASURE(0.1),#8335);
#10153 = DRAUGHTING_PRE_DEFINED_CURVE_FONT('continuous');
#10154 = STYLED_ITEM('color',(#10155),#7444);
#10155 = PRESENTATION_STYLE_ASSIGNMENT((#10156,#10161));
#10156 = SURFACE_STYLE_USAGE(.BOTH.,#10157);
#10157 = SURFACE_SIDE_STYLE('',(#10158));
#10158 = SURFACE_STYLE_FILL_AREA(#10159);
#10159 = FILL_AREA_STYLE('',(#10160));
#10160 = FILL_AREA_STYLE_COLOUR('',#8462);
#10161 = CURVE_STYLE('',#10162,POSITIVE_LENGTH_MEASURE(0.1),#8462);
#10162 = DRAUGHTING_PRE_DEFINED_CURVE_FONT('continuous');
#10163 = STYLED_ITEM('color',(#10164),#7461);
#10164 = PRESENTATION_STYLE_ASSIGNMENT((#10165,#10170));
#10165 = SURFACE_STYLE_USAGE(.BOTH.,#10166);
#10166 = SURFACE_SIDE_STYLE('',(#10167));
#10167 = SURFACE_STYLE_FILL_AREA(#10168);
#10168 = FILL_AREA_STYLE('',(#10169));
#10169 = FILL_AREA_STYLE_COLOUR('',#8335);
#10170 = CURVE_STYLE('',#10171,POSITIVE_LENGTH_MEASURE(0.1),#8335);
#10171 = DRAUGHTING_PRE_DEFINED_CURVE_FONT('continuous');
#10172 = STYLED_ITEM('color',(#10173),#7473);
#10173 = PRESENTATION_STYLE_ASSIGNMENT((#10174,#10179));
#10174 = SURFACE_STYLE_USAGE(.BOTH.,#10175);
#10175 = SURFACE_SIDE_STYLE('',(#10176));
#10176 = SURFACE_STYLE_FILL_AREA(#10177);
#10177 = FILL_AREA_STYLE('',(#10178));
#10178 = FILL_AREA_STYLE_COLOUR('',#8462);
#10179 = CURVE_STYLE('',#10180,POSITIVE_LENGTH_MEASURE(0.1),#8462);
#10180 = DRAUGHTING_PRE_DEFINED_CURVE_FONT('continuous');
#10181 = STYLED_ITEM('color',(#10182),#7490);
#10182 = PRESENTATION_STYLE_ASSIGNMENT((#10183,#10188));
#10183 = SURFACE_STYLE_USAGE(.BOTH.,#10184);
#10184 = SURFACE_SIDE_STYLE('',(#10185));
#10185 = SURFACE_STYLE_FILL_AREA(#10186);
#10186 = FILL_AREA_STYLE('',(#10187));
#10187 = FILL_AREA_STYLE_COLOUR('',#8462);
#10188 = CURVE_STYLE('',#10189,POSITIVE_LENGTH_MEASURE(0.1),#8462);
#10189 = DRAUGHTING_PRE_DEFINED_CURVE_FONT('continuous');
#10190 = STYLED_ITEM('color',(#10191),#7507);
#10191 = PRESENTATION_STYLE_ASSIGNMENT((#10192,#10197));
#10192 = SURFACE_STYLE_USAGE(.BOTH.,#10193);
#10193 = SURFACE_SIDE_STYLE('',(#10194));
#10194 = SURFACE_STYLE_FILL_AREA(#10195);
#10195 = FILL_AREA_STYLE('',(#10196));
#10196 = FILL_AREA_STYLE_COLOUR('',#8462);
#10197 = CURVE_STYLE('',#10198,POSITIVE_LENGTH_MEASURE(0.1),#8462);
#10198 = DRAUGHTING_PRE_DEFINED_CURVE_FONT('continuous');
#10199 = STYLED_ITEM('color',(#10200),#7524);
#10200 = PRESENTATION_STYLE_ASSIGNMENT((#10201,#10206));
#10201 = SURFACE_STYLE_USAGE(.BOTH.,#10202);
#10202 = SURFACE_SIDE_STYLE('',(#10203));
#10203 = SURFACE_STYLE_FILL_AREA(#10204);
#10204 = FILL_AREA_STYLE('',(#10205));
#10205 = FILL_AREA_STYLE_COLOUR('',#8462);
#10206 = CURVE_STYLE('',#10207,POSITIVE_LENGTH_MEASURE(0.1),#8462);
#10207 = DRAUGHTING_PRE_DEFINED_CURVE_FONT('continuous');
#10208 = STYLED_ITEM('color',(#10209),#7541);
#10209 = PRESENTATION_STYLE_ASSIGNMENT((#10210,#10215));
#10210 = SURFACE_STYLE_USAGE(.BOTH.,#10211);
#10211 = SURFACE_SIDE_STYLE('',(#10212));
#10212 = SURFACE_STYLE_FILL_AREA(#10213);
#10213 = FILL_AREA_STYLE('',(#10214));
#10214 = FILL_AREA_STYLE_COLOUR('',#8462);
#10215 = CURVE_STYLE('',#10216,POSITIVE_LENGTH_MEASURE(0.1),#8462);
#10216 = DRAUGHTING_PRE_DEFINED_CURVE_FONT('continuous');
#10217 = STYLED_ITEM('color',(#10218),#7558);
#10218 = PRESENTATION_STYLE_ASSIGNMENT((#10219,#10224));
#10219 = SURFACE_STYLE_USAGE(.BOTH.,#10220);
#10220 = SURFACE_SIDE_STYLE('',(#10221));
#10221 = SURFACE_STYLE_FILL_AREA(#10222);
#10222 = FILL_AREA_STYLE('',(#10223));
#10223 = FILL_AREA_STYLE_COLOUR('',#8462);
#10224 = CURVE_STYLE('',#10225,POSITIVE_LENGTH_MEASURE(0.1),#8462);
#10225 = DRAUGHTING_PRE_DEFINED_CURVE_FONT('continuous');
#10226 = STYLED_ITEM('color',(#10227),#7575);
#10227 = PRESENTATION_STYLE_ASSIGNMENT((#10228,#10233));
#10228 = SURFACE_STYLE_USAGE(.BOTH.,#10229);
#10229 = SURFACE_SIDE_STYLE('',(#10230));
#10230 = SURFACE_STYLE_FILL_AREA(#10231);
#10231 = FILL_AREA_STYLE('',(#10232));
#10232 = FILL_AREA_STYLE_COLOUR('',#8462);
#10233 = CURVE_STYLE('',#10234,POSITIVE_LENGTH_MEASURE(0.1),#8462);
#10234 = DRAUGHTING_PRE_DEFINED_CURVE_FONT('continuous');
#10235 = STYLED_ITEM('color',(#10236),#7592);
#10236 = PRESENTATION_STYLE_ASSIGNMENT((#10237,#10242));
#10237 = SURFACE_STYLE_USAGE(.BOTH.,#10238);
#10238 = SURFACE_SIDE_STYLE('',(#10239));
#10239 = SURFACE_STYLE_FILL_AREA(#10240);
#10240 = FILL_AREA_STYLE('',(#10241));
#10241 = FILL_AREA_STYLE_COLOUR('',#8462);
#10242 = CURVE_STYLE('',#10243,POSITIVE_LENGTH_MEASURE(0.1),#8462);
#10243 = DRAUGHTING_PRE_DEFINED_CURVE_FONT('continuous');
#10244 = STYLED_ITEM('color',(#10245),#7604);
#10245 = PRESENTATION_STYLE_ASSIGNMENT((#10246,#10251));
#10246 = SURFACE_STYLE_USAGE(.BOTH.,#10247);
#10247 = SURFACE_SIDE_STYLE('',(#10248));
#10248 = SURFACE_STYLE_FILL_AREA(#10249);
#10249 = FILL_AREA_STYLE('',(#10250));
#10250 = FILL_AREA_STYLE_COLOUR('',#8462);
#10251 = CURVE_STYLE('',#10252,POSITIVE_LENGTH_MEASURE(0.1),#8462);
#10252 = DRAUGHTING_PRE_DEFINED_CURVE_FONT('continuous');
#10253 = STYLED_ITEM('color',(#10254),#7621);
#10254 = PRESENTATION_STYLE_ASSIGNMENT((#10255,#10260));
#10255 = SURFACE_STYLE_USAGE(.BOTH.,#10256);
#10256 = SURFACE_SIDE_STYLE('',(#10257));
#10257 = SURFACE_STYLE_FILL_AREA(#10258);
#10258 = FILL_AREA_STYLE('',(#10259));
#10259 = FILL_AREA_STYLE_COLOUR('',#8462);
#10260 = CURVE_STYLE('',#10261,POSITIVE_LENGTH_MEASURE(0.1),#8462);
#10261 = DRAUGHTING_PRE_DEFINED_CURVE_FONT('continuous');
#10262 = STYLED_ITEM('color',(#10263),#7638);
#10263 = PRESENTATION_STYLE_ASSIGNMENT((#10264,#10269));
#10264 = SURFACE_STYLE_USAGE(.BOTH.,#10265);
#10265 = SURFACE_SIDE_STYLE('',(#10266));
#10266 = SURFACE_STYLE_FILL_AREA(#10267);
#10267 = FILL_AREA_STYLE('',(#10268));
#10268 = FILL_AREA_STYLE_COLOUR('',#8462);
#10269 = CURVE_STYLE('',#10270,POSITIVE_LENGTH_MEASURE(0.1),#8462);
#10270 = DRAUGHTING_PRE_DEFINED_CURVE_FONT('continuous');
#10271 = STYLED_ITEM('color',(#10272),#7655);
#10272 = PRESENTATION_STYLE_ASSIGNMENT((#10273,#10278));
#10273 = SURFACE_STYLE_USAGE(.BOTH.,#10274);
#10274 = SURFACE_SIDE_STYLE('',(#10275));
#10275 = SURFACE_STYLE_FILL_AREA(#10276);
#10276 = FILL_AREA_STYLE('',(#10277));
#10277 = FILL_AREA_STYLE_COLOUR('',#8462);
#10278 = CURVE_STYLE('',#10279,POSITIVE_LENGTH_MEASURE(0.1),#8462);
#10279 = DRAUGHTING_PRE_DEFINED_CURVE_FONT('continuous');
#10280 = STYLED_ITEM('color',(#10281),#7672);
#10281 = PRESENTATION_STYLE_ASSIGNMENT((#10282,#10287));
#10282 = SURFACE_STYLE_USAGE(.BOTH.,#10283);
#10283 = SURFACE_SIDE_STYLE('',(#10284));
#10284 = SURFACE_STYLE_FILL_AREA(#10285);
#10285 = FILL_AREA_STYLE('',(#10286));
#10286 = FILL_AREA_STYLE_COLOUR('',#8462);
#10287 = CURVE_STYLE('',#10288,POSITIVE_LENGTH_MEASURE(0.1),#8462);
#10288 = DRAUGHTING_PRE_DEFINED_CURVE_FONT('continuous');
#10289 = STYLED_ITEM('color',(#10290),#7689);
#10290 = PRESENTATION_STYLE_ASSIGNMENT((#10291,#10296));
#10291 = SURFACE_STYLE_USAGE(.BOTH.,#10292);
#10292 = SURFACE_SIDE_STYLE('',(#10293));
#10293 = SURFACE_STYLE_FILL_AREA(#10294);
#10294 = FILL_AREA_STYLE('',(#10295));
#10295 = FILL_AREA_STYLE_COLOUR('',#8462);
#10296 = CURVE_STYLE('',#10297,POSITIVE_LENGTH_MEASURE(0.1),#8462);
#10297 = DRAUGHTING_PRE_DEFINED_CURVE_FONT('continuous');
#10298 = STYLED_ITEM('color',(#10299),#7706);
#10299 = PRESENTATION_STYLE_ASSIGNMENT((#10300,#10305));
#10300 = SURFACE_STYLE_USAGE(.BOTH.,#10301);
#10301 = SURFACE_SIDE_STYLE('',(#10302));
#10302 = SURFACE_STYLE_FILL_AREA(#10303);
#10303 = FILL_AREA_STYLE('',(#10304));
#10304 = FILL_AREA_STYLE_COLOUR('',#8462);
#10305 = CURVE_STYLE('',#10306,POSITIVE_LENGTH_MEASURE(0.1),#8462);
#10306 = DRAUGHTING_PRE_DEFINED_CURVE_FONT('continuous');
#10307 = STYLED_ITEM('color',(#10308),#7723);
#10308 = PRESENTATION_STYLE_ASSIGNMENT((#10309,#10314));
#10309 = SURFACE_STYLE_USAGE(.BOTH.,#10310);
#10310 = SURFACE_SIDE_STYLE('',(#10311));
#10311 = SURFACE_STYLE_FILL_AREA(#10312);
#10312 = FILL_AREA_STYLE('',(#10313));
#10313 = FILL_AREA_STYLE_COLOUR('',#8462);
#10314 = CURVE_STYLE('',#10315,POSITIVE_LENGTH_MEASURE(0.1),#8462);
#10315 = DRAUGHTING_PRE_DEFINED_CURVE_FONT('continuous');
#10316 = STYLED_ITEM('color',(#10317),#7735);
#10317 = PRESENTATION_STYLE_ASSIGNMENT((#10318,#10323));
#10318 = SURFACE_STYLE_USAGE(.BOTH.,#10319);
#10319 = SURFACE_SIDE_STYLE('',(#10320));
#10320 = SURFACE_STYLE_FILL_AREA(#10321);
#10321 = FILL_AREA_STYLE('',(#10322));
#10322 = FILL_AREA_STYLE_COLOUR('',#8462);
#10323 = CURVE_STYLE('',#10324,POSITIVE_LENGTH_MEASURE(0.1),#8462);
#10324 = DRAUGHTING_PRE_DEFINED_CURVE_FONT('continuous');
#10325 = STYLED_ITEM('color',(#10326),#7752);
#10326 = PRESENTATION_STYLE_ASSIGNMENT((#10327,#10332));
#10327 = SURFACE_STYLE_USAGE(.BOTH.,#10328);
#10328 = SURFACE_SIDE_STYLE('',(#10329));
#10329 = SURFACE_STYLE_FILL_AREA(#10330);
#10330 = FILL_AREA_STYLE('',(#10331));
#10331 = FILL_AREA_STYLE_COLOUR('',#8462);
#10332 = CURVE_STYLE('',#10333,POSITIVE_LENGTH_MEASURE(0.1),#8462);
#10333 = DRAUGHTING_PRE_DEFINED_CURVE_FONT('continuous');
#10334 = STYLED_ITEM('color',(#10335),#7769);
#10335 = PRESENTATION_STYLE_ASSIGNMENT((#10336,#10341));
#10336 = SURFACE_STYLE_USAGE(.BOTH.,#10337);
#10337 = SURFACE_SIDE_STYLE('',(#10338));
#10338 = SURFACE_STYLE_FILL_AREA(#10339);
#10339 = FILL_AREA_STYLE('',(#10340));
#10340 = FILL_AREA_STYLE_COLOUR('',#8462);
#10341 = CURVE_STYLE('',#10342,POSITIVE_LENGTH_MEASURE(0.1),#8462);
#10342 = DRAUGHTING_PRE_DEFINED_CURVE_FONT('continuous');
#10343 = STYLED_ITEM('color',(#10344),#7786);
#10344 = PRESENTATION_STYLE_ASSIGNMENT((#10345,#10350));
#10345 = SURFACE_STYLE_USAGE(.BOTH.,#10346);
#10346 = SURFACE_SIDE_STYLE('',(#10347));
#10347 = SURFACE_STYLE_FILL_AREA(#10348);
#10348 = FILL_AREA_STYLE('',(#10349));
#10349 = FILL_AREA_STYLE_COLOUR('',#8462);
#10350 = CURVE_STYLE('',#10351,POSITIVE_LENGTH_MEASURE(0.1),#8462);
#10351 = DRAUGHTING_PRE_DEFINED_CURVE_FONT('continuous');
#10352 = STYLED_ITEM('color',(#10353),#7803);
#10353 = PRESENTATION_STYLE_ASSIGNMENT((#10354,#10359));
#10354 = SURFACE_STYLE_USAGE(.BOTH.,#10355);
#10355 = SURFACE_SIDE_STYLE('',(#10356));
#10356 = SURFACE_STYLE_FILL_AREA(#10357);
#10357 = FILL_AREA_STYLE('',(#10358));
#10358 = FILL_AREA_STYLE_COLOUR('',#8462);
#10359 = CURVE_STYLE('',#10360,POSITIVE_LENGTH_MEASURE(0.1),#8462);
#10360 = DRAUGHTING_PRE_DEFINED_CURVE_FONT('continuous');
#10361 = STYLED_ITEM('color',(#10362),#7820);
#10362 = PRESENTATION_STYLE_ASSIGNMENT((#10363,#10368));
#10363 = SURFACE_STYLE_USAGE(.BOTH.,#10364);
#10364 = SURFACE_SIDE_STYLE('',(#10365));
#10365 = SURFACE_STYLE_FILL_AREA(#10366);
#10366 = FILL_AREA_STYLE('',(#10367));
#10367 = FILL_AREA_STYLE_COLOUR('',#8462);
#10368 = CURVE_STYLE('',#10369,POSITIVE_LENGTH_MEASURE(0.1),#8462);
#10369 = DRAUGHTING_PRE_DEFINED_CURVE_FONT('continuous');
#10370 = STYLED_ITEM('color',(#10371),#7837);
#10371 = PRESENTATION_STYLE_ASSIGNMENT((#10372,#10377));
#10372 = SURFACE_STYLE_USAGE(.BOTH.,#10373);
#10373 = SURFACE_SIDE_STYLE('',(#10374));
#10374 = SURFACE_STYLE_FILL_AREA(#10375);
#10375 = FILL_AREA_STYLE('',(#10376));
#10376 = FILL_AREA_STYLE_COLOUR('',#8462);
#10377 = CURVE_STYLE('',#10378,POSITIVE_LENGTH_MEASURE(0.1),#8462);
#10378 = DRAUGHTING_PRE_DEFINED_CURVE_FONT('continuous');
#10379 = STYLED_ITEM('color',(#10380),#7849);
#10380 = PRESENTATION_STYLE_ASSIGNMENT((#10381,#10386));
#10381 = SURFACE_STYLE_USAGE(.BOTH.,#10382);
#10382 = SURFACE_SIDE_STYLE('',(#10383));
#10383 = SURFACE_STYLE_FILL_AREA(#10384);
#10384 = FILL_AREA_STYLE('',(#10385));
#10385 = FILL_AREA_STYLE_COLOUR('',#8462);
#10386 = CURVE_STYLE('',#10387,POSITIVE_LENGTH_MEASURE(0.1),#8462);
#10387 = DRAUGHTING_PRE_DEFINED_CURVE_FONT('continuous');
#10388 = STYLED_ITEM('color',(#10389),#7866);
#10389 = PRESENTATION_STYLE_ASSIGNMENT((#10390,#10395));
#10390 = SURFACE_STYLE_USAGE(.BOTH.,#10391);
#10391 = SURFACE_SIDE_STYLE('',(#10392));
#10392 = SURFACE_STYLE_FILL_AREA(#10393);
#10393 = FILL_AREA_STYLE('',(#10394));
#10394 = FILL_AREA_STYLE_COLOUR('',#8462);
#10395 = CURVE_STYLE('',#10396,POSITIVE_LENGTH_MEASURE(0.1),#8462);
#10396 = DRAUGHTING_PRE_DEFINED_CURVE_FONT('continuous');
#10397 = STYLED_ITEM('color',(#10398),#7883);
#10398 = PRESENTATION_STYLE_ASSIGNMENT((#10399,#10404));
#10399 = SURFACE_STYLE_USAGE(.BOTH.,#10400);
#10400 = SURFACE_SIDE_STYLE('',(#10401));
#10401 = SURFACE_STYLE_FILL_AREA(#10402);
#10402 = FILL_AREA_STYLE('',(#10403));
#10403 = FILL_AREA_STYLE_COLOUR('',#8462);
#10404 = CURVE_STYLE('',#10405,POSITIVE_LENGTH_MEASURE(0.1),#8462);
#10405 = DRAUGHTING_PRE_DEFINED_CURVE_FONT('continuous');
#10406 = STYLED_ITEM('color',(#10407),#7900);
#10407 = PRESENTATION_STYLE_ASSIGNMENT((#10408,#10413));
#10408 = SURFACE_STYLE_USAGE(.BOTH.,#10409);
#10409 = SURFACE_SIDE_STYLE('',(#10410));
#10410 = SURFACE_STYLE_FILL_AREA(#10411);
#10411 = FILL_AREA_STYLE('',(#10412));
#10412 = FILL_AREA_STYLE_COLOUR('',#8462);
#10413 = CURVE_STYLE('',#10414,POSITIVE_LENGTH_MEASURE(0.1),#8462);
#10414 = DRAUGHTING_PRE_DEFINED_CURVE_FONT('continuous');
#10415 = STYLED_ITEM('color',(#10416),#7917);
#10416 = PRESENTATION_STYLE_ASSIGNMENT((#10417,#10422));
#10417 = SURFACE_STYLE_USAGE(.BOTH.,#10418);
#10418 = SURFACE_SIDE_STYLE('',(#10419));
#10419 = SURFACE_STYLE_FILL_AREA(#10420);
#10420 = FILL_AREA_STYLE('',(#10421));
#10421 = FILL_AREA_STYLE_COLOUR('',#8462);
#10422 = CURVE_STYLE('',#10423,POSITIVE_LENGTH_MEASURE(0.1),#8462);
#10423 = DRAUGHTING_PRE_DEFINED_CURVE_FONT('continuous');
#10424 = STYLED_ITEM('color',(#10425),#7934);
#10425 = PRESENTATION_STYLE_ASSIGNMENT((#10426,#10431));
#10426 = SURFACE_STYLE_USAGE(.BOTH.,#10427);
#10427 = SURFACE_SIDE_STYLE('',(#10428));
#10428 = SURFACE_STYLE_FILL_AREA(#10429);
#10429 = FILL_AREA_STYLE('',(#10430));
#10430 = FILL_AREA_STYLE_COLOUR('',#8462);
#10431 = CURVE_STYLE('',#10432,POSITIVE_LENGTH_MEASURE(0.1),#8462);
#10432 = DRAUGHTING_PRE_DEFINED_CURVE_FONT('continuous');
#10433 = STYLED_ITEM('color',(#10434),#7951);
#10434 = PRESENTATION_STYLE_ASSIGNMENT((#10435,#10440));
#10435 = SURFACE_STYLE_USAGE(.BOTH.,#10436);
#10436 = SURFACE_SIDE_STYLE('',(#10437));
#10437 = SURFACE_STYLE_FILL_AREA(#10438);
#10438 = FILL_AREA_STYLE('',(#10439));
#10439 = FILL_AREA_STYLE_COLOUR('',#8462);
#10440 = CURVE_STYLE('',#10441,POSITIVE_LENGTH_MEASURE(0.1),#8462);
#10441 = DRAUGHTING_PRE_DEFINED_CURVE_FONT('continuous');
#10442 = STYLED_ITEM('color',(#10443),#7963);
#10443 = PRESENTATION_STYLE_ASSIGNMENT((#10444,#10449));
#10444 = SURFACE_STYLE_USAGE(.BOTH.,#10445);
#10445 = SURFACE_SIDE_STYLE('',(#10446));
#10446 = SURFACE_STYLE_FILL_AREA(#10447);
#10447 = FILL_AREA_STYLE('',(#10448));
#10448 = FILL_AREA_STYLE_COLOUR('',#8462);
#10449 = CURVE_STYLE('',#10450,POSITIVE_LENGTH_MEASURE(0.1),#8462);
#10450 = DRAUGHTING_PRE_DEFINED_CURVE_FONT('continuous');
#10451 = STYLED_ITEM('color',(#10452),#7980);
#10452 = PRESENTATION_STYLE_ASSIGNMENT((#10453,#10458));
#10453 = SURFACE_STYLE_USAGE(.BOTH.,#10454);
#10454 = SURFACE_SIDE_STYLE('',(#10455));
#10455 = SURFACE_STYLE_FILL_AREA(#10456);
#10456 = FILL_AREA_STYLE('',(#10457));
#10457 = FILL_AREA_STYLE_COLOUR('',#8462);
#10458 = CURVE_STYLE('',#10459,POSITIVE_LENGTH_MEASURE(0.1),#8462);
#10459 = DRAUGHTING_PRE_DEFINED_CURVE_FONT('continuous');
#10460 = STYLED_ITEM('color',(#10461),#7997);
#10461 = PRESENTATION_STYLE_ASSIGNMENT((#10462,#10467));
#10462 = SURFACE_STYLE_USAGE(.BOTH.,#10463);
#10463 = SURFACE_SIDE_STYLE('',(#10464));
#10464 = SURFACE_STYLE_FILL_AREA(#10465);
#10465 = FILL_AREA_STYLE('',(#10466));
#10466 = FILL_AREA_STYLE_COLOUR('',#8462);
#10467 = CURVE_STYLE('',#10468,POSITIVE_LENGTH_MEASURE(0.1),#8462);
#10468 = DRAUGHTING_PRE_DEFINED_CURVE_FONT('continuous');
#10469 = STYLED_ITEM('color',(#10470),#8014);
#10470 = PRESENTATION_STYLE_ASSIGNMENT((#10471,#10476));
#10471 = SURFACE_STYLE_USAGE(.BOTH.,#10472);
#10472 = SURFACE_SIDE_STYLE('',(#10473));
#10473 = SURFACE_STYLE_FILL_AREA(#10474);
#10474 = FILL_AREA_STYLE('',(#10475));
#10475 = FILL_AREA_STYLE_COLOUR('',#8462);
#10476 = CURVE_STYLE('',#10477,POSITIVE_LENGTH_MEASURE(0.1),#8462);
#10477 = DRAUGHTING_PRE_DEFINED_CURVE_FONT('continuous');
#10478 = STYLED_ITEM('color',(#10479),#8031);
#10479 = PRESENTATION_STYLE_ASSIGNMENT((#10480,#10485));
#10480 = SURFACE_STYLE_USAGE(.BOTH.,#10481);
#10481 = SURFACE_SIDE_STYLE('',(#10482));
#10482 = SURFACE_STYLE_FILL_AREA(#10483);
#10483 = FILL_AREA_STYLE('',(#10484));
#10484 = FILL_AREA_STYLE_COLOUR('',#8462);
#10485 = CURVE_STYLE('',#10486,POSITIVE_LENGTH_MEASURE(0.1),#8462);
#10486 = DRAUGHTING_PRE_DEFINED_CURVE_FONT('continuous');
#10487 = STYLED_ITEM('color',(#10488),#8048);
#10488 = PRESENTATION_STYLE_ASSIGNMENT((#10489,#10494));
#10489 = SURFACE_STYLE_USAGE(.BOTH.,#10490);
#10490 = SURFACE_SIDE_STYLE('',(#10491));
#10491 = SURFACE_STYLE_FILL_AREA(#10492);
#10492 = FILL_AREA_STYLE('',(#10493));
#10493 = FILL_AREA_STYLE_COLOUR('',#8462);
#10494 = CURVE_STYLE('',#10495,POSITIVE_LENGTH_MEASURE(0.1),#8462);
#10495 = DRAUGHTING_PRE_DEFINED_CURVE_FONT('continuous');
#10496 = STYLED_ITEM('color',(#10497),#8065);
#10497 = PRESENTATION_STYLE_ASSIGNMENT((#10498,#10503));
#10498 = SURFACE_STYLE_USAGE(.BOTH.,#10499);
#10499 = SURFACE_SIDE_STYLE('',(#10500));
#10500 = SURFACE_STYLE_FILL_AREA(#10501);
#10501 = FILL_AREA_STYLE('',(#10502));
#10502 = FILL_AREA_STYLE_COLOUR('',#8462);
#10503 = CURVE_STYLE('',#10504,POSITIVE_LENGTH_MEASURE(0.1),#8462);
#10504 = DRAUGHTING_PRE_DEFINED_CURVE_FONT('continuous');
#10505 = STYLED_ITEM('color',(#10506),#8082);
#10506 = PRESENTATION_STYLE_ASSIGNMENT((#10507,#10512));
#10507 = SURFACE_STYLE_USAGE(.BOTH.,#10508);
#10508 = SURFACE_SIDE_STYLE('',(#10509));
#10509 = SURFACE_STYLE_FILL_AREA(#10510);
#10510 = FILL_AREA_STYLE('',(#10511));
#10511 = FILL_AREA_STYLE_COLOUR('',#8462);
#10512 = CURVE_STYLE('',#10513,POSITIVE_LENGTH_MEASURE(0.1),#8462);
#10513 = DRAUGHTING_PRE_DEFINED_CURVE_FONT('continuous');
#10514 = STYLED_ITEM('color',(#10515),#8094);
#10515 = PRESENTATION_STYLE_ASSIGNMENT((#10516,#10521));
#10516 = SURFACE_STYLE_USAGE(.BOTH.,#10517);
#10517 = SURFACE_SIDE_STYLE('',(#10518));
#10518 = SURFACE_STYLE_FILL_AREA(#10519);
#10519 = FILL_AREA_STYLE('',(#10520));
#10520 = FILL_AREA_STYLE_COLOUR('',#8462);
#10521 = CURVE_STYLE('',#10522,POSITIVE_LENGTH_MEASURE(0.1),#8462);
#10522 = DRAUGHTING_PRE_DEFINED_CURVE_FONT('continuous');
#10523 = STYLED_ITEM('color',(#10524),#8111);
#10524 = PRESENTATION_STYLE_ASSIGNMENT((#10525,#10530));
#10525 = SURFACE_STYLE_USAGE(.BOTH.,#10526);
#10526 = SURFACE_SIDE_STYLE('',(#10527));
#10527 = SURFACE_STYLE_FILL_AREA(#10528);
#10528 = FILL_AREA_STYLE('',(#10529));
#10529 = FILL_AREA_STYLE_COLOUR('',#8462);
#10530 = CURVE_STYLE('',#10531,POSITIVE_LENGTH_MEASURE(0.1),#8462);
#10531 = DRAUGHTING_PRE_DEFINED_CURVE_FONT('continuous');
#10532 = STYLED_ITEM('color',(#10533),#8128);
#10533 = PRESENTATION_STYLE_ASSIGNMENT((#10534,#10539));
#10534 = SURFACE_STYLE_USAGE(.BOTH.,#10535);
#10535 = SURFACE_SIDE_STYLE('',(#10536));
#10536 = SURFACE_STYLE_FILL_AREA(#10537);
#10537 = FILL_AREA_STYLE('',(#10538));
#10538 = FILL_AREA_STYLE_COLOUR('',#8462);
#10539 = CURVE_STYLE('',#10540,POSITIVE_LENGTH_MEASURE(0.1),#8462);
#10540 = DRAUGHTING_PRE_DEFINED_CURVE_FONT('continuous');
#10541 = STYLED_ITEM('color',(#10542),#8145);
#10542 = PRESENTATION_STYLE_ASSIGNMENT((#10543,#10548));
#10543 = SURFACE_STYLE_USAGE(.BOTH.,#10544);
#10544 = SURFACE_SIDE_STYLE('',(#10545));
#10545 = SURFACE_STYLE_FILL_AREA(#10546);
#10546 = FILL_AREA_STYLE('',(#10547));
#10547 = FILL_AREA_STYLE_COLOUR('',#8462);
#10548 = CURVE_STYLE('',#10549,POSITIVE_LENGTH_MEASURE(0.1),#8462);
#10549 = DRAUGHTING_PRE_DEFINED_CURVE_FONT('continuous');
#10550 = STYLED_ITEM('color',(#10551),#8162);
#10551 = PRESENTATION_STYLE_ASSIGNMENT((#10552,#10557));
#10552 = SURFACE_STYLE_USAGE(.BOTH.,#10553);
#10553 = SURFACE_SIDE_STYLE('',(#10554));
#10554 = SURFACE_STYLE_FILL_AREA(#10555);
#10555 = FILL_AREA_STYLE('',(#10556));
#10556 = FILL_AREA_STYLE_COLOUR('',#8462);
#10557 = CURVE_STYLE('',#10558,POSITIVE_LENGTH_MEASURE(0.1),#8462);
#10558 = DRAUGHTING_PRE_DEFINED_CURVE_FONT('continuous');
#10559 = STYLED_ITEM('color',(#10560),#8179);
#10560 = PRESENTATION_STYLE_ASSIGNMENT((#10561,#10566));
#10561 = SURFACE_STYLE_USAGE(.BOTH.,#10562);
#10562 = SURFACE_SIDE_STYLE('',(#10563));
#10563 = SURFACE_STYLE_FILL_AREA(#10564);
#10564 = FILL_AREA_STYLE('',(#10565));
#10565 = FILL_AREA_STYLE_COLOUR('',#8462);
#10566 = CURVE_STYLE('',#10567,POSITIVE_LENGTH_MEASURE(0.1),#8462);
#10567 = DRAUGHTING_PRE_DEFINED_CURVE_FONT('continuous');
#10568 = STYLED_ITEM('color',(#10569),#8196);
#10569 = PRESENTATION_STYLE_ASSIGNMENT((#10570,#10575));
#10570 = SURFACE_STYLE_USAGE(.BOTH.,#10571);
#10571 = SURFACE_SIDE_STYLE('',(#10572));
#10572 = SURFACE_STYLE_FILL_AREA(#10573);
#10573 = FILL_AREA_STYLE('',(#10574));
#10574 = FILL_AREA_STYLE_COLOUR('',#8462);
#10575 = CURVE_STYLE('',#10576,POSITIVE_LENGTH_MEASURE(0.1),#8462);
#10576 = DRAUGHTING_PRE_DEFINED_CURVE_FONT('continuous');
#10577 = STYLED_ITEM('color',(#10578),#8213);
#10578 = PRESENTATION_STYLE_ASSIGNMENT((#10579,#10584));
#10579 = SURFACE_STYLE_USAGE(.BOTH.,#10580);
#10580 = SURFACE_SIDE_STYLE('',(#10581));
#10581 = SURFACE_STYLE_FILL_AREA(#10582);
#10582 = FILL_AREA_STYLE('',(#10583));
#10583 = FILL_AREA_STYLE_COLOUR('',#8462);
#10584 = CURVE_STYLE('',#10585,POSITIVE_LENGTH_MEASURE(0.1),#8462);
#10585 = DRAUGHTING_PRE_DEFINED_CURVE_FONT('continuous');
#10586 = STYLED_ITEM('color',(#10587),#8225);
#10587 = PRESENTATION_STYLE_ASSIGNMENT((#10588,#10593));
#10588 = SURFACE_STYLE_USAGE(.BOTH.,#10589);
#10589 = SURFACE_SIDE_STYLE('',(#10590));
#10590 = SURFACE_STYLE_FILL_AREA(#10591);
#10591 = FILL_AREA_STYLE('',(#10592));
#10592 = FILL_AREA_STYLE_COLOUR('',#8949);
#10593 = CURVE_STYLE('',#10594,POSITIVE_LENGTH_MEASURE(0.1),#8949);
#10594 = DRAUGHTING_PRE_DEFINED_CURVE_FONT('continuous');
ENDSEC;
END-ISO-10303-21;
